#
# There is insufficient memory for the Java Runtime Environment to continue.
# Native memory allocation (mmap) failed to map 65536 bytes. Error detail: Failed to commit metaspace.
# Possible reasons:
#   The system is out of physical RAM or swap space
#   This process is running with CompressedOops enabled, and the Java Heap may be blocking the growth of the native heap
# Possible solutions:
#   Reduce memory load on the system
#   Increase physical memory or swap space
#   Check if swap backing store is full
#   Decrease Java heap size (-Xmx/-Xms)
#   Decrease number of Java threads
#   Decrease Java thread stack sizes (-Xss)
#   Set larger code cache with -XX:ReservedCodeCacheSize=
#   JVM is running with Unscaled Compressed Oops mode in which the Java heap is
#     placed in the first 4GB address space. The Java Heap base address is the
#     maximum limit for the native heap growth. Please use -XX:HeapBaseMinAddress
#     to set the Java Heap base and to place the Java Heap above 4GB virtual address.
# This output file may be truncated or incomplete.
#
#  Out of Memory Error (virtualSpaceNode.cpp:113), pid=11456, tid=16164
#
# JRE version: OpenJDK Runtime Environment Temurin-21.0.10+7 (21.0.10+7) (build 21.0.10+7-LTS)
# Java VM: OpenJDK 64-Bit Server VM Temurin-21.0.10+7 (21.0.10+7-LTS, mixed mode, sharing, tiered, compressed oops, compressed class ptrs, g1 gc, windows-amd64)
# No core dump will be written. Minidumps are not enabled by default on client versions of Windows
#

---------------  S U M M A R Y ------------

Command Line: --add-opens=java.base/java.lang=ALL-UNNAMED --add-opens=java.base/java.lang.invoke=ALL-UNNAMED --add-opens=java.base/java.util=ALL-UNNAMED --add-opens=java.prefs/java.util.prefs=ALL-UNNAMED --add-exports=jdk.compiler/com.sun.tools.javac.api=ALL-UNNAMED --add-exports=jdk.compiler/com.sun.tools.javac.util=ALL-UNNAMED --add-opens=java.base/java.util=ALL-UNNAMED --add-opens=java.prefs/java.util.prefs=ALL-UNNAMED --add-opens=java.base/java.nio.charset=ALL-UNNAMED --add-opens=java.base/java.net=ALL-UNNAMED --add-opens=java.base/java.util.concurrent=ALL-UNNAMED --add-opens=java.base/java.util.concurrent.atomic=ALL-UNNAMED --add-opens=java.xml/javax.xml.namespace=ALL-UNNAMED --add-opens=java.base/java.time=ALL-UNNAMED -XX:MaxMetaspaceSize=512m -Xmx1024m -Dfile.encoding=UTF-8 -Duser.country=IN -Duser.language=en -Duser.variant -javaagent:C:\Users\DELL\.gradle\wrapper\dists\gradle-9.3.1-bin\23ovyewtku6u96viwx3xl3oks\gradle-9.3.1\lib\agents\gradle-instrumentation-agent-9.3.1.jar org.gradle.launcher.daemon.bootstrap.GradleDaemon 9.3.1

Host: Intel(R) Core(TM) i3-1005G1 CPU @ 1.20GHz, 4 cores, 3G,  Windows 10 , 64 bit Build 19041 (10.0.19041.5915)
Time: Tue Mar 31 23:44:16 2026 India Standard Time elapsed time: 40.077405 seconds (0d 0h 0m 40s)

---------------  T H R E A D  ---------------

Current thread (0x00000125d9e3ead0):  JavaThread "Daemon worker"        [_thread_in_vm, id=16164, stack(0x00000001f9500000,0x00000001f9600000) (1024K)]

Stack: [0x00000001f9500000,0x00000001f9600000]
Native frames: (J=compiled Java code, j=interpreted, Vv=VM code, C=native code)
V  [jvm.dll+0x6d7a39]
V  [jvm.dll+0x8b4b26]
V  [jvm.dll+0x8b70de]
V  [jvm.dll+0x8b77c3]
V  [jvm.dll+0x284346]
V  [jvm.dll+0x8b086e]
V  [jvm.dll+0x679444]
V  [jvm.dll+0x1e82bb]
V  [jvm.dll+0x1e807e]
V  [jvm.dll+0x67bd42]
V  [jvm.dll+0x67bb72]
V  [jvm.dll+0x679e1e]
V  [jvm.dll+0x26e701]
V  [jvm.dll+0x21960e]
V  [jvm.dll+0x219a05]
V  [jvm.dll+0x21a3f8]
V  [jvm.dll+0x20f62e]
V  [jvm.dll+0x5b644f]
V  [jvm.dll+0x82ead6]
V  [jvm.dll+0x478db8]
V  [jvm.dll+0x47ebe8]
C  [java.dll+0x17ec]

Java frames: (J=compiled Java code, j=interpreted, Vv=VM code)
J 836  java.lang.ClassLoader.defineClass1(Ljava/lang/ClassLoader;Ljava/lang/String;[BIILjava/security/ProtectionDomain;Ljava/lang/String;)Ljava/lang/Class; java.base@21.0.10 (0 bytes) @ 0x00000125ae338491 [0x00000125ae3383c0+0x00000000000000d1]
J 6973 c2 java.lang.ClassLoader.defineClass(Ljava/lang/String;[BIILjava/security/ProtectionDomain;)Ljava/lang/Class; java.base@21.0.10 (43 bytes) @ 0x00000125ae4ff784 [0x00000125ae4ff260+0x0000000000000524]
J 7171 c2 java.security.SecureClassLoader.defineClass(Ljava/lang/String;[BIILjava/security/CodeSource;)Ljava/lang/Class; java.base@21.0.10 (16 bytes) @ 0x00000125ae57c89c [0x00000125ae57c760+0x000000000000013c]
J 7176 c2 java.net.URLClassLoader$1.run()Ljava/lang/Object; java.base@21.0.10 (5 bytes) @ 0x00000125ae60feec [0x00000125ae60f0e0+0x0000000000000e0c]
J 7894 c2 java.lang.ClassLoader.loadClass(Ljava/lang/String;Z)Ljava/lang/Class; java.base@21.0.10 (121 bytes) @ 0x00000125ae52103c [0x00000125ae520c80+0x00000000000003bc]
J 4369 c2 java.lang.ClassLoader.loadClass(Ljava/lang/String;)Ljava/lang/Class; java.base@21.0.10 (7 bytes) @ 0x00000125ae37756c [0x00000125ae377520+0x000000000000004c]
v  ~StubRoutines::call_stub 0x00000125add410e7
j  org.jetbrains.kotlin.backend.jvm.JvmLoweringPhasesKt$jvmLoweringPhases$1.invoke(Lorg/jetbrains/kotlin/backend/jvm/JvmBackendContext;)Lorg/jetbrains/kotlin/backend/jvm/lower/ExternalPackageParentPatcherLowering;+6
j  org.jetbrains.kotlin.backend.jvm.JvmLoweringPhasesKt$jvmLoweringPhases$1.invoke(Ljava/lang/Object;)Ljava/lang/Object;+5
j  org.jetbrains.kotlin.backend.common.phaser.PhaseBuildersKt.makeIrModulePhase$lambda$1(Lkotlin/jvm/functions/Function1;Lorg/jetbrains/kotlin/backend/common/LoweringContext;Lorg/jetbrains/kotlin/ir/declarations/IrModuleFragment;)Lorg/jetbrains/kotlin/ir/declarations/IrModuleFragment;+16
j  org.jetbrains.kotlin.backend.common.phaser.PhaseBuildersKt$$Lambda+0x00000125bb04d110.invoke(Ljava/lang/Object;Ljava/lang/Object;)Ljava/lang/Object;+12
j  org.jetbrains.kotlin.backend.common.phaser.PhaseBuildersKt$createSimpleNamedCompilerPhase$1.phaseBody(Lorg/jetbrains/kotlin/config/LoggingContext;Ljava/lang/Object;)Ljava/lang/Object;+12
j  org.jetbrains.kotlin.config.phaser.NamedCompilerPhase.invoke(Lorg/jetbrains/kotlin/config/phaser/PhaseConfig;Lorg/jetbrains/kotlin/config/phaser/PhaserState;Lorg/jetbrains/kotlin/config/LoggingContext;Ljava/lang/Object;)Ljava/lang/Object;+304
j  org.jetbrains.kotlin.backend.common.phaser.PhaseEngine.runPhase(Lorg/jetbrains/kotlin/config/phaser/NamedCompilerPhase;Ljava/lang/Object;Z)Ljava/lang/Object;+42
j  org.jetbrains.kotlin.backend.common.phaser.PhaseEngine.runPhase$default(Lorg/jetbrains/kotlin/backend/common/phaser/PhaseEngine;Lorg/jetbrains/kotlin/config/phaser/NamedCompilerPhase;Ljava/lang/Object;ZILjava/lang/Object;)Ljava/lang/Object;+13
j  org.jetbrains.kotlin.backend.jvm.JvmIrCodegenFactory.invokeLowerings(Lorg/jetbrains/kotlin/codegen/state/GenerationState;Lorg/jetbrains/kotlin/backend/jvm/JvmIrCodegenFactory$BackendInput;)Lorg/jetbrains/kotlin/backend/jvm/JvmIrCodegenFactory$CodegenInput;+704
j  org.jetbrains.kotlin.cli.jvm.compiler.legacy.pipeline.JvmCompilerPipelineKt.generateCodeFromIr(Lorg/jetbrains/kotlin/cli/jvm/compiler/legacy/pipeline/ModuleCompilerIrBackendInput;Lorg/jetbrains/kotlin/cli/jvm/compiler/legacy/pipeline/ModuleCompilerEnvironment;)Lorg/jetbrains/kotlin/codegen/state/GenerationState;+246
j  org.jetbrains.kotlin.scripting.compiler.plugin.impl.ScriptJvmCompilerImplsKt.doCompileWithK2(Lorg/jetbrains/kotlin/scripting/compiler/plugin/impl/SharedScriptCompilationContext;Lkotlin/script/experimental/api/SourceCode;Ljava/util/List;Ljava/util/List;Lorg/jetbrains/kotlin/scripting/compiler/plugin/impl/ScriptDiagnosticsMessageCollector;Lkotlin/jvm/functions/Function1;)Lkotlin/script/experimental/api/ResultWithDiagnostics;+1208
j  org.jetbrains.kotlin.scripting.compiler.plugin.impl.ScriptJvmCompilerImplsKt.compileImpl(Lkotlin/script/experimental/api/SourceCode;Lorg/jetbrains/kotlin/scripting/compiler/plugin/impl/SharedScriptCompilationContext;Lkotlin/script/experimental/api/ScriptCompilationConfiguration;Lorg/jetbrains/kotlin/scripting/compiler/plugin/impl/ScriptDiagnosticsMessageCollector;)Lkotlin/script/experimental/api/ResultWithDiagnostics;+313
j  org.jetbrains.kotlin.scripting.compiler.plugin.impl.ScriptJvmCompilerImplsKt.access$compileImpl(Lkotlin/script/experimental/api/SourceCode;Lorg/jetbrains/kotlin/scripting/compiler/plugin/impl/SharedScriptCompilationContext;Lkotlin/script/experimental/api/ScriptCompilationConfiguration;Lorg/jetbrains/kotlin/scripting/compiler/plugin/impl/ScriptDiagnosticsMessageCollector;)Lkotlin/script/experimental/api/ResultWithDiagnostics;+4
j  org.jetbrains.kotlin.scripting.compiler.plugin.impl.ScriptJvmCompilerFromEnvironment.compile$lambda$0$0(Lkotlin/script/experimental/api/ScriptCompilationConfiguration;Lkotlin/script/experimental/api/SourceCode;Lorg/jetbrains/kotlin/scripting/compiler/plugin/impl/ScriptJvmCompilerFromEnvironment;Lorg/jetbrains/kotlin/scripting/compiler/plugin/impl/ScriptDiagnosticsMessageCollector;)Lkotlin/script/experimental/api/ResultWithDiagnostics;+125
j  org.jetbrains.kotlin.scripting.compiler.plugin.impl.ScriptJvmCompilerFromEnvironment$$Lambda+0x00000125babf4d10.invoke()Ljava/lang/Object;+16
j  org.jetbrains.kotlin.scripting.compiler.plugin.impl.ScriptJvmCompilerImplsKt.withScriptCompilationCache(Lkotlin/script/experimental/api/SourceCode;Lkotlin/script/experimental/api/ScriptCompilationConfiguration;Lorg/jetbrains/kotlin/scripting/compiler/plugin/impl/ScriptDiagnosticsMessageCollector;Lkotlin/jvm/functions/Function0;)Lkotlin/script/experimental/api/ResultWithDiagnostics;+97
j  org.jetbrains.kotlin.scripting.compiler.plugin.impl.ScriptJvmCompilerImplsKt.access$withScriptCompilationCache(Lkotlin/script/experimental/api/SourceCode;Lkotlin/script/experimental/api/ScriptCompilationConfiguration;Lorg/jetbrains/kotlin/scripting/compiler/plugin/impl/ScriptDiagnosticsMessageCollector;Lkotlin/jvm/functions/Function0;)Lkotlin/script/experimental/api/ResultWithDiagnostics;+4
j  org.jetbrains.kotlin.scripting.compiler.plugin.impl.ScriptJvmCompilerFromEnvironment.compile(Lkotlin/script/experimental/api/SourceCode;Lkotlin/script/experimental/api/ScriptCompilationConfiguration;)Lkotlin/script/experimental/api/ResultWithDiagnostics;+53
j  kotlin.script.experimental.jvmhost.JvmScriptCompiler.invoke$suspendImpl(Lkotlin/script/experimental/jvmhost/JvmScriptCompiler;Lkotlin/script/experimental/api/SourceCode;Lkotlin/script/experimental/api/ScriptCompilationConfiguration;Lkotlin/coroutines/Continuation;)Ljava/lang/Object;+15
j  kotlin.script.experimental.jvmhost.JvmScriptCompiler.invoke(Lkotlin/script/experimental/api/SourceCode;Lkotlin/script/experimental/api/ScriptCompilationConfiguration;Lkotlin/coroutines/Continuation;)Ljava/lang/Object;+4
j  kotlin.script.experimental.host.BasicScriptingHost$eval$1.invokeSuspend(Ljava/lang/Object;)Ljava/lang/Object;+64
j  kotlin.script.experimental.host.BasicScriptingHost$eval$1.invoke(Lkotlin/coroutines/Continuation;)Ljava/lang/Object;+11
j  kotlin.script.experimental.host.BasicScriptingHost$eval$1.invoke(Ljava/lang/Object;)Ljava/lang/Object;+5
j  kotlin.script.experimental.host.BasicScriptingHost$runInCoroutineContext$1.invokeSuspend(Ljava/lang/Object;)Ljava/lang/Object;+46
j  kotlin.coroutines.jvm.internal.BaseContinuationImpl.resumeWith(Ljava/lang/Object;)V+40
j  kotlin.coroutines.ContinuationKt.startCoroutine(Lkotlin/jvm/functions/Function1;Lkotlin/coroutines/Continuation;)V+34
j  kotlin.script.experimental.impl.RunSuspendKt.internalScriptingRunSuspend(Lkotlin/jvm/functions/Function1;)Ljava/lang/Object;+19
j  kotlin.script.experimental.host.BasicScriptingHost.runInCoroutineContext(Lkotlin/jvm/functions/Function1;)Ljava/lang/Object;+18
j  kotlin.script.experimental.host.BasicScriptingHost.eval(Lkotlin/script/experimental/api/SourceCode;Lkotlin/script/experimental/api/ScriptCompilationConfiguration;Lkotlin/script/experimental/api/ScriptEvaluationConfiguration;)Lkotlin/script/experimental/api/ResultWithDiagnostics;+28
j  org.gradle.kotlin.dsl.support.KotlinCompilerKt.compileKotlinScriptModuleTo(Ljava/io/File;Lorg/gradle/kotlin/dsl/support/KotlinCompilerOptions;Ljava/lang/String;Ljava/util/Collection;Lorg/jetbrains/kotlin/scripting/definitions/ScriptDefinition;Ljava/lang/Iterable;Lorg/gradle/kotlin/dsl/support/LoggingMessageCollector;)V+920
j  org.gradle.kotlin.dsl.support.KotlinCompilerKt.compileKotlinScriptToDirectory(Ljava/io/File;Lorg/gradle/kotlin/dsl/support/KotlinCompilerOptions;Ljava/io/File;Lorg/jetbrains/kotlin/scripting/definitions/ScriptDefinition;Ljava/util/List;Lorg/slf4j/Logger;Lkotlin/jvm/functions/Function1;)Ljava/lang/String;+76
j  org.gradle.kotlin.dsl.execution.ResidualProgramCompiler.compileScript_C5AE47M$lambda$0(Lorg/gradle/kotlin/dsl/execution/ResidualProgramCompiler;Ljava/io/File;Lorg/jetbrains/kotlin/scripting/definitions/ScriptDefinition;Lorg/gradle/internal/classpath/ClassPath;Ljava/lang/String;)Ljava/lang/String;+35
j  org.gradle.kotlin.dsl.execution.ResidualProgramCompiler$$Lambda+0x00000125baac3e20.invoke()Ljava/lang/Object;+20
j  org.gradle.kotlin.dsl.provider.StandardKotlinScriptEvaluator$InterpreterHost$runCompileBuildOperation$1.call(Lorg/gradle/internal/operations/BuildOperationContext;)Ljava/lang/String;+10
j  org.gradle.kotlin.dsl.provider.StandardKotlinScriptEvaluator$InterpreterHost$runCompileBuildOperation$1.call(Lorg/gradle/internal/operations/BuildOperationContext;)Ljava/lang/Object;+2
j  org.gradle.internal.operations.DefaultBuildOperationRunner$CallableBuildOperationWorker.execute(Lorg/gradle/internal/operations/CallableBuildOperation;Lorg/gradle/internal/operations/BuildOperationContext;)V+3
j  org.gradle.internal.operations.DefaultBuildOperationRunner$CallableBuildOperationWorker.execute(Lorg/gradle/internal/operations/BuildOperation;Lorg/gradle/internal/operations/BuildOperationContext;)V+6
j  org.gradle.internal.operations.DefaultBuildOperationRunner$2.execute(Lorg/gradle/internal/operations/BuildOperationDescriptor;Lorg/gradle/internal/operations/BuildOperationState;Lorg/gradle/internal/operations/BuildOperationState;Lorg/gradle/internal/operations/DefaultBuildOperationRunner$ReadableBuildOperationContext;Lorg/gradle/internal/operations/DefaultBuildOperationRunner$BuildOperationExecutionListener;)Lorg/gradle/internal/operations/BuildOperation;+22
j  org.gradle.internal.operations.DefaultBuildOperationRunner$2.execute(Lorg/gradle/internal/operations/BuildOperationDescriptor;Lorg/gradle/internal/operations/BuildOperationState;Lorg/gradle/internal/operations/BuildOperationState;Lorg/gradle/internal/operations/DefaultBuildOperationRunner$ReadableBuildOperationContext;Lorg/gradle/internal/operations/DefaultBuildOperationRunner$BuildOperationExecutionListener;)Ljava/lang/Object;+8
j  org.gradle.internal.operations.DefaultBuildOperationRunner.execute(Lorg/gradle/internal/operations/BuildOperationDescriptor$Builder;Lorg/gradle/internal/operations/DefaultBuildOperationRunner$BuildOperationExecution;)Ljava/lang/Object;+141
j  org.gradle.internal.operations.DefaultBuildOperationRunner.execute(Lorg/gradle/internal/operations/BuildOperation;Lorg/gradle/internal/operations/BuildOperationWorker;)V+17
j  org.gradle.internal.operations.DefaultBuildOperationRunner.call(Lorg/gradle/internal/operations/CallableBuildOperation;)Ljava/lang/Object;+12
j  org.gradle.kotlin.dsl.provider.StandardKotlinScriptEvaluator$InterpreterHost.runCompileBuildOperation(Ljava/lang/String;Ljava/lang/String;Lkotlin/jvm/functions/Function0;)Ljava/lang/String;+38
j  org.gradle.kotlin.dsl.execution.Interpreter$compile$1$1$1$1.invoke(Ljava/lang/String;Ljava/lang/String;Lkotlin/jvm/functions/Function0;)Ljava/lang/String;+28
j  org.gradle.kotlin.dsl.execution.Interpreter$compile$1$1$1$1.invoke(Ljava/lang/Object;Ljava/lang/Object;Ljava/lang/Object;)Ljava/lang/Object;+13
j  org.gradle.kotlin.dsl.execution.ResidualProgramCompiler.compileScript-C5AE47M(Ljava/io/File;Ljava/lang/String;Lorg/jetbrains/kotlin/scripting/definitions/ScriptDefinition;Ljava/lang/String;Lorg/gradle/internal/classpath/ClassPath;)Ljava/lang/String;+21
j  org.gradle.kotlin.dsl.execution.ResidualProgramCompiler.compileStage1-EfyMToc(Lorg/gradle/kotlin/dsl/execution/ProgramSource;Lorg/jetbrains/kotlin/scripting/definitions/ScriptDefinition;Lorg/gradle/internal/classpath/ClassPath;)Ljava/lang/String;+82
j  org.gradle.kotlin.dsl.execution.ResidualProgramCompiler.compilePlugins-A6FCAhw(Lorg/gradle/kotlin/dsl/execution/Program$Plugins;)Ljava/lang/String;+32
j  org.gradle.kotlin.dsl.execution.ResidualProgramCompiler.emitCompiledPluginsBlock(Lorg/jetbrains/org/objectweb/asm/MethodVisitor;Lorg/gradle/kotlin/dsl/execution/Program$Plugins;)V+2
j  org.gradle.kotlin.dsl.execution.ResidualProgramCompiler.emit(Lorg/jetbrains/org/objectweb/asm/MethodVisitor;Lorg/gradle/kotlin/dsl/execution/ResidualProgram$Instruction;)V+166
j  org.gradle.kotlin.dsl.execution.ResidualProgramCompiler.emit(Lorg/jetbrains/org/objectweb/asm/MethodVisitor;Ljava/util/List;)V+49
j  org.gradle.kotlin.dsl.execution.ResidualProgramCompiler.emitStaticProgram$lambda$0$0(Lorg/gradle/kotlin/dsl/execution/ResidualProgramCompiler;Lorg/gradle/kotlin/dsl/execution/ResidualProgram$Static;Lorg/jetbrains/org/objectweb/asm/MethodVisitor;)Lkotlin/Unit;+13
j  org.gradle.kotlin.dsl.execution.ResidualProgramCompiler$$Lambda+0x00000125baabe5b8.invoke(Ljava/lang/Object;)Ljava/lang/Object;+12
j  org.gradle.kotlin.dsl.execution.ResidualProgramCompiler.overrideExecute$lambda$0(Lkotlin/jvm/functions/Function1;Lorg/jetbrains/org/objectweb/asm/MethodVisitor;)Lkotlin/Unit;+9
j  org.gradle.kotlin.dsl.execution.ResidualProgramCompiler$$Lambda+0x00000125baabe7e0.invoke(Ljava/lang/Object;)Ljava/lang/Object;+8
j  org.gradle.kotlin.dsl.support.bytecode.AsmExtensionsKt.method(Lorg/jetbrains/org/objectweb/asm/ClassVisitor;ILjava/lang/String;Ljava/lang/String;Ljava/lang/String;[Ljava/lang/String;Lkotlin/jvm/functions/Function1;Lkotlin/jvm/functions/Function1;)V+76
j  org.gradle.kotlin.dsl.support.bytecode.AsmExtensionsKt.publicMethod(Lorg/jetbrains/org/objectweb/asm/ClassVisitor;Ljava/lang/String;Ljava/lang/String;Ljava/lang/String;[Ljava/lang/String;Lkotlin/jvm/functions/Function1;Lkotlin/jvm/functions/Function1;)V+43
j  org.gradle.kotlin.dsl.support.bytecode.AsmExtensionsKt.publicMethod$default(Lorg/jetbrains/org/objectweb/asm/ClassVisitor;Ljava/lang/String;Ljava/lang/String;Ljava/lang/String;[Ljava/lang/String;Lkotlin/jvm/functions/Function1;Lkotlin/jvm/functions/Function1;ILjava/lang/Object;)V+45
j  org.gradle.kotlin.dsl.execution.ResidualProgramCompiler.overrideExecute(Lorg/jetbrains/org/objectweb/asm/ClassVisitor;Lkotlin/jvm/functions/Function1;)V+22
j  org.gradle.kotlin.dsl.execution.ResidualProgramCompiler.emitStaticProgram$lambda$0(Lorg/gradle/kotlin/dsl/execution/ResidualProgramCompiler;Lorg/gradle/kotlin/dsl/execution/ResidualProgram$Static;Lorg/jetbrains/org/objectweb/asm/ClassWriter;)Lkotlin/Unit;+19
j  org.gradle.kotlin.dsl.execution.ResidualProgramCompiler$$Lambda+0x00000125baabdf40.invoke(Ljava/lang/Object;)Ljava/lang/Object;+12
j  org.gradle.kotlin.dsl.execution.ResidualProgramCompiler.program_5oOsWEo$lambda$1(Ljava/lang/String;Lkotlin/jvm/functions/Function1;Lorg/jetbrains/org/objectweb/asm/ClassWriter;)Lkotlin/Unit;+14
j  org.gradle.kotlin.dsl.execution.ResidualProgramCompiler$$Lambda+0x00000125baabe168.invoke(Ljava/lang/Object;)Ljava/lang/Object;+12
j  org.gradle.kotlin.dsl.support.bytecode.AsmExtensionsKt.publicClass-7y5yvvE(Ljava/lang/String;Ljava/lang/String;Ljava/util/List;Lkotlin/jvm/functions/Function1;)[B+26
j  org.gradle.kotlin.dsl.execution.ResidualProgramCompiler.program-5oOsWEo(Ljava/lang/String;Lkotlin/jvm/functions/Function1;)V+19
j  org.gradle.kotlin.dsl.execution.ResidualProgramCompiler.access$program-5oOsWEo(Lorg/gradle/kotlin/dsl/execution/ResidualProgramCompiler;Ljava/lang/String;Lkotlin/jvm/functions/Function1;)V+3
j  org.gradle.kotlin.dsl.execution.ResidualProgramCompiler.emitStaticProgram(Lorg/gradle/kotlin/dsl/execution/ResidualProgram$Static;)V+23
j  org.gradle.kotlin.dsl.execution.ResidualProgramCompiler.compile(Lorg/gradle/kotlin/dsl/execution/ResidualProgram;)V+20
j  org.gradle.kotlin.dsl.execution.Interpreter.compile$lambda$0(Lorg/gradle/kotlin/dsl/execution/Interpreter;Lorg/gradle/groovy/scripts/ScriptSource;Lorg/gradle/kotlin/dsl/execution/ProgramId;Ljava/lang/String;Lorg/gradle/kotlin/dsl/execution/ProgramKind;Lorg/gradle/kotlin/dsl/execution/ProgramTarget;Lorg/gradle/internal/classpath/ClassPath;Lorg/gradle/api/internal/file/temp/TemporaryFileProvider;Lorg/gradle/internal/classpath/ClassPath;Ljava/io/File;)Lkotlin/Unit;+187
j  org.gradle.kotlin.dsl.execution.Interpreter$$Lambda+0x00000125ba5d1a10.invoke(Ljava/lang/Object;)Ljava/lang/Object;+40
j  org.gradle.kotlin.dsl.provider.StandardKotlinScriptEvaluator$KotlinScriptCompilationAndInstrumentation.compile(Ljava/io/File;)Ljava/io/File;+32
j  org.gradle.internal.scripts.BuildScriptCompilationAndInstrumentation.execute(Lorg/gradle/internal/execution/ExecutionContext;)Lorg/gradle/internal/execution/WorkOutput;+9
j  org.gradle.internal.execution.steps.ExecuteStep.executeInternal(Lorg/gradle/internal/execution/UnitOfWork;Lorg/gradle/internal/execution/steps/InputChangesContext;)Lorg/gradle/internal/execution/steps/Result;+16
j  org.gradle.internal.execution.steps.ExecuteStep.access$000(Lorg/gradle/internal/execution/UnitOfWork;Lorg/gradle/internal/execution/steps/InputChangesContext;)Lorg/gradle/internal/execution/steps/Result;+2
j  org.gradle.internal.execution.steps.ExecuteStep$1.call(Lorg/gradle/internal/operations/BuildOperationContext;)Lorg/gradle/internal/execution/steps/Result;+8
j  org.gradle.internal.execution.steps.ExecuteStep$1.call(Lorg/gradle/internal/operations/BuildOperationContext;)Ljava/lang/Object;+2
j  org.gradle.internal.operations.DefaultBuildOperationRunner$CallableBuildOperationWorker.execute(Lorg/gradle/internal/operations/CallableBuildOperation;Lorg/gradle/internal/operations/BuildOperationContext;)V+3
j  org.gradle.internal.operations.DefaultBuildOperationRunner$CallableBuildOperationWorker.execute(Lorg/gradle/internal/operations/BuildOperation;Lorg/gradle/internal/operations/BuildOperationContext;)V+6
j  org.gradle.internal.operations.DefaultBuildOperationRunner$2.execute(Lorg/gradle/internal/operations/BuildOperationDescriptor;Lorg/gradle/internal/operations/BuildOperationState;Lorg/gradle/internal/operations/BuildOperationState;Lorg/gradle/internal/operations/DefaultBuildOperationRunner$ReadableBuildOperationContext;Lorg/gradle/internal/operations/DefaultBuildOperationRunner$BuildOperationExecutionListener;)Lorg/gradle/internal/operations/BuildOperation;+22
j  org.gradle.internal.operations.DefaultBuildOperationRunner$2.execute(Lorg/gradle/internal/operations/BuildOperationDescriptor;Lorg/gradle/internal/operations/BuildOperationState;Lorg/gradle/internal/operations/BuildOperationState;Lorg/gradle/internal/operations/DefaultBuildOperationRunner$ReadableBuildOperationContext;Lorg/gradle/internal/operations/DefaultBuildOperationRunner$BuildOperationExecutionListener;)Ljava/lang/Object;+8
j  org.gradle.internal.operations.DefaultBuildOperationRunner.execute(Lorg/gradle/internal/operations/BuildOperationDescriptor$Builder;Lorg/gradle/internal/operations/DefaultBuildOperationRunner$BuildOperationExecution;)Ljava/lang/Object;+141
j  org.gradle.internal.operations.DefaultBuildOperationRunner.execute(Lorg/gradle/internal/operations/BuildOperation;Lorg/gradle/internal/operations/BuildOperationWorker;)V+17
j  org.gradle.internal.operations.DefaultBuildOperationRunner.call(Lorg/gradle/internal/operations/CallableBuildOperation;)Ljava/lang/Object;+12
j  org.gradle.internal.execution.steps.ExecuteStep.execute(Lorg/gradle/internal/execution/UnitOfWork;Lorg/gradle/internal/execution/steps/ChangingOutputsContext;)Lorg/gradle/internal/execution/steps/Result;+28
j  org.gradle.internal.execution.steps.ExecuteStep.execute(Lorg/gradle/internal/execution/UnitOfWork;Lorg/gradle/internal/execution/steps/Context;)Lorg/gradle/internal/execution/steps/Result;+6
j  org.gradle.internal.execution.steps.CancelExecutionStep.execute(Lorg/gradle/internal/execution/UnitOfWork;Lorg/gradle/internal/execution/steps/Context;)Lorg/gradle/internal/execution/steps/Result;+35
j  org.gradle.internal.execution.steps.TimeoutStep.executeWithoutTimeout(Lorg/gradle/internal/execution/UnitOfWork;Lorg/gradle/internal/execution/steps/Context;)Lorg/gradle/internal/execution/steps/Result;+6
j  org.gradle.internal.execution.steps.TimeoutStep.execute(Lorg/gradle/internal/execution/UnitOfWork;Lorg/gradle/internal/execution/steps/Context;)Lorg/gradle/internal/execution/steps/Result;+92
j  org.gradle.internal.execution.steps.PreCreateOutputParentsStep.execute(Lorg/gradle/internal/execution/UnitOfWork;Lorg/gradle/internal/execution/steps/ChangingOutputsContext;)Lorg/gradle/internal/execution/steps/Result;+24
j  org.gradle.internal.execution.steps.PreCreateOutputParentsStep.execute(Lorg/gradle/internal/execution/UnitOfWork;Lorg/gradle/internal/execution/steps/Context;)Lorg/gradle/internal/execution/steps/Result;+6
j  org.gradle.internal.execution.steps.BroadcastChangingOutputsStep.execute(Lorg/gradle/internal/execution/UnitOfWork;Lorg/gradle/internal/execution/steps/InputChangesContext;)Lorg/gradle/internal/execution/steps/Result;+53
j  org.gradle.internal.execution.steps.BroadcastChangingOutputsStep.execute(Lorg/gradle/internal/execution/UnitOfWork;Lorg/gradle/internal/execution/steps/Context;)Lorg/gradle/internal/execution/steps/Result;+6
j  org.gradle.internal.execution.steps.CaptureOutputsAfterExecutionStep.execute(Lorg/gradle/internal/execution/UnitOfWork;Lorg/gradle/internal/execution/steps/WorkspaceContext;)Lorg/gradle/internal/execution/steps/AfterExecutionResult;+6
j  org.gradle.internal.execution.steps.CaptureOutputsAfterExecutionStep.execute(Lorg/gradle/internal/execution/UnitOfWork;Lorg/gradle/internal/execution/steps/Context;)Lorg/gradle/internal/execution/steps/Result;+6
j  org.gradle.internal.execution.steps.NoInputChangesStep.execute(Lorg/gradle/internal/execution/UnitOfWork;Lorg/gradle/internal/execution/steps/ValidationFinishedContext;)Lorg/gradle/internal/execution/steps/Result;+23
j  org.gradle.internal.execution.steps.NoInputChangesStep.execute(Lorg/gradle/internal/execution/UnitOfWork;Lorg/gradle/internal/execution/steps/Context;)Lorg/gradle/internal/execution/steps/Result;+6
j  org.gradle.internal.execution.steps.BuildCacheStep.executeWithoutCache(Lorg/gradle/internal/execution/UnitOfWork;Lorg/gradle/internal/execution/steps/WorkspaceContext;)Lorg/gradle/internal/execution/steps/AfterExecutionResult;+6
j  org.gradle.internal.execution.steps.BuildCacheStep.lambda$execute$1(Lorg/gradle/internal/execution/UnitOfWork;Lorg/gradle/internal/execution/steps/WorkspaceContext;Lorg/gradle/internal/execution/caching/CachingState$Disabled;)Lorg/gradle/internal/execution/steps/AfterExecutionResult;+3
j  org.gradle.internal.execution.steps.BuildCacheStep$$Lambda+0x00000125ba806670.apply(Ljava/lang/Object;)Ljava/lang/Object;+16
j  org.gradle.internal.Either$Right.fold(Ljava/util/function/Function;Ljava/util/function/Function;)Ljava/lang/Object;+5
j  org.gradle.internal.execution.caching.CachingState.fold(Ljava/util/function/Function;Ljava/util/function/Function;)Ljava/lang/Object;+6
j  org.gradle.internal.execution.steps.BuildCacheStep.execute(Lorg/gradle/internal/execution/UnitOfWork;Lorg/gradle/internal/execution/steps/WorkspaceContext;)Lorg/gradle/internal/execution/steps/AfterExecutionResult;+25
j  org.gradle.internal.execution.steps.BuildCacheStep.execute(Lorg/gradle/internal/execution/UnitOfWork;Lorg/gradle/internal/execution/steps/Context;)Lorg/gradle/internal/execution/steps/Result;+6
j  org.gradle.internal.execution.steps.NeverUpToDateStep.execute(Lorg/gradle/internal/execution/UnitOfWork;Lorg/gradle/internal/execution/steps/NonIncrementalCachingContext;)Lorg/gradle/internal/execution/steps/UpToDateResult;+6
j  org.gradle.internal.execution.steps.NeverUpToDateStep.execute(Lorg/gradle/internal/execution/UnitOfWork;Lorg/gradle/internal/execution/steps/Context;)Lorg/gradle/internal/execution/steps/Result;+6
j  org.gradle.internal.execution.steps.legacy.MarkSnapshottingInputsFinishedStep.execute(Lorg/gradle/internal/execution/UnitOfWork;Lorg/gradle/internal/execution/steps/CachingContext;)Lorg/gradle/internal/execution/steps/Result;+18
j  org.gradle.internal.execution.steps.legacy.MarkSnapshottingInputsFinishedStep.execute(Lorg/gradle/internal/execution/UnitOfWork;Lorg/gradle/internal/execution/steps/Context;)Lorg/gradle/internal/execution/steps/Result;+6
j  org.gradle.internal.execution.steps.ResolveNonIncrementalCachingStateStep.executeDelegate(Lorg/gradle/internal/execution/UnitOfWork;Lorg/gradle/internal/execution/steps/ValidationFinishedContext;Lorg/gradle/internal/execution/caching/CachingState;)Lorg/gradle/internal/execution/steps/UpToDateResult;+14
j  org.gradle.internal.execution.steps.AbstractResolveCachingStateStep.execute(Lorg/gradle/internal/execution/UnitOfWork;Lorg/gradle/internal/execution/steps/ValidationFinishedContext;)Lorg/gradle/internal/execution/steps/CachingResult;+51
j  org.gradle.internal.execution.steps.AbstractResolveCachingStateStep.execute(Lorg/gradle/internal/execution/UnitOfWork;Lorg/gradle/internal/execution/steps/Context;)Lorg/gradle/internal/execution/steps/Result;+6
j  org.gradle.internal.execution.steps.ValidateStep.execute(Lorg/gradle/internal/execution/UnitOfWork;Lorg/gradle/internal/execution/steps/BeforeExecutionContext;)Lorg/gradle/internal/execution/steps/Result;+67
j  org.gradle.internal.execution.steps.ValidateStep.execute(Lorg/gradle/internal/execution/UnitOfWork;Lorg/gradle/internal/execution/steps/Context;)Lorg/gradle/internal/execution/steps/Result;+6
j  org.gradle.internal.execution.steps.AbstractCaptureStateBeforeExecutionStep.execute(Lorg/gradle/internal/execution/UnitOfWork;Lorg/gradle/internal/execution/steps/PreviousExecutionContext;)Lorg/gradle/internal/execution/steps/CachingResult;+49
j  org.gradle.internal.execution.steps.AbstractCaptureStateBeforeExecutionStep.execute(Lorg/gradle/internal/execution/UnitOfWork;Lorg/gradle/internal/execution/steps/Context;)Lorg/gradle/internal/execution/steps/Result;+6
j  org.gradle.internal.execution.steps.legacy.MarkSnapshottingInputsStartedStep.execute(Lorg/gradle/internal/execution/UnitOfWork;Lorg/gradle/internal/execution/steps/Context;)Lorg/gradle/internal/execution/steps/Result;+12
j  org.gradle.internal.execution.steps.AssignImmutableWorkspaceStep.executeInWorkspace(Lorg/gradle/internal/execution/UnitOfWork;Lorg/gradle/internal/execution/steps/IdentityContext;Ljava/io/File;)Lorg/gradle/internal/execution/steps/WorkspaceResult;+48
j  org.gradle.internal.execution.steps.AssignImmutableWorkspaceStep.lambda$execute$0(Lorg/gradle/internal/execution/workspace/ImmutableWorkspaceProvider$LockingImmutableWorkspace;Lorg/gradle/internal/execution/UnitOfWork;Lorg/gradle/internal/execution/steps/IdentityContext;)Lorg/gradle/internal/execution/steps/WorkspaceResult;+19
j  org.gradle.internal.execution.steps.AssignImmutableWorkspaceStep$$Lambda+0x00000125ba5f5000.get()Ljava/lang/Object;+16
J 4108 c1 java.util.Optional.orElseGet(Ljava/util/function/Supplier;)Ljava/lang/Object; java.base@21.0.10 (21 bytes) @ 0x00000125a6b98314 [0x00000125a6b981c0+0x0000000000000154]
j  org.gradle.internal.execution.steps.AssignImmutableWorkspaceStep.lambda$execute$1(Lorg/gradle/internal/execution/UnitOfWork;Lorg/gradle/internal/execution/workspace/ImmutableWorkspaceProvider$LockingImmutableWorkspace;Lorg/gradle/internal/execution/steps/IdentityContext;)Lorg/gradle/internal/execution/steps/WorkspaceResult;+15
j  org.gradle.internal.execution.steps.AssignImmutableWorkspaceStep$$Lambda+0x00000125ba5eeb10.get()Ljava/lang/Object;+16
j  org.gradle.internal.execution.workspace.impl.CacheBasedImmutableWorkspaceProvider$CacheContainer.lambda$withFileLock$0(Ljava/util/function/Supplier;)Ljava/lang/Object;+8
j  org.gradle.internal.execution.workspace.impl.CacheBasedImmutableWorkspaceProvider$CacheContainer$$Lambda+0x00000125ba5ef1a0.get()Ljava/lang/Object;+8
j  org.gradle.cache.internal.LockOnDemandCrossProcessCacheAccess.withFileLock(Ljava/util/function/Supplier;)Ljava/lang/Object;+5
j  org.gradle.cache.internal.DefaultCacheCoordinator.withFileLock(Ljava/util/function/Supplier;)Ljava/lang/Object;+5
j  org.gradle.cache.internal.DefaultPersistentDirectoryStore.withFileLock(Ljava/util/function/Supplier;)Ljava/lang/Object;+5
j  org.gradle.cache.internal.DefaultCacheFactory$ReferenceTrackingCache.withFileLock(Ljava/util/function/Supplier;)Ljava/lang/Object;+8
j  org.gradle.internal.execution.workspace.impl.CacheBasedImmutableWorkspaceProvider$CacheContainer.withFileLock(Ljava/util/function/Supplier;)Ljava/lang/Object;+11
j  org.gradle.internal.execution.workspace.impl.CacheBasedImmutableWorkspaceProvider$2.withWorkspaceLock(Ljava/util/function/Supplier;)Ljava/lang/Object;+32
j  org.gradle.internal.execution.steps.AssignImmutableWorkspaceStep.execute(Lorg/gradle/internal/execution/UnitOfWork;Lorg/gradle/internal/execution/steps/IdentityContext;)Lorg/gradle/internal/execution/steps/WorkspaceResult;+53
j  org.gradle.internal.execution.steps.AssignImmutableWorkspaceStep.execute(Lorg/gradle/internal/execution/UnitOfWork;Lorg/gradle/internal/execution/steps/Context;)Lorg/gradle/internal/execution/steps/Result;+6
j  org.gradle.internal.execution.steps.ChoosePipelineStep.execute(Lorg/gradle/internal/execution/UnitOfWork;Lorg/gradle/internal/execution/steps/IdentityContext;)Lorg/gradle/internal/execution/steps/Result;+13
j  org.gradle.internal.execution.steps.ChoosePipelineStep.execute(Lorg/gradle/internal/execution/UnitOfWork;Lorg/gradle/internal/execution/steps/Context;)Lorg/gradle/internal/execution/steps/Result;+6
j  org.gradle.internal.execution.steps.ExecuteWorkBuildOperationFiringStep.lambda$execute$2(Lorg/gradle/internal/execution/UnitOfWork;Lorg/gradle/internal/execution/steps/IdentityContext;)Lorg/gradle/internal/execution/steps/CachingResult;+6
j  org.gradle.internal.execution.steps.ExecuteWorkBuildOperationFiringStep$$Lambda+0x00000125ba5ee470.get()Ljava/lang/Object;+12
J 4108 c1 java.util.Optional.orElseGet(Ljava/util/function/Supplier;)Ljava/lang/Object; java.base@21.0.10 (21 bytes) @ 0x00000125a6b98314 [0x00000125a6b981c0+0x0000000000000154]
j  org.gradle.internal.execution.steps.ExecuteWorkBuildOperationFiringStep.execute(Lorg/gradle/internal/execution/UnitOfWork;Lorg/gradle/internal/execution/steps/IdentityContext;)Lorg/gradle/internal/execution/steps/CachingResult;+25
j  org.gradle.internal.execution.steps.ExecuteWorkBuildOperationFiringStep.execute(Lorg/gradle/internal/execution/UnitOfWork;Lorg/gradle/internal/execution/steps/Context;)Lorg/gradle/internal/execution/steps/Result;+6
j  org.gradle.internal.execution.steps.IdentityCacheStep.execute(Lorg/gradle/internal/execution/UnitOfWork;Lorg/gradle/internal/execution/steps/IdentityContext;)Lorg/gradle/internal/execution/steps/WorkspaceResult;+6
j  org.gradle.internal.execution.steps.IdentityCacheStep.execute(Lorg/gradle/internal/execution/UnitOfWork;Lorg/gradle/internal/execution/steps/Context;)Lorg/gradle/internal/execution/steps/Result;+6
j  org.gradle.internal.execution.steps.IdentifyStep.execute(Lorg/gradle/internal/execution/UnitOfWork;Lorg/gradle/internal/execution/steps/ExecutionRequestContext;)Lorg/gradle/internal/execution/steps/Result;+11
j  org.gradle.internal.execution.steps.IdentifyStep.execute(Lorg/gradle/internal/execution/UnitOfWork;Lorg/gradle/internal/execution/steps/Context;)Lorg/gradle/internal/execution/steps/Result;+6
j  org.gradle.internal.execution.impl.DefaultExecutionEngine$1.execute()Lorg/gradle/internal/execution/ExecutionEngine$Result;+15
j  org.gradle.kotlin.dsl.provider.StandardKotlinScriptEvaluator$InterpreterHost.cachedDirFor(Lorg/gradle/kotlin/dsl/support/KotlinScriptHost;Lorg/gradle/kotlin/dsl/execution/ProgramId;Lorg/gradle/internal/classpath/ClassPath;Lorg/gradle/internal/classpath/ClassPath;Lkotlin/jvm/functions/Function1;)Ljava/io/File;+131
j  org.gradle.kotlin.dsl.execution.Interpreter.compile(Lorg/gradle/kotlin/dsl/support/KotlinScriptHost;Lorg/gradle/kotlin/dsl/execution/ProgramId;Ljava/lang/String;Lorg/gradle/groovy/scripts/ScriptSource;Lorg/gradle/kotlin/dsl/execution/ProgramKind;Lorg/gradle/kotlin/dsl/execution/ProgramTarget;Lorg/gradle/internal/classpath/ClassPath;Lorg/gradle/internal/classpath/ClassPath;Lorg/gradle/api/internal/file/temp/TemporaryFileProvider;)Ljava/io/File;+38
j  org.gradle.kotlin.dsl.execution.Interpreter.emitSpecializedProgramFor(Lorg/gradle/kotlin/dsl/support/KotlinScriptHost;Lorg/gradle/groovy/scripts/ScriptSource;Lorg/gradle/kotlin/dsl/execution/ProgramId;Lorg/gradle/api/internal/initialization/ClassLoaderScope;Lorg/gradle/api/internal/initialization/ClassLoaderScope;Lorg/gradle/kotlin/dsl/execution/ProgramKind;Lorg/gradle/kotlin/dsl/execution/ProgramTarget;)Lorg/gradle/kotlin/dsl/execution/CompiledScript;+82
j  org.gradle.kotlin.dsl.execution.Interpreter.eval(Ljava/lang/Object;Lorg/gradle/groovy/scripts/ScriptSource;Lorg/gradle/internal/hash/HashCode;Lorg/gradle/api/initialization/dsl/ScriptHandler;Lorg/gradle/api/internal/initialization/ClassLoaderScope;Lorg/gradle/api/internal/initialization/ClassLoaderScope;ZLjava/util/EnumSet;)V+189
j  org.gradle.kotlin.dsl.provider.StandardKotlinScriptEvaluator.evaluate(Ljava/lang/Object;Lorg/gradle/groovy/scripts/ScriptSource;Lorg/gradle/api/initialization/dsl/ScriptHandler;Lorg/gradle/api/internal/initialization/ClassLoaderScope;Lorg/gradle/api/internal/initialization/ClassLoaderScope;ZLjava/util/EnumSet;)V+167
j  org.gradle.kotlin.dsl.provider.KotlinScriptPluginFactory.create$lambda$0(Lorg/gradle/kotlin/dsl/provider/KotlinScriptPluginFactory;Lorg/gradle/groovy/scripts/ScriptSource;Lorg/gradle/api/internal/initialization/ClassLoaderScope;Lorg/gradle/api/initialization/dsl/ScriptHandler;Lorg/gradle/api/internal/initialization/ClassLoaderScope;ZLjava/lang/Object;)Lkotlin/Unit;+48
j  org.gradle.kotlin.dsl.provider.KotlinScriptPluginFactory$$Lambda+0x00000125ba5c2800.invoke(Ljava/lang/Object;)Ljava/lang/Object;+25
j  org.gradle.kotlin.dsl.provider.KotlinScriptPlugin.apply(Ljava/lang/Object;)V+22
j  org.gradle.configuration.BuildOperationScriptPlugin$1.run(Lorg/gradle/internal/operations/BuildOperationContext;)V+11
j  org.gradle.internal.operations.DefaultBuildOperationRunner$1.execute(Lorg/gradle/internal/operations/RunnableBuildOperation;Lorg/gradle/internal/operations/BuildOperationContext;)V+2
j  org.gradle.internal.operations.DefaultBuildOperationRunner$1.execute(Lorg/gradle/internal/operations/BuildOperation;Lorg/gradle/internal/operations/BuildOperationContext;)V+6
j  org.gradle.internal.operations.DefaultBuildOperationRunner$2.execute(Lorg/gradle/internal/operations/BuildOperationDescriptor;Lorg/gradle/internal/operations/BuildOperationState;Lorg/gradle/internal/operations/BuildOperationState;Lorg/gradle/internal/operations/DefaultBuildOperationRunner$ReadableBuildOperationContext;Lorg/gradle/internal/operations/DefaultBuildOperationRunner$BuildOperationExecutionListener;)Lorg/gradle/internal/operations/BuildOperation;+22
j  org.gradle.internal.operations.DefaultBuildOperationRunner$2.execute(Lorg/gradle/internal/operations/BuildOperationDescriptor;Lorg/gradle/internal/operations/BuildOperationState;Lorg/gradle/internal/operations/BuildOperationState;Lorg/gradle/internal/operations/DefaultBuildOperationRunner$ReadableBuildOperationContext;Lorg/gradle/internal/operations/DefaultBuildOperationRunner$BuildOperationExecutionListener;)Ljava/lang/Object;+8
j  org.gradle.internal.operations.DefaultBuildOperationRunner.execute(Lorg/gradle/internal/operations/BuildOperationDescriptor$Builder;Lorg/gradle/internal/operations/DefaultBuildOperationRunner$BuildOperationExecution;)Ljava/lang/Object;+141
j  org.gradle.internal.operations.DefaultBuildOperationRunner.execute(Lorg/gradle/internal/operations/BuildOperation;Lorg/gradle/internal/operations/BuildOperationWorker;)V+17
j  org.gradle.internal.operations.DefaultBuildOperationRunner.run(Lorg/gradle/internal/operations/RunnableBuildOperation;)V+5
j  org.gradle.configuration.BuildOperationScriptPlugin.lambda$apply$0(Ljava/lang/Object;Lorg/gradle/internal/code/UserCodeApplicationId;)V+14
j  org.gradle.configuration.BuildOperationScriptPlugin$$Lambda+0x00000125ba5ccaa8.execute(Ljava/lang/Object;)V+12
j  org.gradle.internal.code.DefaultUserCodeApplicationContext.apply(Lorg/gradle/internal/code/UserCodeSource;Lorg/gradle/api/Action;)V+37
j  org.gradle.configuration.BuildOperationScriptPlugin.apply(Ljava/lang/Object;)V+71
j  org.gradle.configuration.project.BuildScriptProcessor$$Lambda+0x00000125ba976e58.accept(Ljava/lang/Object;)V+8
j  org.gradle.api.internal.project.DefaultProjectStateRegistry$ProjectStateImpl.lambda$applyToMutableState$0(Ljava/util/function/Consumer;Lorg/gradle/api/internal/project/ProjectInternal;)Ljava/lang/Object;+2
j  org.gradle.api.internal.project.DefaultProjectStateRegistry$ProjectStateImpl$$Lambda+0x00000125ba94b768.apply(Ljava/lang/Object;)Ljava/lang/Object;+8
j  org.gradle.api.internal.project.DefaultProjectStateRegistry$ProjectStateImpl.lambda$fromMutableState$1(Ljava/util/function/Function;)Ljava/lang/Object;+5
j  org.gradle.api.internal.project.DefaultProjectStateRegistry$ProjectStateImpl$$Lambda+0x00000125ba94b9b0.get()Ljava/lang/Object;+8
j  org.gradle.api.internal.project.DefaultProjectStateRegistry$ProjectStateImpl.runWithModelLock(Ljava/util/function/Supplier;)Ljava/lang/Object;+89
j  org.gradle.api.internal.project.DefaultProjectStateRegistry$ProjectStateImpl.fromMutableState(Ljava/util/function/Function;)Ljava/lang/Object;+8
j  org.gradle.api.internal.project.DefaultProjectStateRegistry$ProjectStateImpl.applyToMutableState(Ljava/util/function/Consumer;)V+7
j  org.gradle.configuration.project.BuildScriptProcessor.execute(Lorg/gradle/api/internal/project/ProjectInternal;)V+88
j  org.gradle.configuration.project.BuildScriptProcessor.execute(Ljava/lang/Object;)V+5
j  org.gradle.configuration.project.ConfigureActionsProjectEvaluator.evaluate(Lorg/gradle/api/internal/project/ProjectInternal;Lorg/gradle/api/internal/project/ProjectStateInternal;)V+33
j  org.gradle.configuration.project.LifecycleProjectEvaluator$EvaluateProject.lambda$run$0(Lorg/gradle/internal/operations/BuildOperationContext;Lorg/gradle/api/internal/project/ProjectInternal;)V+67
j  org.gradle.configuration.project.LifecycleProjectEvaluator$EvaluateProject$$Lambda+0x00000125ba94b530.accept(Ljava/lang/Object;)V+12
j  org.gradle.api.internal.project.DefaultProjectStateRegistry$ProjectStateImpl.lambda$applyToMutableState$0(Ljava/util/function/Consumer;Lorg/gradle/api/internal/project/ProjectInternal;)Ljava/lang/Object;+2
j  org.gradle.api.internal.project.DefaultProjectStateRegistry$ProjectStateImpl$$Lambda+0x00000125ba94b768.apply(Ljava/lang/Object;)Ljava/lang/Object;+8
j  org.gradle.api.internal.project.DefaultProjectStateRegistry$ProjectStateImpl.lambda$fromMutableState$1(Ljava/util/function/Function;)Ljava/lang/Object;+5
j  org.gradle.api.internal.project.DefaultProjectStateRegistry$ProjectStateImpl$$Lambda+0x00000125ba94b9b0.get()Ljava/lang/Object;+8
j  org.gradle.api.internal.project.DefaultProjectStateRegistry$ProjectStateImpl$$Lambda+0x00000125ba94bbd8.create()Ljava/lang/Object;+4
j  org.gradle.internal.work.DefaultWorkerLeaseService.lambda$withLocksAcquired$0(Lorg/gradle/internal/Factory;Ljava/util/Collection;)Ljava/lang/Object;+1
j  org.gradle.internal.work.DefaultWorkerLeaseService$$Lambda+0x00000125ba27f788.create()Ljava/lang/Object;+12
j  org.gradle.internal.work.ResourceLockStatistics$1.measure(Ljava/lang/String;Ljava/lang/Iterable;Lorg/gradle/internal/Factory;)Ljava/lang/Object;+1
j  org.gradle.internal.work.DefaultWorkerLeaseService.withLocksAcquired(Ljava/util/Collection;Lorg/gradle/internal/Factory;)Ljava/lang/Object;+21
j  org.gradle.internal.work.DefaultWorkerLeaseService.lambda$withReplacedLocks$3(Lorg/gradle/internal/resources/ResourceLock;Lorg/gradle/internal/Factory;)Ljava/lang/Object;+6
j  org.gradle.internal.work.DefaultWorkerLeaseService$$Lambda+0x00000125ba94e000.create()Ljava/lang/Object;+12
j  org.gradle.internal.work.DefaultWorkerLeaseService.withoutLocks(Ljava/util/Collection;Lorg/gradle/internal/Factory;)Ljava/lang/Object;+10
j  org.gradle.internal.work.DefaultWorkerLeaseService.withReplacedLocks(Ljava/util/Collection;Lorg/gradle/internal/resources/ResourceLock;Lorg/gradle/internal/Factory;)Ljava/lang/Object;+27
j  org.gradle.api.internal.project.DefaultProjectStateRegistry$ProjectStateImpl.runWithModelLock(Ljava/util/function/Supplier;)Ljava/lang/Object;+129
j  org.gradle.api.internal.project.DefaultProjectStateRegistry$ProjectStateImpl.fromMutableState(Ljava/util/function/Function;)Ljava/lang/Object;+8
j  org.gradle.api.internal.project.DefaultProjectStateRegistry$ProjectStateImpl.applyToMutableState(Ljava/util/function/Consumer;)V+7
j  org.gradle.configuration.project.LifecycleProjectEvaluator$EvaluateProject.run(Lorg/gradle/internal/operations/BuildOperationContext;)V+16
j  org.gradle.internal.operations.DefaultBuildOperationRunner$1.execute(Lorg/gradle/internal/operations/RunnableBuildOperation;Lorg/gradle/internal/operations/BuildOperationContext;)V+2
j  org.gradle.internal.operations.DefaultBuildOperationRunner$1.execute(Lorg/gradle/internal/operations/BuildOperation;Lorg/gradle/internal/operations/BuildOperationContext;)V+6
j  org.gradle.internal.operations.DefaultBuildOperationRunner$2.execute(Lorg/gradle/internal/operations/BuildOperationDescriptor;Lorg/gradle/internal/operations/BuildOperationState;Lorg/gradle/internal/operations/BuildOperationState;Lorg/gradle/internal/operations/DefaultBuildOperationRunner$ReadableBuildOperationContext;Lorg/gradle/internal/operations/DefaultBuildOperationRunner$BuildOperationExecutionListener;)Lorg/gradle/internal/operations/BuildOperation;+22
j  org.gradle.internal.operations.DefaultBuildOperationRunner$2.execute(Lorg/gradle/internal/operations/BuildOperationDescriptor;Lorg/gradle/internal/operations/BuildOperationState;Lorg/gradle/internal/operations/BuildOperationState;Lorg/gradle/internal/operations/DefaultBuildOperationRunner$ReadableBuildOperationContext;Lorg/gradle/internal/operations/DefaultBuildOperationRunner$BuildOperationExecutionListener;)Ljava/lang/Object;+8
j  org.gradle.internal.operations.DefaultBuildOperationRunner.execute(Lorg/gradle/internal/operations/BuildOperationDescriptor$Builder;Lorg/gradle/internal/operations/DefaultBuildOperationRunner$BuildOperationExecution;)Ljava/lang/Object;+141
j  org.gradle.internal.operations.DefaultBuildOperationRunner.execute(Lorg/gradle/internal/operations/BuildOperation;Lorg/gradle/internal/operations/BuildOperationWorker;)V+17
j  org.gradle.internal.operations.DefaultBuildOperationRunner.run(Lorg/gradle/internal/operations/RunnableBuildOperation;)V+5
j  org.gradle.configuration.project.LifecycleProjectEvaluator.evaluate(Lorg/gradle/api/internal/project/ProjectInternal;Lorg/gradle/api/internal/project/ProjectStateInternal;)V+42
j  org.gradle.api.internal.project.DefaultProject.evaluateUnchecked()Lorg/gradle/api/internal/project/ProjectInternal;+20
j  org.gradle.api.internal.project.ProjectLifecycleController.lambda$ensureSelfConfigured$2()V+4
j  org.gradle.api.internal.project.ProjectLifecycleController$$Lambda+0x00000125ba949ac0.run()V+4
j  org.gradle.internal.model.StateTransitionController.lambda$doTransition$14(Ljava/lang/Runnable;)Lorg/gradle/internal/build/ExecutionResult;+1
j  org.gradle.internal.model.StateTransitionController$$Lambda+0x00000125ba460450.get()Ljava/lang/Object;+4
j  org.gradle.internal.model.StateTransitionController.doTransition(Lorg/gradle/internal/model/StateTransitionController$State;Lorg/gradle/internal/model/StateTransitionController$State;Ljava/util/function/Supplier;)Lorg/gradle/internal/build/ExecutionResult;+24
j  org.gradle.internal.model.StateTransitionController.doTransition(Lorg/gradle/internal/model/StateTransitionController$State;Lorg/gradle/internal/model/StateTransitionController$State;Ljava/lang/Runnable;)V+9
j  org.gradle.internal.model.StateTransitionController.lambda$maybeTransitionIfNotCurrentlyTransitioning$10(Lorg/gradle/internal/model/StateTransitionController$State;Lorg/gradle/internal/model/StateTransitionController$State;Ljava/lang/Runnable;)V+16
j  org.gradle.internal.model.StateTransitionController$$Lambda+0x00000125ba949ce8.run()V+16
j  org.gradle.internal.work.DefaultSynchronizer.withLock(Ljava/lang/Runnable;)V+6
j  org.gradle.internal.model.StateTransitionController.maybeTransitionIfNotCurrentlyTransitioning(Lorg/gradle/internal/model/StateTransitionController$State;Lorg/gradle/internal/model/StateTransitionController$State;Ljava/lang/Runnable;)V+13
j  org.gradle.api.internal.project.ProjectLifecycleController.ensureSelfConfigured()V+16
j  org.gradle.api.internal.project.DefaultProjectStateRegistry$ProjectStateImpl.ensureConfigured()V+19
j  org.gradle.execution.TaskPathProjectEvaluator.configure(Lorg/gradle/api/internal/project/ProjectInternal;)V+6
j  org.gradle.execution.TaskPathProjectEvaluator.configureHierarchy(Lorg/gradle/api/internal/project/ProjectInternal;)V+2
j  org.gradle.configuration.DefaultProjectsPreparer.prepareProjects(Lorg/gradle/api/internal/GradleInternal;)V+52
j  org.gradle.configuration.BuildTreePreparingProjectsPreparer.prepareProjects(Lorg/gradle/api/internal/GradleInternal;)V+114
j  org.gradle.configuration.BuildOperationFiringProjectsPreparer$ConfigureBuild.run(Lorg/gradle/internal/operations/BuildOperationContext;)V+11
j  org.gradle.internal.operations.DefaultBuildOperationRunner$1.execute(Lorg/gradle/internal/operations/RunnableBuildOperation;Lorg/gradle/internal/operations/BuildOperationContext;)V+2
j  org.gradle.internal.operations.DefaultBuildOperationRunner$1.execute(Lorg/gradle/internal/operations/BuildOperation;Lorg/gradle/internal/operations/BuildOperationContext;)V+6
j  org.gradle.internal.operations.DefaultBuildOperationRunner$2.execute(Lorg/gradle/internal/operations/BuildOperationDescriptor;Lorg/gradle/internal/operations/BuildOperationState;Lorg/gradle/internal/operations/BuildOperationState;Lorg/gradle/internal/operations/DefaultBuildOperationRunner$ReadableBuildOperationContext;Lorg/gradle/internal/operations/DefaultBuildOperationRunner$BuildOperationExecutionListener;)Lorg/gradle/internal/operations/BuildOperation;+22
j  org.gradle.internal.operations.DefaultBuildOperationRunner$2.execute(Lorg/gradle/internal/operations/BuildOperationDescriptor;Lorg/gradle/internal/operations/BuildOperationState;Lorg/gradle/internal/operations/BuildOperationState;Lorg/gradle/internal/operations/DefaultBuildOperationRunner$ReadableBuildOperationContext;Lorg/gradle/internal/operations/DefaultBuildOperationRunner$BuildOperationExecutionListener;)Ljava/lang/Object;+8
j  org.gradle.internal.operations.DefaultBuildOperationRunner.execute(Lorg/gradle/internal/operations/BuildOperationDescriptor$Builder;Lorg/gradle/internal/operations/DefaultBuildOperationRunner$BuildOperationExecution;)Ljava/lang/Object;+141
j  org.gradle.internal.operations.DefaultBuildOperationRunner.execute(Lorg/gradle/internal/operations/BuildOperation;Lorg/gradle/internal/operations/BuildOperationWorker;)V+17
j  org.gradle.internal.operations.DefaultBuildOperationRunner.run(Lorg/gradle/internal/operations/RunnableBuildOperation;)V+5
j  org.gradle.configuration.BuildOperationFiringProjectsPreparer.prepareProjects(Lorg/gradle/api/internal/GradleInternal;)V+13
j  org.gradle.initialization.VintageBuildModelController.lambda$prepareProjects$2()V+8
j  org.gradle.initialization.VintageBuildModelController$$Lambda+0x00000125ba7bbe60.run()V+4
j  org.gradle.internal.model.StateTransitionController.lambda$doTransition$14(Ljava/lang/Runnable;)Lorg/gradle/internal/build/ExecutionResult;+1
j  org.gradle.internal.model.StateTransitionController$$Lambda+0x00000125ba460450.get()Ljava/lang/Object;+4
j  org.gradle.internal.model.StateTransitionController.doTransition(Lorg/gradle/internal/model/StateTransitionController$State;Lorg/gradle/internal/model/StateTransitionController$State;Ljava/util/function/Supplier;)Lorg/gradle/internal/build/ExecutionResult;+24
j  org.gradle.internal.model.StateTransitionController.doTransition(Lorg/gradle/internal/model/StateTransitionController$State;Lorg/gradle/internal/model/StateTransitionController$State;Ljava/lang/Runnable;)V+9
j  org.gradle.internal.model.StateTransitionController.lambda$transitionIfNotPreviously$11(Lorg/gradle/internal/model/StateTransitionController$State;Lorg/gradle/internal/model/StateTransitionController$State;Ljava/lang/Runnable;)V+16
j  org.gradle.internal.model.StateTransitionController$$Lambda+0x00000125ba460228.run()V+16
j  org.gradle.internal.work.DefaultSynchronizer.withLock(Ljava/lang/Runnable;)V+6
j  org.gradle.internal.model.StateTransitionController.transitionIfNotPreviously(Lorg/gradle/internal/model/StateTransitionController$State;Lorg/gradle/internal/model/StateTransitionController$State;Ljava/lang/Runnable;)V+13
j  org.gradle.initialization.VintageBuildModelController.prepareProjects()V+16
j  org.gradle.initialization.VintageBuildModelController.getConfiguredModel()Lorg/gradle/api/internal/GradleInternal;+5
j  org.gradle.internal.build.DefaultBuildLifecycleController.lambda$withProjectsConfigured$1(Ljava/util/function/Function;)Ljava/lang/Object;+5
j  org.gradle.internal.build.DefaultBuildLifecycleController$$Lambda+0x00000125ba45bd58.get()Ljava/lang/Object;+8
j  org.gradle.internal.model.StateTransitionController.lambda$notInState$3(Lorg/gradle/internal/model/StateTransitionController$State;Ljava/util/function/Supplier;)Ljava/lang/Object;+11
j  org.gradle.internal.model.StateTransitionController$$Lambda+0x00000125ba458400.create()Ljava/lang/Object;+12
j  org.gradle.internal.work.DefaultSynchronizer.withLock(Lorg/gradle/internal/Factory;)Ljava/lang/Object;+6
j  org.gradle.internal.model.StateTransitionController.notInState(Lorg/gradle/internal/model/StateTransitionController$State;Ljava/util/function/Supplier;)Ljava/lang/Object;+12
j  org.gradle.internal.build.DefaultBuildLifecycleController.withProjectsConfigured(Ljava/util/function/Function;)Ljava/lang/Object;+14
j  org.gradle.internal.build.DefaultBuildToolingModelController.locateBuilderForTarget(Ljava/lang/String;Z)Lorg/gradle/tooling/provider/model/internal/ToolingModelScope;+38
j  org.gradle.internal.buildtree.DefaultBuildTreeModelCreator$DefaultBuildTreeModelController.lambda$locateBuilderForBuildTarget$0(Ljava/lang/String;ZLorg/gradle/internal/build/BuildToolingModelController;)Lorg/gradle/tooling/provider/model/internal/ToolingModelScope;+3
j  org.gradle.internal.buildtree.DefaultBuildTreeModelCreator$DefaultBuildTreeModelController$$Lambda+0x00000125ba449d80.apply(Ljava/lang/Object;)Ljava/lang/Object;+12
j  org.gradle.internal.build.DefaultBuildLifecycleController.withToolingModels(Ljava/util/function/Function;)Ljava/lang/Object;+15
j  org.gradle.internal.build.AbstractBuildState.withToolingModels(Ljava/util/function/Function;)Ljava/lang/Object;+5
j  org.gradle.internal.buildtree.DefaultBuildTreeModelCreator$DefaultBuildTreeModelController.locateBuilderForBuildTarget(Lorg/gradle/internal/build/BuildState;Ljava/lang/String;Z)Lorg/gradle/tooling/provider/model/internal/ToolingModelScope;+8
j  org.gradle.internal.buildtree.DefaultBuildTreeModelCreator$DefaultBuildTreeModelController.locateBuilderForDefaultTarget(Ljava/lang/String;Z)Lorg/gradle/tooling/provider/model/internal/ToolingModelScope;+10
j  org.gradle.internal.buildtree.DefaultBuildTreeModelCreator$DefaultBuildTreeModelController.locateBuilderForTarget(Lorg/gradle/internal/buildtree/BuildTreeModelTarget;Ljava/lang/String;Z)Lorg/gradle/tooling/provider/model/internal/ToolingModelScope;+10
j  org.gradle.internal.buildtree.DefaultBuildTreeModelCreator$DefaultBuildTreeModelController.access$200(Lorg/gradle/internal/buildtree/DefaultBuildTreeModelCreator$DefaultBuildTreeModelController;Lorg/gradle/internal/buildtree/BuildTreeModelTarget;Ljava/lang/String;Z)Lorg/gradle/tooling/provider/model/internal/ToolingModelScope;+4
j  org.gradle.internal.buildtree.DefaultBuildTreeModelCreator$DefaultBuildTreeModelController$1.call(Lorg/gradle/internal/operations/BuildOperationContext;)Ljava/lang/Object;+24
j  org.gradle.internal.operations.DefaultBuildOperationRunner$CallableBuildOperationWorker.execute(Lorg/gradle/internal/operations/CallableBuildOperation;Lorg/gradle/internal/operations/BuildOperationContext;)V+3
j  org.gradle.internal.operations.DefaultBuildOperationRunner$CallableBuildOperationWorker.execute(Lorg/gradle/internal/operations/BuildOperation;Lorg/gradle/internal/operations/BuildOperationContext;)V+6
j  org.gradle.internal.operations.DefaultBuildOperationRunner$2.execute(Lorg/gradle/internal/operations/BuildOperationDescriptor;Lorg/gradle/internal/operations/BuildOperationState;Lorg/gradle/internal/operations/BuildOperationState;Lorg/gradle/internal/operations/DefaultBuildOperationRunner$ReadableBuildOperationContext;Lorg/gradle/internal/operations/DefaultBuildOperationRunner$BuildOperationExecutionListener;)Lorg/gradle/internal/operations/BuildOperation;+22
j  org.gradle.internal.operations.DefaultBuildOperationRunner$2.execute(Lorg/gradle/internal/operations/BuildOperationDescriptor;Lorg/gradle/internal/operations/BuildOperationState;Lorg/gradle/internal/operations/BuildOperationState;Lorg/gradle/internal/operations/DefaultBuildOperationRunner$ReadableBuildOperationContext;Lorg/gradle/internal/operations/DefaultBuildOperationRunner$BuildOperationExecutionListener;)Ljava/lang/Object;+8
j  org.gradle.internal.operations.DefaultBuildOperationRunner.execute(Lorg/gradle/internal/operations/BuildOperationDescriptor$Builder;Lorg/gradle/internal/operations/DefaultBuildOperationRunner$BuildOperationExecution;)Ljava/lang/Object;+141
j  org.gradle.internal.operations.DefaultBuildOperationRunner.execute(Lorg/gradle/internal/operations/BuildOperation;Lorg/gradle/internal/operations/BuildOperationWorker;)V+17
j  org.gradle.internal.operations.DefaultBuildOperationRunner.call(Lorg/gradle/internal/operations/CallableBuildOperation;)Ljava/lang/Object;+12
j  org.gradle.internal.buildtree.DefaultBuildTreeModelCreator$DefaultBuildTreeModelController.getModel(Lorg/gradle/internal/buildtree/BuildTreeModelTarget;Ljava/lang/String;Ljava/lang/Object;)Ljava/lang/Object;+18
j  org.gradle.tooling.internal.provider.runner.BuildModelActionRunner$ModelCreateAction.fromBuildModel(Lorg/gradle/internal/buildtree/BuildTreeModelController;)Ljava/lang/Object;+14
j  org.gradle.internal.buildtree.DefaultBuildTreeModelCreator.fromBuildModel(Lorg/gradle/internal/buildtree/BuildTreeModelAction;)Ljava/lang/Object;+10
j  org.gradle.internal.cc.impl.barrier.BarrierAwareBuildTreeModelCreator.fromBuildModel$lambda$0(Lorg/gradle/internal/cc/impl/barrier/BarrierAwareBuildTreeModelCreator;Lorg/gradle/internal/buildtree/BuildTreeModelAction;)Ljava/lang/Object;+5
j  org.gradle.internal.cc.impl.barrier.BarrierAwareBuildTreeModelCreator$$Lambda+0x00000125ba429d48.invoke()Ljava/lang/Object;+8
j  org.gradle.internal.cc.impl.barrier.VintageConfigurationTimeActionRunner.runConfigurationTimeAction(Lkotlin/jvm/functions/Function0;)Ljava/lang/Object;+25
j  org.gradle.internal.cc.impl.barrier.BarrierAwareBuildTreeModelCreator.fromBuildModel(Lorg/gradle/internal/buildtree/BuildTreeModelAction;)Ljava/lang/Object;+17
j  org.gradle.internal.buildtree.DefaultBuildTreeLifecycleController.lambda$fromBuildModel$2(Lorg/gradle/internal/buildtree/BuildTreeModelAction;Z)Lorg/gradle/internal/build/ExecutionResult;+57
j  org.gradle.internal.buildtree.DefaultBuildTreeLifecycleController$$Lambda+0x00000125ba44b3e8.get()Ljava/lang/Object;+12
j  org.gradle.internal.buildtree.DefaultBuildTreeLifecycleController.lambda$runBuild$4(Ljava/util/function/Supplier;)Ljava/lang/Object;+1
j  org.gradle.internal.buildtree.DefaultBuildTreeLifecycleController$$Lambda+0x00000125ba44b610.get()Ljava/lang/Object;+8
j  org.gradle.internal.model.StateTransitionController.lambda$transition$6(Ljava/util/function/Supplier;)Lorg/gradle/internal/build/ExecutionResult;+1
j  org.gradle.internal.model.StateTransitionController$$Lambda+0x00000125ba44ba60.get()Ljava/lang/Object;+4
j  org.gradle.internal.model.StateTransitionController.doTransition(Lorg/gradle/internal/model/StateTransitionController$State;Lorg/gradle/internal/model/StateTransitionController$State;Ljava/util/function/Supplier;)Lorg/gradle/internal/build/ExecutionResult;+24
j  org.gradle.internal.model.StateTransitionController.lambda$transition$7(Lorg/gradle/internal/model/StateTransitionController$State;Lorg/gradle/internal/model/StateTransitionController$State;Ljava/util/function/Supplier;)Ljava/lang/Object;+9
j  org.gradle.internal.model.StateTransitionController$$Lambda+0x00000125ba44b838.create()Ljava/lang/Object;+16
j  org.gradle.internal.work.DefaultSynchronizer.withLock(Lorg/gradle/internal/Factory;)Ljava/lang/Object;+6
j  org.gradle.internal.model.StateTransitionController.transition(Lorg/gradle/internal/model/StateTransitionController$State;Lorg/gradle/internal/model/StateTransitionController$State;Ljava/util/function/Supplier;)Ljava/lang/Object;+13
j  org.gradle.internal.buildtree.DefaultBuildTreeLifecycleController.runBuild(Ljava/util/function/Supplier;)Ljava/lang/Object;+17
j  org.gradle.internal.buildtree.DefaultBuildTreeLifecycleController.fromBuildModel(ZLorg/gradle/internal/buildtree/BuildTreeModelAction;)Ljava/lang/Object;+9
j  org.gradle.tooling.internal.provider.runner.BuildModelActionRunner.run(Lorg/gradle/internal/invocation/BuildAction;Lorg/gradle/internal/buildtree/BuildTreeLifecycleController;)Lorg/gradle/internal/buildtree/BuildActionRunner$Result;+40
j  org.gradle.launcher.exec.ChainingBuildActionRunner.run(Lorg/gradle/internal/invocation/BuildAction;Lorg/gradle/internal/buildtree/BuildTreeLifecycleController;)Lorg/gradle/internal/buildtree/BuildActionRunner$Result;+34
j  org.gradle.internal.buildtree.ProblemReportingBuildActionRunner.run(Lorg/gradle/internal/invocation/BuildAction;Lorg/gradle/internal/buildtree/BuildTreeLifecycleController;)Lorg/gradle/internal/buildtree/BuildActionRunner$Result;+12
j  org.gradle.launcher.exec.BuildOutcomeReportingBuildActionRunner.run(Lorg/gradle/internal/invocation/BuildAction;Lorg/gradle/internal/buildtree/BuildTreeLifecycleController;)Lorg/gradle/internal/buildtree/BuildActionRunner$Result;+69
j  org.gradle.tooling.internal.provider.FileSystemWatchingBuildActionRunner.run(Lorg/gradle/internal/invocation/BuildAction;Lorg/gradle/internal/buildtree/BuildTreeLifecycleController;)Lorg/gradle/internal/buildtree/BuildActionRunner$Result;+317
j  org.gradle.launcher.exec.BuildCompletionNotifyingBuildActionRunner.run(Lorg/gradle/internal/invocation/BuildAction;Lorg/gradle/internal/buildtree/BuildTreeLifecycleController;)Lorg/gradle/internal/buildtree/BuildActionRunner$Result;+6
j  org.gradle.launcher.exec.RootBuildLifecycleBuildActionExecutor.lambda$execute$0(Lorg/gradle/internal/invocation/BuildAction;Lorg/gradle/internal/buildtree/BuildTreeLifecycleController;)Lorg/gradle/internal/buildtree/BuildActionRunner$Result;+6
j  org.gradle.launcher.exec.RootBuildLifecycleBuildActionExecutor$$Lambda+0x00000125ba436a30.apply(Ljava/lang/Object;)Ljava/lang/Object;+12
j  org.gradle.composite.internal.DefaultRootBuildState.run(Ljava/util/function/Function;)Ljava/lang/Object;+92
j  org.gradle.launcher.exec.RootBuildLifecycleBuildActionExecutor.execute(Lorg/gradle/internal/invocation/BuildAction;)Lorg/gradle/internal/buildtree/BuildActionRunner$Result;+91
j  org.gradle.launcher.exec.BuildTreeLifecycleBuildActionExecutor.runRootBuildAction(Lorg/gradle/internal/invocation/BuildAction;Lorg/gradle/internal/service/ServiceRegistry;Lorg/gradle/internal/buildtree/BuildTreeModelControllerServices$Supplier;)Lorg/gradle/internal/buildtree/BuildActionRunner$Result;+39
j  org.gradle.launcher.exec.BuildTreeLifecycleBuildActionExecutor.execute(Lorg/gradle/internal/invocation/BuildAction;Lorg/gradle/internal/session/BuildSessionContext;)Lorg/gradle/internal/buildtree/BuildActionRunner$Result;+44
j  org.gradle.launcher.exec.RunAsBuildOperationBuildActionExecutor$2.call(Lorg/gradle/internal/operations/BuildOperationContext;)Lorg/gradle/internal/buildtree/BuildActionRunner$Result;+25
j  org.gradle.launcher.exec.RunAsBuildOperationBuildActionExecutor$2.call(Lorg/gradle/internal/operations/BuildOperationContext;)Ljava/lang/Object;+2
j  org.gradle.internal.operations.DefaultBuildOperationRunner$CallableBuildOperationWorker.execute(Lorg/gradle/internal/operations/CallableBuildOperation;Lorg/gradle/internal/operations/BuildOperationContext;)V+3
j  org.gradle.internal.operations.DefaultBuildOperationRunner$CallableBuildOperationWorker.execute(Lorg/gradle/internal/operations/BuildOperation;Lorg/gradle/internal/operations/BuildOperationContext;)V+6
j  org.gradle.internal.operations.DefaultBuildOperationRunner$2.execute(Lorg/gradle/internal/operations/BuildOperationDescriptor;Lorg/gradle/internal/operations/BuildOperationState;Lorg/gradle/internal/operations/BuildOperationState;Lorg/gradle/internal/operations/DefaultBuildOperationRunner$ReadableBuildOperationContext;Lorg/gradle/internal/operations/DefaultBuildOperationRunner$BuildOperationExecutionListener;)Lorg/gradle/internal/operations/BuildOperation;+22
j  org.gradle.internal.operations.DefaultBuildOperationRunner$2.execute(Lorg/gradle/internal/operations/BuildOperationDescriptor;Lorg/gradle/internal/operations/BuildOperationState;Lorg/gradle/internal/operations/BuildOperationState;Lorg/gradle/internal/operations/DefaultBuildOperationRunner$ReadableBuildOperationContext;Lorg/gradle/internal/operations/DefaultBuildOperationRunner$BuildOperationExecutionListener;)Ljava/lang/Object;+8
j  org.gradle.internal.operations.DefaultBuildOperationRunner.execute(Lorg/gradle/internal/operations/BuildOperationDescriptor$Builder;Lorg/gradle/internal/operations/DefaultBuildOperationRunner$BuildOperationExecution;)Ljava/lang/Object;+141
j  org.gradle.internal.operations.DefaultBuildOperationRunner.execute(Lorg/gradle/internal/operations/BuildOperation;Lorg/gradle/internal/operations/BuildOperationWorker;)V+17
j  org.gradle.internal.operations.DefaultBuildOperationRunner.call(Lorg/gradle/internal/operations/CallableBuildOperation;)Ljava/lang/Object;+12
j  org.gradle.launcher.exec.RunAsBuildOperationBuildActionExecutor.execute(Lorg/gradle/internal/invocation/BuildAction;Lorg/gradle/internal/session/BuildSessionContext;)Lorg/gradle/internal/buildtree/BuildActionRunner$Result;+23
j  org.gradle.launcher.exec.RunAsWorkerThreadBuildActionExecutor.lambda$execute$0(Lorg/gradle/internal/invocation/BuildAction;Lorg/gradle/internal/session/BuildSessionContext;)Lorg/gradle/internal/buildtree/BuildActionRunner$Result;+6
j  org.gradle.launcher.exec.RunAsWorkerThreadBuildActionExecutor$$Lambda+0x00000125ba273b68.create()Ljava/lang/Object;+12
j  org.gradle.internal.work.DefaultWorkerLeaseService.lambda$withLocksAcquired$0(Lorg/gradle/internal/Factory;Ljava/util/Collection;)Ljava/lang/Object;+1
j  org.gradle.internal.work.DefaultWorkerLeaseService$$Lambda+0x00000125ba27f788.create()Ljava/lang/Object;+12
j  org.gradle.internal.work.ResourceLockStatistics$1.measure(Ljava/lang/String;Ljava/lang/Iterable;Lorg/gradle/internal/Factory;)Ljava/lang/Object;+1
j  org.gradle.internal.work.DefaultWorkerLeaseService.withLocksAcquired(Ljava/util/Collection;Lorg/gradle/internal/Factory;)Ljava/lang/Object;+21
j  org.gradle.internal.work.DefaultWorkerLeaseService.withLocks(Ljava/util/Collection;Lorg/gradle/internal/Factory;)Ljava/lang/Object;+25
j  org.gradle.internal.work.DefaultWorkerLeaseService.runAsWorkerThread(Lorg/gradle/internal/Factory;)Ljava/lang/Object;+33
j  org.gradle.launcher.exec.RunAsWorkerThreadBuildActionExecutor.execute(Lorg/gradle/internal/invocation/BuildAction;Lorg/gradle/internal/session/BuildSessionContext;)Lorg/gradle/internal/buildtree/BuildActionRunner$Result;+12
j  org.gradle.tooling.internal.provider.continuous.ContinuousBuildActionExecutor.execute(Lorg/gradle/internal/invocation/BuildAction;Lorg/gradle/internal/session/BuildSessionContext;)Lorg/gradle/internal/buildtree/BuildActionRunner$Result;+58
j  org.gradle.tooling.internal.provider.SubscribableBuildActionExecutor.execute(Lorg/gradle/internal/invocation/BuildAction;Lorg/gradle/internal/session/BuildSessionContext;)Lorg/gradle/internal/buildtree/BuildActionRunner$Result;+30
j  org.gradle.internal.session.DefaultBuildSessionContext.execute(Lorg/gradle/internal/invocation/BuildAction;)Lorg/gradle/internal/buildtree/BuildActionRunner$Result;+64
j  org.gradle.internal.buildprocess.execution.BuildSessionLifecycleBuildActionExecutor$ActionImpl.apply(Lorg/gradle/internal/session/BuildSessionContext;)Lorg/gradle/launcher/exec/BuildActionResult;+6
j  org.gradle.internal.buildprocess.execution.BuildSessionLifecycleBuildActionExecutor$ActionImpl.apply(Ljava/lang/Object;)Ljava/lang/Object;+5
j  org.gradle.internal.session.BuildSessionState.run(Ljava/util/function/Function;)Ljava/lang/Object;+5
j  org.gradle.internal.buildprocess.execution.BuildSessionLifecycleBuildActionExecutor.execute(Lorg/gradle/internal/invocation/BuildAction;Lorg/gradle/launcher/exec/BuildActionParameters;Lorg/gradle/initialization/BuildRequestContext;)Lorg/gradle/launcher/exec/BuildActionResult;+105
j  org.gradle.internal.buildprocess.execution.BuildSessionLifecycleBuildActionExecutor.execute(Lorg/gradle/internal/invocation/BuildAction;Ljava/lang/Object;Ljava/lang/Object;)Lorg/gradle/launcher/exec/BuildActionResult;+10
j  org.gradle.internal.buildprocess.execution.StartParamsValidatingActionExecutor.execute(Lorg/gradle/internal/invocation/BuildAction;Lorg/gradle/launcher/exec/BuildActionParameters;Lorg/gradle/initialization/BuildRequestContext;)Lorg/gradle/launcher/exec/BuildActionResult;+142
j  org.gradle.internal.buildprocess.execution.StartParamsValidatingActionExecutor.execute(Lorg/gradle/internal/invocation/BuildAction;Ljava/lang/Object;Ljava/lang/Object;)Lorg/gradle/launcher/exec/BuildActionResult;+10
j  org.gradle.internal.buildprocess.execution.SessionFailureReportingActionExecutor.execute(Lorg/gradle/internal/invocation/BuildAction;Lorg/gradle/launcher/exec/BuildActionParameters;Lorg/gradle/initialization/BuildRequestContext;)Lorg/gradle/launcher/exec/BuildActionResult;+7
j  org.gradle.internal.buildprocess.execution.SessionFailureReportingActionExecutor.execute(Lorg/gradle/internal/invocation/BuildAction;Ljava/lang/Object;Ljava/lang/Object;)Lorg/gradle/launcher/exec/BuildActionResult;+10
j  org.gradle.internal.buildprocess.execution.SetupLoggingActionExecutor.execute(Lorg/gradle/internal/invocation/BuildAction;Lorg/gradle/launcher/exec/BuildActionParameters;Lorg/gradle/initialization/BuildRequestContext;)Lorg/gradle/launcher/exec/BuildActionResult;+50
j  org.gradle.internal.buildprocess.execution.SetupLoggingActionExecutor.execute(Lorg/gradle/internal/invocation/BuildAction;Ljava/lang/Object;Ljava/lang/Object;)Lorg/gradle/launcher/exec/BuildActionResult;+10
j  org.gradle.launcher.daemon.server.exec.ExecuteBuild.doBuild(Lorg/gradle/launcher/daemon/server/api/DaemonCommandExecution;Lorg/gradle/launcher/daemon/protocol/Build;)V+147
j  org.gradle.launcher.daemon.server.exec.BuildCommandOnly.execute(Lorg/gradle/launcher/daemon/server/api/DaemonCommandExecution;)V+49
j  org.gradle.launcher.daemon.server.api.DaemonCommandExecution.proceed()Z+23
j  org.gradle.launcher.daemon.server.exec.WatchForDisconnection.execute(Lorg/gradle/launcher/daemon/server/api/DaemonCommandExecution;)V+19
j  org.gradle.launcher.daemon.server.api.DaemonCommandExecution.proceed()Z+23
j  org.gradle.launcher.daemon.server.exec.ResetDeprecationLogger.execute(Lorg/gradle/launcher/daemon/server/api/DaemonCommandExecution;)V+7
j  org.gradle.launcher.daemon.server.api.DaemonCommandExecution.proceed()Z+23
j  org.gradle.launcher.daemon.server.exec.RequestStopIfSingleUsedDaemon.execute(Lorg/gradle/launcher/daemon/server/api/DaemonCommandExecution;)V+33
j  org.gradle.launcher.daemon.server.api.DaemonCommandExecution.proceed()Z+23
j  org.gradle.launcher.daemon.server.exec.ForwardClientInput.lambda$execute$0(Lorg/gradle/launcher/daemon/server/api/DaemonCommandExecution;Lorg/gradle/internal/daemon/clientinput/StdinHandler;)Ljava/lang/Object;+11
j  org.gradle.launcher.daemon.server.exec.ForwardClientInput$$Lambda+0x00000125ba194768.apply(Ljava/lang/Object;)Ljava/lang/Object;+8
j  org.gradle.internal.daemon.clientinput.ClientInputForwarder.forwardInput(Ljava/util/function/Function;)Ljava/lang/Object;+46
j  org.gradle.launcher.daemon.server.exec.ForwardClientInput.execute(Lorg/gradle/launcher/daemon/server/api/DaemonCommandExecution;)V+10
j  org.gradle.launcher.daemon.server.api.DaemonCommandExecution.proceed()Z+23
j  org.gradle.launcher.daemon.server.exec.LogAndCheckHealth.execute(Lorg/gradle/launcher/daemon/server/api/DaemonCommandExecution;)V+51
j  org.gradle.launcher.daemon.server.api.DaemonCommandExecution.proceed()Z+23
j  org.gradle.launcher.daemon.server.exec.LogToClient.doBuild(Lorg/gradle/launcher/daemon/server/api/DaemonCommandExecution;Lorg/gradle/launcher/daemon/protocol/Build;)V+87
j  org.gradle.launcher.daemon.server.exec.BuildCommandOnly.execute(Lorg/gradle/launcher/daemon/server/api/DaemonCommandExecution;)V+49
j  org.gradle.launcher.daemon.server.api.DaemonCommandExecution.proceed()Z+23
j  org.gradle.launcher.daemon.server.exec.EstablishBuildEnvironment.doBuild(Lorg/gradle/launcher/daemon/server/api/DaemonCommandExecution;Lorg/gradle/launcher/daemon/protocol/Build;)V+356
j  org.gradle.launcher.daemon.server.exec.BuildCommandOnly.execute(Lorg/gradle/launcher/daemon/server/api/DaemonCommandExecution;)V+49
j  org.gradle.launcher.daemon.server.api.DaemonCommandExecution.proceed()Z+23
j  org.gradle.launcher.daemon.server.exec.StartBuildOrRespondWithBusy$1.run()V+44
j  org.gradle.launcher.daemon.server.DaemonStateCoordinator.lambda$runCommand$0(Ljava/lang/Runnable;)V+1
j  org.gradle.launcher.daemon.server.DaemonStateCoordinator$$Lambda+0x00000125ba18f178.run()V+8
j  org.gradle.internal.concurrent.ExecutorPolicy$CatchAndRecordFailures.onExecute(Ljava/lang/Runnable;)V+1
j  org.gradle.internal.concurrent.AbstractManagedExecutor$1.run()V+25
j  java.util.concurrent.ThreadPoolExecutor.runWorker(Ljava/util/concurrent/ThreadPoolExecutor$Worker;)V+92 java.base@21.0.10
j  java.util.concurrent.ThreadPoolExecutor$Worker.run()V+5 java.base@21.0.10
j  java.lang.Thread.runWith(Ljava/lang/Object;Ljava/lang/Runnable;)V+5 java.base@21.0.10
j  java.lang.Thread.run()V+19 java.base@21.0.10
v  ~StubRoutines::call_stub 0x00000125add410e7

Compiled method (n/a) 40157  836     n 0       java.lang.ClassLoader::defineClass1 (native)
 total in heap  [0x00000125ae338210,0x00000125ae3388a8] = 1688
 relocation     [0x00000125ae338370,0x00000125ae3383a8] = 56
 main code      [0x00000125ae3383c0,0x00000125ae3388a7] = 1255
 stub code      [0x00000125ae3388a7,0x00000125ae3388a8] = 1

[Constant Pool (empty)]

[MachCode]
[Entry Point]
  # {method} {0x00000125b9434f58} 'defineClass1' '(Ljava/lang/ClassLoader;Ljava/lang/String;[BIILjava/security/ProtectionDomain;Ljava/lang/String;)Ljava/lang/Class;' in 'java/lang/ClassLoader'
  # parm0:    rdx:rdx   = 'java/lang/ClassLoader'
  # parm1:    r8:r8     = 'java/lang/String'
  # parm2:    r9:r9     = '[B'
  # parm3:    rdi       = int
  # parm4:    rsi       = int
  # parm5:    rcx:rcx   = 'java/security/ProtectionDomain'
  # parm6:    [sp+0xa0]   = 'java/lang/String'  (sp of caller)
  0x00000125ae3383c0: 448b 5208 | 49bb 0000 | 00b9 2501 | 0000 4d03 | d349 3bc2 | 0f84 0600 

  0x00000125ae3383d8: ;   {runtime_call ic_miss_stub}
  0x00000125ae3383d8: 0000 e9a1 | 65a5 ff90 
[Verified Entry Point]
  0x00000125ae3383e0: 8984 2400 | 80ff ff55 | 488b ec48 | 81ec 9000 | 0000 6690 | 4181 7f20 | 1300 0000 

  0x00000125ae3383fc: ;   {runtime_call StubRoutines (final stubs)}
  0x00000125ae3383fc: 7405 e89d | fea3 ff48 | 837d 1000 | 488d 4510 | 480f 4445 | 1048 8944 | 2440 4889 | 4c24 7048 
  0x00000125ae33841c: 83f9 0048 | 8d44 2470 | 480f 4444 | 2470 4889 | 4424 3848 | 8974 2430 | 4889 7c24 | 284c 894c 
  0x00000125ae33843c: 2458 4983 | f900 488d | 4424 5848 | 0f44 4424 | 5848 8944 | 2420 4c89 | 4424 5049 | 83f8 004c 
  0x00000125ae33845c: 8d4c 2450 | 4c0f 444c | 2450 4889 | 5424 4848 | 83fa 004c | 8d44 2448 | 4c0f 4444 

  0x00000125ae338478: ;   {oop(a 'java/lang/Class'{0x00000000c0713250} = 'java/lang/ClassLoader')}
  0x00000125ae338478: 2448 49be | 5032 71c0 | 0000 0000 | 4c89 7424 | 784c 8d74 | 2478 498b | d6c5 f877 

  0x00000125ae338494: ;   {internal_word}
  0x00000125ae338494: 49ba 9184 | 33ae 2501 | 0000 4d89 | 97a8 0300 | 0049 89a7 | a003 0000 

  0x00000125ae3384ac: ;   {external_word}
  0x00000125ae3384ac: 49ba c65c | 9208 fc7f | 0000 4180 | 3a00 0f84 | 4e00 0000 | 5241 5041 

  0x00000125ae3384c4: ;   {metadata({method} {0x00000125b9434f58} 'defineClass1' '(Ljava/lang/ClassLoader;Ljava/lang/String;[BIILjava/security/ProtectionDomain;Ljava/lang/String;)Ljava/lang/Class;' in 'java/lang/ClassLoader')}
  0x00000125ae3384c4: 5148 ba50 | 4f43 b925 | 0100 0049 | 8bcf 4883 | ec20 40f6 | c40f 0f84 | 1900 0000 | 4883 ec08 
  0x00000125ae3384e4: ;   {runtime_call}
  0x00000125ae3384e4: 48b8 50e1 | 3b08 fc7f | 0000 ffd0 | 4883 c408 | e90c 0000 

  0x00000125ae3384f8: ;   {runtime_call}
  0x00000125ae3384f8: 0048 b850 | e13b 08fc | 7f00 00ff | d048 83c4 | 2041 5941 | 585a 498d | 8fc0 0300 | 0041 c787 
  0x00000125ae338518: 4c04 0000 | 0400 0000 

  0x00000125ae338520: ;   {runtime_call}
  0x00000125ae338520: 48b8 ac16 | 3c3d fc7f | 0000 ffd0 | c5f8 7741 | c787 4c04 | 0000 0500 | 0000 f083 | 4424 c000 
  0x00000125ae338540: 493b af50 | 0400 000f | 870e 0000 | 0041 83bf | 4804 0000 | 000f 842b | 0000 00c5 | f877 4889 
  0x00000125ae338560: 45f8 498b | cf4c 8be4 | 4883 ec20 | 4883 e4f0 

  0x00000125ae338570: ;   {runtime_call}
  0x00000125ae338570: 48b8 d052 | 0708 fc7f | 0000 ffd0 | 498b e44d | 33e4 488b | 45f8 41c7 | 874c 0400 | 0008 0000 
  0x00000125ae338590: 0041 83bf | c804 0000 | 020f 84db 

  0x00000125ae33859c: ;   {external_word}
  0x00000125ae33859c: 0200 0049 | bac6 5c92 | 08fc 7f00 | 0041 803a | 000f 844c | 0000 0048 

  0x00000125ae3385b4: ;   {metadata({method} {0x00000125b9434f58} 'defineClass1' '(Ljava/lang/ClassLoader;Ljava/lang/String;[BIILjava/security/ProtectionDomain;Ljava/lang/String;)Ljava/lang/Class;' in 'java/lang/ClassLoader')}
  0x00000125ae3385b4: 8945 f848 | ba50 4f43 | b925 0100 | 0049 8bcf | 4883 ec20 | 40f6 c40f | 0f84 1900 | 0000 4883 
  0x00000125ae3385d4: ;   {runtime_call}
  0x00000125ae3385d4: ec08 48b8 | 50e1 3b08 | fc7f 0000 | ffd0 4883 | c408 e90c 

  0x00000125ae3385e8: ;   {runtime_call}
  0x00000125ae3385e8: 0000 0048 | b850 e13b | 08fc 7f00 | 00ff d048 | 83c4 2048 | 8b45 f849 | c787 a003 | 0000 0000 
  0x00000125ae338608: 0000 49c7 | 87a8 0300 | 0000 0000 | 00c5 f877 | 4885 c00f | 8436 0200 | 00a8 030f | 8508 0000 
  0x00000125ae338628: 0048 8b00 | e926 0200 | 00a8 010f | 8509 0000 | 0048 8b40 | fee9 1502 | 0000 488b | 40ff 4180 
  0x00000125ae338648: 7f40 000f | 8406 0200 | 0048 83f8 | 000f 84fc | 0100 0049 | 8b4f 2848 | 83f9 000f | 8414 0000 
  0x00000125ae338668: 0048 83e9 | 0849 894f | 2849 034f | 3848 8901 | e9da 0100 | 0048 81ec | f000 0000 | 4889 0424 
  0x00000125ae338688: 4889 4c24 | 0848 8954 | 2410 4c89 | 4424 184c | 894c 2420 | 4c89 5424 | 284c 895c | 2430 c5fb 
  0x00000125ae3386a8: 1144 2440 | c5fb 114c | 2448 c5fb | 1154 2450 | c5fb 115c | 2458 c5fb | 1164 2460 | c5fb 116c 
  0x00000125ae3386c8: 2468 62e1 | ff08 1144 | 240e 62e1 | ff08 114c | 240f 62e1 | ff08 1154 | 2410 62e1 | ff08 115c 
  0x00000125ae3386e8: ;   {no_reloc}
  0x00000125ae3386e8: 2411 62e1 | ff08 1164 | 2412 62e1 | ff08 116c | 2413 62e1 | ff08 1174 | 2414 62e1 | ff08 117c 
  0x00000125ae338708: 2415 6261 | ff08 1144 | 2416 6261 | ff08 114c | 2417 6261 | ff08 1154 | 2418 6261 | ff08 115c 
  0x00000125ae338728: 2419 6261 | ff08 1164 | 241a 6261 | ff08 116c | 241b 6261 | ff08 1174 | 241c 6261 | ff08 117c 
  0x00000125ae338748: 241d 498b | d748 8bc8 | 4883 ec20 | 40f6 c40f | 0f84 1900 | 0000 4883 

  0x00000125ae338760: ;   {runtime_call}
  0x00000125ae338760: ec08 48b8 | f0a0 fa07 | fc7f 0000 | ffd0 4883 | c408 e90c 

  0x00000125ae338774: ;   {runtime_call}
  0x00000125ae338774: 0000 0048 | b8f0 a0fa | 07fc 7f00 | 00ff d048 | 83c4 2062 | 61ff 0810 | 7c24 1d62 | 61ff 0810 
  0x00000125ae338794: 7424 1c62 | 61ff 0810 | 6c24 1b62 | 61ff 0810 | 6424 1a62 | 61ff 0810 | 5c24 1962 | 61ff 0810 
  0x00000125ae3387b4: 5424 1862 | 61ff 0810 | 4c24 1762 | 61ff 0810 | 4424 1662 | e1ff 0810 | 7c24 1562 | e1ff 0810 
  0x00000125ae3387d4: 7424 1462 | e1ff 0810 | 6c24 1362 | e1ff 0810 | 6424 1262 | e1ff 0810 | 5c24 1162 | e1ff 0810 
  0x00000125ae3387f4: 5424 1062 | e1ff 0810 | 4c24 0f62 | e1ff 0810 | 4424 0ec5 | fb10 6c24 | 68c5 fb10 | 6424 60c5 
  0x00000125ae338814: fb10 5c24 | 58c5 fb10 | 5424 50c5 | fb10 4c24 | 48c5 fb10 | 4424 404c | 8b5c 2430 | 4c8b 5424 
  0x00000125ae338834: 284c 8b4c | 2420 4c8b | 4424 1848 | 8b54 2410 | 488b 4c24 | 0848 8b04 | 2448 81c4 | f000 0000 
  0x00000125ae338854: c5f8 7749 | 8b8f 3004 | 0000 c781 | 0001 0000 | 0000 0000 | c949 837f | 0800 0f85 | 0100 0000 
  0x00000125ae338874: ;   {runtime_call StubRoutines (initial stubs)}
  0x00000125ae338874: c3e9 8686 | a0ff c5f8 | 7748 8945 | f84c 8be4 | 4883 ec20 | 4883 e4f0 

  0x00000125ae33888c: ;   {runtime_call}
  0x00000125ae33888c: 48b8 a018 | 3c08 fc7f | 0000 ffd0 | 498b e44d | 33e4 488b | 45f8 e9f8 | fcff fff4 
[/MachCode]


Compiled method (c2) 40181 6973       4       java.lang.ClassLoader::defineClass (43 bytes)
 total in heap  [0x00000125ae4fee90,0x00000125ae502e08] = 16248
 relocation     [0x00000125ae4feff0,0x00000125ae4ff260] = 624
 main code      [0x00000125ae4ff260,0x00000125ae5015a0] = 9024
 stub code      [0x00000125ae5015a0,0x00000125ae501698] = 248
 oops           [0x00000125ae501698,0x00000125ae5016b0] = 24
 metadata       [0x00000125ae5016b0,0x00000125ae501818] = 360
 scopes data    [0x00000125ae501818,0x00000125ae5025f8] = 3552
 scopes pcs     [0x00000125ae5025f8,0x00000125ae502b38] = 1344
 dependencies   [0x00000125ae502b38,0x00000125ae502b48] = 16
 handler table  [0x00000125ae502b48,0x00000125ae502da0] = 600
 nul chk table  [0x00000125ae502da0,0x00000125ae502e08] = 104

[Constant Pool (empty)]

[MachCode]
[Entry Point]
  # {method} {0x00000125b94352d8} 'defineClass' '(Ljava/lang/String;[BIILjava/security/ProtectionDomain;)Ljava/lang/Class;' in 'java/lang/ClassLoader'
  # this:     rdx:rdx   = 'java/lang/ClassLoader'
  # parm0:    r8:r8     = 'java/lang/String'
  # parm1:    r9:r9     = '[B'
  # parm2:    rdi       = int
  # parm3:    rsi       = int
  # parm4:    rcx:rcx   = 'java/security/ProtectionDomain'
  #           [sp+0xc0]  (sp of caller)
  0x00000125ae4ff260: 448b 5208 | 49bb 0000 | 00b9 2501 | 0000 4d03 | d349 3bc2 

  0x00000125ae4ff274: ;   {runtime_call ic_miss_stub}
  0x00000125ae4ff274: 0f85 06f7 | 88ff 6690 | 0f1f 4000 
[Verified Entry Point]
  0x00000125ae4ff280: 8984 2400 | 80ff ff55 | 4881 ecb0 | 0000 0090 | 4181 7f20 | 1300 0000 | 0f85 f422 | 0000 4889 
  0x00000125ae4ff2a0: 4c24 4089 | 7424 3c89 | 7c24 384c | 894c 2430 | 4889 5424 | 284d 8bf0 

  0x00000125ae4ff2b8: ; implicit exception: dispatches to 0x00000125ae501370
  0x00000125ae4ff2b8: 458b 4014 

  0x00000125ae4ff2bc: ; implicit exception: dispatches to 0x00000125ae5012d4
  0x00000125ae4ff2bc: 458b 580c | 4585 db0f | 8667 1800 | 0045 0fbe | 4e10 4585 | c90f 85b5 | 1900 00c4 | 4232 f7cb 
  0x00000125ae4ff2dc: 453b cb45 | 8bd1 450f | 4fd3 498b | c8c4 e1f9 | 6ec1 498d | 4810 c4e1 | f96e c945 | 85d2 0f8e 
  0x00000125ae4ff2fc: d200 0000 | 453b da0f | 8247 1800 | 00b8 2f00 | 0000 c4e1 | f97e cf41 | 8bd2 488b | df83 fa10 
  0x00000125ae4ff31c: 0f8c 7900 | 0000 83fa | 200f 8c36 | 0000 00c5 | f96e d8c4 | e27d 78db | c5dd efe4 | 8bca 83e1 
  0x00000125ae4ff33c: e083 e21f | c5fe 6f13 | c5ed 74d3 | c4e2 7d17 | e20f 8369 | 0000 0048 | 83c3 2083 | e920 75e4 
  0x00000125ae4ff35c: e90d 0000 | 00c5 f96e | d8c5 d9ef | e4c4 e261 | 00dc 83fa 

  0x00000125ae4ff370: ;   {no_reloc}
  0x00000125ae4ff370: 100f 8c24 | 0000 008b | ca83 e1f0 | 83e2 0fc5 | fa6f 13c5 | e974 d3c4 | e279 17e2 | 0f83 2a00 
  0x00000125ae4ff390: 0000 4883 | c310 83e9 | 1075 e485 | d20f 8412 | 0000 000f | b60b 3bc1 | 741c 4883 | c301 83ea 
  0x00000125ae4ff3b0: 0174 02eb | eebb ffff | ffff eb0d | c5fd d7ca | 0fbc c148 | 03d8 482b | df83 fbff | 0f85 2219 
  0x00000125ae4ff3d0: 0000 c4c1 | f97e ca41 | 0fb6 2a83 | fd5b 0f84 | 6819 0000 | 458d 51fb | 4585 d27c | 12c4 c1f9 
  0x00000125ae4ff3f0: 7eca 410f | be0a 83f9 | 6a0f 8480 | 0c00 0048 | 8b5c 2428 | 4c8b 5424 | 4041 8b4a | 1089 4c24 
  0x00000125ae4ff410: 4841 8bcb | ffc9 458b | d141 ffca | 443b d144 | 0f4f d145 | 85d2 0f8c | fc0d 0000 | 4533 ed90 
  0x00000125ae4ff430: 453b d30f | 83d4 1500 | 0043 807c | 1010 2e74 | 1a49 8bbf | 5804 0000 | 41ff ca49 

  0x00000125ae4ff44c: ; ImmutableOopMap {r8=NarrowOop rcx=Oop rbx=Oop r14=Oop xmm0=Oop xmm1=Derived_oop_xmm0 [40]=Oop [48]=Oop [64]=Oop [72]=NarrowOop }
                      ;*goto {reexecute=1 rethrow=0 return_oop=0}
                      ; - (reexecute) java.lang.StringLatin1::lastIndexOf@35
                      ; - java.lang.String::lastIndexOf@13
                      ; - java.lang.String::lastIndexOf@8
                      ; - java.lang.ClassLoader::checkCerts@3
                      ; - java.lang.ClassLoader::preDefineClass@113
                      ; - java.lang.ClassLoader::defineClass@4
                      ;   {poll}
  0x00000125ae4ff44c: 8bce 8507 | 4585 d27d | db41 baff | ffff ff41 | 83fa ff0f | 84f3 0d00 | 0045 85d2 | 0f8c 5218 
  0x00000125ae4ff46c: 0000 453b | d10f 8f51 | 1900 0045 | 3bd1 0f84 | ea0b 0000 | 4585 d20f | 84c0 0d00 | 0049 8bb7 
  0x00000125ae4ff48c: b801 0000 | 4c8b ce49 | 83c1 184d | 3b8f c801 | 0000 0f83 | 5e12 0000 | 4d89 8fb8 | 0100 0041 
  0x00000125ae4ff4ac: 0f0d 89c0 | 0000 0048 | c706 0100 | 0000 4c8b | ce49 83c1 

  0x00000125ae4ff4c0: ;   {metadata('java/lang/String')}
  0x00000125ae4ff4c0: 10c7 4608 | 78e8 0000 | 4489 660c | c5ed efd2 | c4c1 79d6 | 1145 3bd3 | 0f85 9e00 | 0000 4d63 
  0x00000125ae4ff4e0: d341 81fb | 0000 1000 | 0f87 8914 | 0000 498b | bfb8 0100 | 004d 8d4a | 1749 83e1 | f848 8bcf 
  0x00000125ae4ff500: 4903 c949 | 3b8f c801 | 0000 0f83 | 6714 0000 | 4989 8fb8 | 0100 000f | 0d89 c000 | 0000 48c7 
  0x00000125ae4ff520: 0701 0000 | 000f 0d89 | 0001 0000 

  0x00000125ae4ff52c: ;   {metadata({type array byte})}
  0x00000125ae4ff52c: c747 0818 | 2300 0044 | 895f 0c0f | 0d89 4001 | 0000 0f0d | 8980 0100 | 0048 8bd7 | 4883 c210 
  0x00000125ae4ff54c: 4983 c207 | 49c1 ea03 | c4e1 f97e | c94d 8bc2 | c5f8 7749 | ba80 43d7 | ad25 0100 | 0041 ffd2 
  0x00000125ae4ff56c: ;   {other}
  0x00000125ae4ff56c: 0f1f 8400 | 0000 0000 | 488b efe9 | e600 0000 | 4181 fa00 | 0010 000f | 8723 1600 | 004d 63ca 
  0x00000125ae4ff58c: 453b da41 | 8beb 410f | 4fea 896c | 246c 443b | dd0f 8284 | 1600 0044 | 3bd5 0f82 | 7b16 0000 
  0x00000125ae4ff5ac: 4983 c117 | 4d8b c149 | 83e0 f841 | 81fa 0000 | 1000 0f87 | 2512 0000 | 498b afb8 | 0100 004c 
  0x00000125ae4ff5cc: 8bdd 4d03 | d84d 3b9f | c801 0000 | 0f83 0b12 | 0000 4d89 | 9fb8 0100 | 0041 0f0d | 8bc0 0000 
  0x00000125ae4ff5ec: 0048 c745 | 0001 0000 | 0041 0f0d | 8b00 0100 

  0x00000125ae4ff5fc: ;   {metadata({type array byte})}
  0x00000125ae4ff5fc: 00c7 4508 | 1823 0000 | 4489 550c | 410f 0d8b | 4001 0000 | 410f 0d8b | 8001 0000 | 4c8b dd49 
  0x00000125ae4ff61c: 83c3 1049 | c1e9 038b | 4c24 6c85 | c90f 8485 | 1500 0041 | 8bfa 3bcf | 0f8c c80d | 0000 4983 
  0x00000125ae4ff63c: c0f0 49c1 | e803 c4e1 | f97e c949 | 8bd3 c5f8 | 7749 ba80 | 43d7 ad25 | 0100 0041 

  0x00000125ae4ff658: ;   {other}
  0x00000125ae4ff658: ffd2 0f1f | 8400 0000 | 0000 4180 | 7f40 000f | 8509 0c00 | 004c 8bd6 | 4c8b dd44 | 895e 144c 
  0x00000125ae4ff678: 8bdd 4d33 | da49 c1eb | 144d 85db | 741a 49c1 | ea09 48b9 | 0000 41b5 | 2501 0000 | 4903 ca80 
  0x00000125ae4ff698: 3902 0f85 | 090c 0000 | 4488 6610 | 448b 5c24 | 4841 8b6b | 1485 ed0f | 85b3 1600 | 0041 8b6b 
  0x00000125ae4ff6b8: 1085 ed0f | 85d7 1600 | 0044 8b53 | 2c45 85d2 | 0f84 1a14 | 0000 4889 | 5c24 5044 | 896c 2448 
  0x00000125ae4ff6d8: 4c89 7424 | 2049 8bd2 | bf01 0000 

  0x00000125ae4ff6e4: ;   {oop(a 'java/security/cert/Certificate'[0] {0x00000000c0700df8})}
  0x00000125ae4ff6e4: 0049 b9f8 | 0d70 c000 | 0000 004c | 8bc6 498b | ee66 6690 

  0x00000125ae4ff6f8: ;   {optimized virtual_call}
  0x00000125ae4ff6f8: c5f8 77e8 

  0x00000125ae4ff6fc: ; ImmutableOopMap {rbp=Oop [32]=Oop [40]=Oop [48]=Oop [64]=Oop [80]=Oop }
                      ;*invokevirtual putVal {reexecute=0 rethrow=0 return_oop=1}
                      ; - java.util.concurrent.ConcurrentHashMap::putIfAbsent@4
                      ; - java.lang.ClassLoader::checkCerts@62
                      ; - java.lang.ClassLoader::preDefineClass@113
                      ; - java.lang.ClassLoader::defineClass@4
  0x00000125ae4ff6fc: a0f5 0100 

  0x00000125ae4ff700: ;   {other}
  0x00000125ae4ff700: 0f1f 8400 | 7008 0001 | 4885 c074 | 1c44 8b50 

  0x00000125ae4ff710: ;   {metadata('java/security/cert/Certificate'[])}
  0x00000125ae4ff710: 0841 81fa | 2029 1000 | 0f85 621b | 0000 8b68 | 0c85 ed0f | 87d7 1600 | 004c 8b54 | 2440 458b 
  0x00000125ae4ff730: 5a10 418b | 6b0c 448b | 5d38 4585 | db0f 84bd | 1300 0049 | 8bd3 4c8b | c566 6690 

  0x00000125ae4ff74c: ;   {optimized virtual_call}
  0x00000125ae4ff74c: c5f8 77e8 

  0x00000125ae4ff750: ; ImmutableOopMap {[32]=Oop [40]=Oop [48]=Oop [64]=Oop }
                      ;*invokevirtual toExternalForm {reexecute=0 rethrow=0 return_oop=1}
                      ; - java.net.URL::toExternalForm@5
                      ; - java.net.URL::toString@1
                      ; - java.lang.ClassLoader::defineClassSourceLocation@22
                      ; - java.lang.ClassLoader::defineClass@12
  0x00000125ae4ff750: cc0e fdff 

  0x00000125ae4ff754: ;   {other}
  0x00000125ae4ff754: 0f1f 8400 | c408 0002 | 488b 5424 | 284c 8b44 | 2420 4c8b | 4c24 308b | 7c24 388b | 7424 3c48 
  0x00000125ae4ff774: 8b4c 2440 | 4889 0424 

  0x00000125ae4ff77c: ;   {static_call}
  0x00000125ae4ff77c: c5f8 77e8 

  0x00000125ae4ff780: ; ImmutableOopMap {[40]=Oop [64]=Oop }
                      ;*invokestatic defineClass1 {reexecute=0 rethrow=0 return_oop=1}
                      ; - java.lang.ClassLoader::defineClass@27
  0x00000125ae4ff780: 5c8c e3ff 

  0x00000125ae4ff784: ;   {other}
  0x00000125ae4ff784: 0f1f 8400 | f408 0003 | 4c8b e844 | 8b58 3c45 | 85db 7412 | 498b db49 | be00 0041 | b525 0100 
  0x00000125ae4ff7a4: 00e9 7603 | 0000 4c8b | 5010 458b | 4208 4585 | c00f 8cc5 | 1300 0044 | 8b58 2c45 | 85db 752b 
  0x00000125ae4ff7c4: 4889 4424 | 2048 8bd0 

  0x00000125ae4ff7cc: ;   {optimized virtual_call}
  0x00000125ae4ff7cc: c5f8 77e8 

  0x00000125ae4ff7d0: ; ImmutableOopMap {[32]=Oop [40]=Oop [64]=Oop }
                      ;*invokevirtual initClassName {reexecute=0 rethrow=0 return_oop=1}
                      ; - java.lang.Class::getName@14
                      ; - java.lang.Class::getPackageName@40
                      ; - java.lang.ClassLoader::postDefineClass@2
                      ; - java.lang.ClassLoader::defineClass@37
  0x00000125ae4ff7d0: 8cdc e1ff 

  0x00000125ae4ff7d4: ;   {other}
  0x00000125ae4ff7d4: 0f1f 8400 | 4409 0004 | 4c8b c848 | 85c0 0f84 | 9418 0000 | 4c8b 6c24 | 20eb 034d | 8bcb 418b 
  0x00000125ae4ff7f4: 4914 8b51 | 0c41 0fbe | 5910 c462 | 62f7 da45 | 8bc3 41ff | c885 db0f | 8523 1700 | 004c 8bd1 
  0x00000125ae4ff814: 4c89 9424 | 9000 0000 | 448b d241 | ffca 453b | d045 0f4f | d045 85d2 | 0f8c fe09 

  0x00000125ae4ff830: ;   {oop(""{0x00000000c06aee40})}
  0x00000125ae4ff830: 0000 48bb | 40ee 6ac0 | 0000 0000 | 49be 0000 | 41b5 2501 | 0000 6666 | 0f1f 8400 | 0000 0000 
  0x00000125ae4ff850: 443b d20f | 8356 1200 | 0042 807c | 1110 2e74 | 1749 8bb7 | 5804 0000 

  0x00000125ae4ff868: ; ImmutableOopMap {r9=Oop rcx=NarrowOop rbx=Oop r13=Oop [40]=Oop [64]=Oop [144]=Oop }
                      ;*goto {reexecute=1 rethrow=0 return_oop=0}
                      ; - (reexecute) java.lang.StringLatin1::lastIndexOf@35
                      ; - java.lang.String::lastIndexOf@13
                      ; - java.lang.String::lastIndexOf@8
                      ; - java.lang.Class::getPackageName@47
                      ; - java.lang.ClassLoader::postDefineClass@2
                      ; - java.lang.ClassLoader::defineClass@37
                      ;   {poll}
  0x00000125ae4ff868: 41ff ca85 | 0645 85d2 | 7dde 41ba | ffff ffff | 4183 faff | 0f84 5b02 | 0000 4585 | d20f 8c0d 
  0x00000125ae4ff888: 1700 0045 | 3bd3 0f8f | 4417 0000 | 453b d30f | 84d5 0700 | 0045 85d2 | 0f84 c109 | 0000 498b 
  0x00000125ae4ff8a8: 9fb8 0100 | 004c 8bdb | 4983 c318 | 4d3b 9fc8 | 0100 000f | 83db 0e00 | 004d 899f | b801 0000 
  0x00000125ae4ff8c8: 410f 0d8b | c000 0000 | 48c7 0301 | 0000 004c | 8bc3 4983 

  0x00000125ae4ff8dc: ;   {metadata('java/lang/String')}
  0x00000125ae4ff8dc: c010 c743 | 0878 e800 | 0044 8963 | 0cc5 fdef | c0c4 c179 | d600 4c8d | 4910 443b | d20f 859b 
  0x00000125ae4ff8fc: 0000 004c | 63c2 81fa | 0000 1000 | 0f87 4611 | 0000 498b | bfb8 0100 | 004d 8d50 | 1749 83e2 
  0x00000125ae4ff91c: f84c 8bdf | 4d03 da4d | 3b9f c801 | 0000 0f83 | 2411 0000 | 4d89 9fb8 | 0100 0041 | 0f0d 8bc0 
  0x00000125ae4ff93c: 0000 0048 | c707 0100 | 0000 410f | 0d8b 0001 

  0x00000125ae4ff94c: ;   {metadata({type array byte})}
  0x00000125ae4ff94c: 0000 c747 | 0818 2300 | 0089 570c | 410f 0d8b | 4001 0000 | 410f 0d8b | 8001 0000 | 488b d748 
  0x00000125ae4ff96c: 83c2 1049 | 83c0 0749 | c1e8 0349 | 8bc9 c5f8 | 7749 ba80 | 43d7 ad25 | 0100 0041 

  0x00000125ae4ff988: ;   {other}
  0x00000125ae4ff988: ffd2 0f1f | 8400 0000 | 0000 488b | f7e9 d700 | 0000 4181 | fa00 0010 | 000f 87d9 | 1400 004d 
  0x00000125ae4ff9a8: 63da 413b | d28b ea41 | 0f4f ea3b | d50f 8240 | 1500 0044 | 3bd5 0f82 | 3715 0000 | 4983 c317 
  0x00000125ae4ff9c8: 498b fb48 | 83e7 f841 | 81fa 0000 | 1000 0f87 | 2d0f 0000 | 498b b7b8 | 0100 004c | 8bc6 4c03 
  0x00000125ae4ff9e8: c74d 3b87 | c801 0000 | 0f83 130f | 0000 4d89 | 87b8 0100 | 0041 0f0d | 88c0 0000 | 0048 c706 
  0x00000125ae4ffa08: 0100 0000 | 410f 0d88 | 0001 0000 

  0x00000125ae4ffa14: ;   {metadata({type array byte})}
  0x00000125ae4ffa14: c746 0818 | 2300 0044 | 8956 0c41 | 0f0d 8840 | 0100 0041 | 0f0d 8880 | 0100 0048 | 8bd6 4883 
  0x00000125ae4ffa34: c210 49c1 | eb03 85ed | 0f84 4614 | 0000 413b | ea0f 8c9d | 0a00 0048 | 83c7 f048 | c1ef 0349 
  0x00000125ae4ffa54: 8bc9 4c8b | c7c5 f877 | 49ba 8043 | d7ad 2501 | 0000 41ff 

  0x00000125ae4ffa68: ;   {other}
  0x00000125ae4ffa68: d20f 1f84 | 0000 0000 | 0041 807f | 4000 0f85 | 0209 0000 | 4c8b d34c | 8bde 4489 | 5b14 4c8b 
  0x00000125ae4ffa88: de4d 33da | 49c1 eb14 | 4d85 db74 | 1a49 c1ea | 0948 b900 | 0041 b525 | 0100 0049 | 03ca 8039 
  0x00000125ae4ffaa8: 020f 8502 | 0900 0044 | 8863 104c | 8974 2438 | 488b d34c | 896c 2420 

  0x00000125ae4ffac0: ;   {optimized virtual_call}
  0x00000125ae4ffac0: c5f8 77e8 

  0x00000125ae4ffac4: ; ImmutableOopMap {[32]=Oop [40]=Oop [64]=Oop }
                      ;*invokevirtual intern {reexecute=0 rethrow=0 return_oop=1}
                      ; - java.lang.Class::getPackageName@65
                      ; - java.lang.ClassLoader::postDefineClass@2
                      ; - java.lang.ClassLoader::defineClass@37
  0x00000125ae4ffac4: 1877 dfff 

  0x00000125ae4ffac8: ;   {other}
  0x00000125ae4ffac8: 0f1f 8400 | 380c 0006 | 488b d84c | 8b74 2438 | 4c8b 6c24 | 2041 807f | 4000 0f85 | 1208 0000 
  0x00000125ae4ffae8: 4d8b d54c | 8bdb 4589 | 5d3c 4c8b | db4d 33da | 49c1 eb14 | 4d85 db74 | 1f48 85db | 741a 49c1 
  0x00000125ae4ffb08: ea09 48b9 | 0000 41b5 | 2501 0000 | 4903 ca80 | 3902 0f85 | 0d08 0000 | 4c8b 5424 | 2845 8b5a 
  0x00000125ae4ffb28: 3845 85db | 0f84 e60f | 0000 4c8b | c38b 430c | 458b 4d30 | 85c0 0f84 | b104 0000 | 418b 5b28 
  0x00000125ae4ffb48: 85db 0f84 | 8402 0000 | 448b 5b0c | 4585 db0f | 86bb 1100 | 0044 8bd0 | 41c1 ea10 | 4433 d041 
  0x00000125ae4ffb68: ffcb 4181 | e2ff ffff | 7f45 23da | 4d63 db46 | 8b5c 9b10 | 4585 db0f | 844f 0200 | 0041 8b6b 
  0x00000125ae4ffb88: 0c41 3bea | 0f84 1901 | 0000 85ed | 0f8c 3615 | 0000 458b | 5b18 4585 | db0f 842d | 0200 0049 
  0x00000125ae4ffba8: 8bcb 8b59 | 0c49 8b97 

  0x00000125ae4ffbb0: ; ImmutableOopMap {r8=Oop r9=NarrowOop rcx=Oop r13=Oop [40]=Oop [64]=Oop }
                      ;*if_icmpne {reexecute=1 rethrow=0 return_oop=0}
                      ; - (reexecute) java.util.concurrent.ConcurrentHashMap::get@127
                      ; - java.lang.ClassLoader::getNamedPackage@5
                      ; - java.lang.ClassLoader::postDefineClass@9
                      ; - java.lang.ClassLoader::defineClass@37
  0x00000125ae4ffbb0: 5804 0000 

  0x00000125ae4ffbb4: ;   {poll}
  0x00000125ae4ffbb4: 8502 413b | da74 1244 | 8b59 1845 | 85db 0f84 | 0c02 0000 | 498b cbeb | dd8b 6910 | 4c8b dd4d 
  0x00000125ae4ffbd4: 3bd8 7463 | 85ed 0f84 | 2815 0000 | 4889 4c24 | 5044 8954 | 244c 4489 | 4c24 484c | 8944 2438 
  0x00000125ae4ffbf4: 4c89 6c24 | 304c 8974 | 2420 4c8b | c548 8b54 | 2438 488b | ea66 6690 

  0x00000125ae4ffc0c: ;   {optimized virtual_call}
  0x00000125ae4ffc0c: c5f8 77e8 

  0x00000125ae4ffc10: ; ImmutableOopMap {rbp=Oop [40]=Oop [48]=Oop [56]=Oop [64]=Oop [72]=NarrowOop [80]=Oop }
                      ;*invokevirtual equals {reexecute=0 rethrow=0 return_oop=0}
                      ; - java.util.concurrent.ConcurrentHashMap::get@149
                      ; - java.lang.ClassLoader::getNamedPackage@5
                      ; - java.lang.ClassLoader::postDefineClass@9
                      ; - java.lang.ClassLoader::defineClass@37
  0x00000125ae4ffc10: 2cb3 e2ff 

  0x00000125ae4ffc14: ;   {other}
  0x00000125ae4ffc14: 0f1f 8400 | 840d 0008 | 85c0 0f84 | 1c15 0000 | 4c8b 7424 | 204c 8b6c | 2430 4c8b | c544 8b4c 
  0x00000125ae4ffc34: 2448 488b | 4c24 508b | 6914 85ed | 0f84 8e01 | 0000 448b | 5508 49bb | 0000 00b9 | 2501 0000 
  0x00000125ae4ffc54: 4d03 da4d 

  0x00000125ae4ffc58: ;   {metadata('java/lang/NamedPackage')}
  0x00000125ae4ffc58: 8b53 3849 | bbe8 c001 | b925 0100 | 004d 3bd3 | 0f85 0610 | 0000 4c8b | 5424 4045 | 8b52 1041 
  0x00000125ae4ffc78: 8b6a 1485 | ed0f 85b9 | 1300 0041 | 8b6a 1085 | ed0f 85cd | 1300 0049 | 8bc5 c5f8 | 7748 81c4 
  0x00000125ae4ffc98: b000 0000 

  0x00000125ae4ffc9c: ;   {poll_return}
  0x00000125ae4ffc9c: 5d49 3ba7 | 5004 0000 | 0f87 d218 | 0000 c341 | 8b6b 1048 | 8bcd 493b | c80f 840d | 0100 008b 
  0x00000125ae4ffcbc: 5d08 488b | cd4c 3bc1 | 0f84 fe00 

  0x00000125ae4ffcc8: ;   {metadata('java/lang/String')}
  0x00000125ae4ffcc8: 0000 81fb | 78e8 0000 | 0f85 c4fe | ffff 410f | be58 100f | be69 103b | dd0f 85ad | 1300 008b 
  0x00000125ae4ffce8: 7114 418b | 7814 8b5e | 0c8b 4f0c | 3bcb 0f85 | 9efe ffff | 488b de48 | 8d76 1048 | 8bdf 488d 
  0x00000125ae4ffd08: 7f10 85c9 | 0f84 9d00 | 0000 8bc1 | 83e0 1f83 | e1e0 0f84 | 4b00 0000 | 488d 3c0f | 488d 340e 
  0x00000125ae4ffd28: 48f7 d9c5 | fe6f 040f | c5fe 6f0c | 0ec5 fdef | c1c4 e27d | 17c0 0f85 | 7200 0000 | 4883 c120 
  0x00000125ae4ffd48: 75e1 85c0 | 0f84 5d00 | 0000 c5fe | 6f44 07e0 | c5fe 6f4c | 06e0 c5fd | efc1 c4e2 | 7d17 c075 
  0x00000125ae4ffd68: 4deb 448b | c883 e1fc | 7419 488d | 3c0f 488d | 340e 48f7 | d98b 1c0f | 3b1c 0e75 | 3148 83c1 
  0x00000125ae4ffd88: 0475 f2a8 | 0274 120f | b71f 0fb7 | 0e3b d975 | 1d48 8d7f | 0248 8d76 | 02a8 0174 | 0a0f b61f 
  0x00000125ae4ffda8: 0fb6 0e3b | d975 07b8 | 0100 0000 | eb02 33c0 | c5fd efc0 | c5f5 efc9 | 85c0 0f84 | d2fd ffff 
  0x00000125ae4ffdc8: ;   {no_reloc}
  0x00000125ae4ffdc8: 418b 6b14 | 85ed 0f85 | 72fe ffff | 498b 87b8 | 0100 004c | 8bd0 4983 | c218 4d3b | 97c8 0100 
  0x00000125ae4ffde8: 000f 83a3 | 0a00 004d | 8997 b801 | 0000 410f | 0d8a c000 | 0000 48c7 | 0001 0000 

  0x00000125ae4ffe04: ;   {metadata('java/lang/NamedPackage')}
  0x00000125ae4ffe04: 00c7 4008 | e8c0 0100 | 4489 600c | 4c8b d049 | 83c2 10c5 | fdef c0c4 | c179 d602 | 4c89 7424 
  0x00000125ae4ffe24: 204c 896c | 2430 4c89 | 4424 3844 | 894c 2448 | 4889 4424 | 5048 8b54 | 2438 6690 

  0x00000125ae4ffe40: ;   {optimized virtual_call}
  0x00000125ae4ffe40: c5f8 77e8 

  0x00000125ae4ffe44: ; ImmutableOopMap {[40]=Oop [48]=Oop [56]=Oop [64]=Oop [72]=NarrowOop [80]=Oop }
                      ;*invokevirtual isEmpty {reexecute=0 rethrow=0 return_oop=0}
                      ; - java.lang.NamedPackage::<init>@5
                      ; - java.lang.ClassLoader::getNamedPackage@22
                      ; - java.lang.ClassLoader::postDefineClass@9
                      ; - java.lang.ClassLoader::defineClass@37
  0x00000125ae4ffe44: 38f0 88ff 

  0x00000125ae4ffe48: ;   {other}
  0x00000125ae4ffe48: 0f1f 8400 | b80f 0009 | 85c0 0f84 | 8402 0000 | 448b 5c24 | 4845 85db | 0f84 b20f | 0000 4d8b 
  0x00000125ae4ffe68: d34c 8954 | 2458 498b | d266 6690 

  0x00000125ae4ffe74: ;   {optimized virtual_call}
  0x00000125ae4ffe74: c5f8 77e8 

  0x00000125ae4ffe78: ; ImmutableOopMap {[40]=Oop [48]=Oop [56]=Oop [64]=Oop [72]=NarrowOop [80]=Oop [88]=Oop }
                      ;*invokevirtual isNamed {reexecute=0 rethrow=0 return_oop=0}
                      ; - java.lang.NamedPackage::<init>@12
                      ; - java.lang.ClassLoader::getNamedPackage@22
                      ; - java.lang.ClassLoader::postDefineClass@9
                      ; - java.lang.ClassLoader::defineClass@37
  0x00000125ae4ffe78: 04f0 88ff 

  0x00000125ae4ffe7c: ;   {other}
  0x00000125ae4ffe7c: 0f1f 8400 | ec0f 000a | 85c0 0f84 | 5002 0000 | 498b 87b8 | 0100 004c | 8bd0 4983 | c228 4d3b 
  0x00000125ae4ffe9c: 97c8 0100 | 000f 8322 | 0a00 004d | 8997 b801 | 0000 4c8b | d849 83c3 | 1048 c700 | 0100 0000 
  0x00000125ae4ffebc: 410f 0d8a | c000 0000 

  0x00000125ae4ffec4: ;   {metadata('java/lang/InternalError')}
  0x00000125ae4ffec4: c740 0838 | 0701 0044 | 8960 0cc5 | fdef c041 | b807 0000 | 00c4 c178 | 92f8 62d1 | fe2f 7f03 
  0x00000125ae4ffee4: 4889 4424 | 7049 8b87 | b801 0000 | 4c8b d049 | 83c2 184d | 3b97 c801 | 0000 0f83 | e509 0000 
  0x00000125ae4fff04: 4d89 97b8 | 0100 0041 | 0f0d 8ac0 | 0000 0048 | c700 0100 | 0000 4c8b | d049 83c2 

  0x00000125ae4fff20: ;   {metadata('java/lang/StringBuilder')}
  0x00000125ae4fff20: 10c7 4008 | 4080 0000 | 4489 600c | c5fd efc0 | c4c1 79d6 | 0248 8be8 | 488b d54c | 8b54 2470 
  0x00000125ae4fff40: 4c89 5424 | 6866 6690 

  0x00000125ae4fff48: ;   {optimized virtual_call}
  0x00000125ae4fff48: c5f8 77e8 

  0x00000125ae4fff4c: ; ImmutableOopMap {rbp=Oop [40]=Oop [48]=Oop [56]=Oop [64]=Oop [72]=NarrowOop [80]=Oop [88]=Oop [104]=Oop [112]=Oop }
                      ;*invokespecial <init> {reexecute=0 rethrow=0 return_oop=0}
                      ; - java.lang.NamedPackage::<init>@26
                      ; - java.lang.ClassLoader::getNamedPackage@22
                      ; - java.lang.ClassLoader::postDefineClass@9
                      ; - java.lang.ClassLoader::defineClass@37
  0x00000125ae4fff4c: 30ef 88ff 

  0x00000125ae4fff50: ;   {other}
  0x00000125ae4fff50: 0f1f 8400 | c010 000b 

  0x00000125ae4fff58: ;   {oop("unnamed package in  "{0x00000000c05c1090})}
  0x00000125ae4fff58: 49b8 9010 | 5cc0 0000 | 0000 488b | d54c 8b54 | 2468 4c89 | 5424 6090 

  0x00000125ae4fff70: ;   {optimized virtual_call}
  0x00000125ae4fff70: c5f8 77e8 

  0x00000125ae4fff74: ; ImmutableOopMap {[40]=Oop [48]=Oop [56]=Oop [64]=Oop [72]=NarrowOop [80]=Oop [88]=Oop [96]=Oop [104]=Oop }
                      ;*invokevirtual append {reexecute=0 rethrow=0 return_oop=1}
                      ; - java.lang.NamedPackage::<init>@31
                      ; - java.lang.ClassLoader::getNamedPackage@22
                      ; - java.lang.ClassLoader::postDefineClass@9
                      ; - java.lang.ClassLoader::defineClass@37
  0x00000125ae4fff74: 08ef 88ff 

  0x00000125ae4fff78: ;   {other}
  0x00000125ae4fff78: 0f1f 8400 | e810 000c | 4885 c00f | 84c7 0e00 | 0048 8bd0 | 4c8b 4424 | 584c 8b54 | 2460 4c89 
  0x00000125ae4fff98: 5424 2090 

  0x00000125ae4fff9c: ;   {optimized virtual_call}
  0x00000125ae4fff9c: c5f8 77e8 

  0x00000125ae4fffa0: ; ImmutableOopMap {[32]=Oop [40]=Oop [48]=Oop [56]=Oop [64]=Oop [72]=NarrowOop [80]=Oop [96]=Oop }
                      ;*invokevirtual append {reexecute=0 rethrow=0 return_oop=1}
                      ; - java.lang.NamedPackage::<init>@35
                      ; - java.lang.ClassLoader::getNamedPackage@22
                      ; - java.lang.ClassLoader::postDefineClass@9
                      ; - java.lang.ClassLoader::defineClass@37
  0x00000125ae4fffa0: dcee 88ff 

  0x00000125ae4fffa4: ;   {other}
  0x00000125ae4fffa4: 0f1f 8400 | 1411 000d | 4885 c00f | 84b3 0e00 | 0048 8bd0 

  0x00000125ae4fffb8: ;   {optimized virtual_call}
  0x00000125ae4fffb8: c5f8 77e8 

  0x00000125ae4fffbc: ; ImmutableOopMap {[32]=Oop [40]=Oop [48]=Oop [56]=Oop [64]=Oop [72]=NarrowOop [80]=Oop }
                      ;*invokevirtual toString {reexecute=0 rethrow=0 return_oop=1}
                      ; - java.lang.NamedPackage::<init>@38
                      ; - java.lang.ClassLoader::getNamedPackage@22
                      ; - java.lang.ClassLoader::postDefineClass@9
                      ; - java.lang.ClassLoader::defineClass@37
  0x00000125ae4fffbc: c0ee 88ff 

  0x00000125ae4fffc0: ;   {other}
  0x00000125ae4fffc0: 0f1f 8400 | 3011 000e | 488b 5424 | 204c 8bc0 

  0x00000125ae4fffd0: ;   {optimized virtual_call}
  0x00000125ae4fffd0: c5f8 77e8 

  0x00000125ae4fffd4: ; ImmutableOopMap {[32]=Oop [40]=Oop [48]=Oop [56]=Oop [64]=Oop [72]=NarrowOop [80]=Oop }
                      ;*invokespecial <init> {reexecute=0 rethrow=0 return_oop=0}
                      ; - java.lang.NamedPackage::<init>@41
                      ; - java.lang.ClassLoader::getNamedPackage@22
                      ; - java.lang.ClassLoader::postDefineClass@9
                      ; - java.lang.ClassLoader::defineClass@37
  0x00000125ae4fffd4: a8ee 88ff 

  0x00000125ae4fffd8: ;   {other}
  0x00000125ae4fffd8: 0f1f 8400 | 4811 000f | 488b 5424 | 20c5 f877 | 4881 c4b0 | 0000 005d 

  0x00000125ae4ffff0: ;   {runtime_call _rethrow_Java}
  0x00000125ae4ffff0: e98b 8896 | ff0f b64b | 1185 c90f | 85e0 0400 | 000f be4b | 1085 c90f | 8553 1100 | 0044 894c 
  0x00000125ae500010: 244c 4889 | 5c24 384c | 896c 2430 | 4c89 7424 | 2044 8b43 | 1449 8beb | 4489 5c24 | 4849 8bd0 
  0x00000125ae500030: ;   {static_call}
  0x00000125ae500030: c5f8 77e8 

  0x00000125ae500034: ; ImmutableOopMap {rbp=Oop [40]=Oop [48]=Oop [56]=Oop [64]=Oop [72]=NarrowOop [76]=NarrowOop }
                      ;*invokestatic hashCode {reexecute=0 rethrow=0 return_oop=0}
                      ; - java.lang.String::hashCode@27
                      ; - java.util.concurrent.ConcurrentHashMap::get@1
                      ; - java.lang.ClassLoader::getNamedPackage@5
                      ; - java.lang.ClassLoader::postDefineClass@9
                      ; - java.lang.ClassLoader::defineClass@37
  0x00000125ae500034: 88b4 e0ff 

  0x00000125ae500038: ;   {other}
  0x00000125ae500038: 0f1f 8400 | a811 0010 | 85c0 0f84 | 7005 0000 | 4c8b 4424 | 3841 8940 | 0c4c 8b74 | 2420 4c8b 
  0x00000125ae500058: 6c24 3044 | 8b5c 2448 | 448b 4c24 | 4ce9 dafa | ffff 498b | f6e9 32f6 | ffff 4c89 | 7424 3849 
  0x00000125ae500078: 8bd9 e939 | faff ff41 | 83fb 040f | 865b 1100 | 0041 8078 | 1161 0f85 | 6bf3 ffff | 4180 7812 
  0x00000125ae500098: 760f 8560 | f3ff ff41 | 8078 1361 | 0f85 55f3 | ffff 4180 | 7814 2e0f | 854a f3ff 

  0x00000125ae5000b4: ;   {oop(a 'jdk/internal/loader/ClassLoaders$PlatformClassLoader'{0x00000000c06ea750})}
  0x00000125ae5000b4: ff49 ba50 | a76e c000 | 0000 0048 | 8b4c 2428 | 493b ca0f | 857b 1100 

  0x00000125ae5000cc: ;   {oop(a 'jdk/internal/loader/ClassLoaders$PlatformClassLoader'{0x00000000c06ea750})}
  0x00000125ae5000cc: 0048 bb50 | a76e c000 | 0000 00e9 | 28f3 ffff | 448b 5c24 | 4849 8beb | 488b 5424 | 3866 6690 
  0x00000125ae5000ec: ;   {optimized virtual_call}
  0x00000125ae5000ec: c5f8 77e8 

  0x00000125ae5000f0: ; ImmutableOopMap {rbp=Oop [40]=Oop [48]=Oop [56]=Oop [64]=Oop [72]=NarrowOop [80]=Oop }
                      ;*invokevirtual intern {reexecute=0 rethrow=0 return_oop=1}
                      ; - java.lang.NamedPackage::<init>@47
                      ; - java.lang.ClassLoader::getNamedPackage@22
                      ; - java.lang.ClassLoader::postDefineClass@9
                      ; - java.lang.ClassLoader::defineClass@37
  0x00000125ae5000f0: 8ced 88ff 

  0x00000125ae5000f4: ;   {other}
  0x00000125ae5000f4: 0f1f 8400 | 6412 0011 | 488b d841 | 807f 4000 | 0f85 0b05 | 0000 4c8b | 5424 504c | 8954 2458 
  0x00000125ae500114: 4c8b c34d | 8bd0 4c8b | 5c24 5845 | 8953 0c4d | 8bd3 4d8b | d84d 33da | 49c1 eb14 | 4d85 db74 
  0x00000125ae500134: 1f4d 85c0 | 741a 49c1 | ea09 48b9 | 0000 41b5 | 2501 0000 | 4903 ca80 | 3902 0f85 | 0805 0000 
  0x00000125ae500154: 4180 7f40 | 000f 857e | 0400 0044 | 8b54 2448 | 4489 5424 | 504c 8b54 | 2458 448b | 5c24 4845 
  0x00000125ae500174: 895a 104c | 8bd5 4c8b | 5c24 584d | 33d3 49c1 | ea14 4d85 | d274 2044 | 8b44 2448 | 4585 c074 
  0x00000125ae500194: 1649 c1eb | 094c 8b44 | 2420 4d03 | c341 8038 | 020f 8502 | 0500 004c | 8b54 2428 | 458b 5238 
  0x00000125ae5001b4: 4585 d20f | 84eb 0f00 | 0049 8bd2 | 4c8b 4424 | 384c 8b4c | 2458 6690 

  0x00000125ae5001cc: ;   {optimized virtual_call}
  0x00000125ae5001cc: c5f8 77e8 

  0x00000125ae5001d0: ; ImmutableOopMap {[40]=Oop [48]=Oop [64]=Oop [80]=NarrowOop [88]=Oop }
                      ;*invokevirtual putIfAbsent {reexecute=0 rethrow=0 return_oop=1}
                      ; - java.lang.ClassLoader::getNamedPackage@32
                      ; - java.lang.ClassLoader::postDefineClass@9
                      ; - java.lang.ClassLoader::defineClass@37
  0x00000125ae5001d0: acec 88ff 

  0x00000125ae5001d4: ;   {other}
  0x00000125ae5001d4: 0f1f 8400 | 4413 0012 | 4885 c00f | 846d 0400 | 0044 8b50 | 0849 bb00 | 0000 b925 | 0100 004d 
  0x00000125ae5001f4: 03da 4d8b 

  0x00000125ae5001f8: ;   {metadata('java/lang/NamedPackage')}
  0x00000125ae5001f8: 5338 49bb | e8c0 01b9 | 2501 0000 | 4d3b d30f | 84b3 0f00 | 00ba deff | ffff 488b | e866 6690 
  0x00000125ae500218: ;   {runtime_call UncommonTrapBlob}
  0x00000125ae500218: c5f8 77e8 

  0x00000125ae50021c: ; ImmutableOopMap {rbp=Oop }
                      ;*checkcast {reexecute=0 rethrow=0 return_oop=0}
                      ; - java.lang.ClassLoader::getNamedPackage@35
                      ; - java.lang.ClassLoader::postDefineClass@9
                      ; - java.lang.ClassLoader::defineClass@37
  0x00000125ae50021c: e078 89ff 

  0x00000125ae500220: ;   {other}
  0x00000125ae500220: 0f1f 8400 | 9013 0013 | 4533 ede9 | 25f2 ffff 

  0x00000125ae500230: ;   {oop(""{0x00000000c06aee40})}
  0x00000125ae500230: 48bb 40ee | 6ac0 0000 | 0000 49be | 0000 41b5 | 2501 0000 | e929 f6ff 

  0x00000125ae500248: ;   {oop(""{0x00000000c06aee40})}
  0x00000125ae500248: ff48 be40 | ee6a c000 | 0000 00e9 | 4cf4 ffff 

  0x00000125ae500258: ;   {oop(""{0x00000000c06aee40})}
  0x00000125ae500258: 48be 40ee | 6ac0 0000 | 0000 e93d 

  0x00000125ae500264: ;   {oop(""{0x00000000c06aee40})}
  0x00000125ae500264: f4ff ff48 | bb40 ee6a | c000 0000 | 00e9 3df8 | ffff 448b | 5e14 4585 | db0f 84ea | f3ff ff4d 
  0x00000125ae500284: 8b57 2849 | 8bcb 4d85 | d20f 849d | 0b00 004d | 8b5f 384b | 894c 13f8 | 4983 c2f8 | 4d89 5728 
  0x00000125ae5002a4: e9c4 f3ff | ff4d 8b57 | 484d 8b5f | 58f0 8344 | 24c0 0080 | 3900 0f84 | e0f3 ffff | 4488 214d 
  0x00000125ae5002c4: 85d2 7520 | 498b d7c5 | f877 49ba | d0a0 fa07 | fc7f 0000 

  0x00000125ae5002d8: ;   {other}
  0x00000125ae5002d8: 41ff d20f | 1f84 0000 | 0000 00e9 | b8f3 ffff | 4b89 4c13 | f849 83c2 | f84d 8957 | 48e9 a6f3 
  0x00000125ae5002f8: ffff 458b | 5d3c 4585 | db0f 84e1 | f7ff ff4d | 8b57 2849 | 8bcb 4d85 | d20f 8461 | 0c00 004d 
  0x00000125ae500318: 8b5f 384b | 894c 13f8 | 4983 c2f8 | 4d89 5728 | e9bb f7ff | ff4d 8b57 | 484d 8b5f | 58f0 8344 
  0x00000125ae500338: 24c0 0080 | 3900 0f84 | dcf7 ffff | 4488 214d | 85d2 7520 | 498b d7c5 | f877 49ba | d0a0 fa07 
  0x00000125ae500358: fc7f 0000 

  0x00000125ae50035c: ;   {other}
  0x00000125ae50035c: 41ff d20f | 1f84 0000 | 0000 00e9 | b4f7 ffff | 4b89 4c13 | f849 83c2 | f84d 8957 | 48e9 a2f7 
  0x00000125ae50037c: ffff 448b | 5b14 4585 | db0f 84f1 | f6ff ff4d | 8b57 2849 | 8bcb 4d85 | d20f 8481 | 0c00 004d 
  0x00000125ae50039c: 8b5f 384b | 894c 13f8 | 4983 c2f8 | 4d89 5728 | e9cb f6ff | ff4d 8b57 | 484d 8b5f | 58f0 8344 
  0x00000125ae5003bc: 24c0 0080 | 3900 0f84 | e7f6 ffff | 4488 214d | 85d2 7520 | 498b d7c5 | f877 49ba | d0a0 fa07 
  0x00000125ae5003dc: fc7f 0000 

  0x00000125ae5003e0: ;   {other}
  0x00000125ae5003e0: 41ff d20f | 1f84 0000 | 0000 00e9 | bff6 ffff | 4b89 4c13 | f849 83c2 | f84d 8957 | 48e9 adf6 
  0x00000125ae500400: ffff 4c63 | c14d 8d50 | 1049 8bca | 4883 e1f8 | 488b fd48 | 03f9 49c1 | ea03 4d2b | ca49 8bc9 
  0x00000125ae500420: 4833 c048 | 83f9 087f | 1048 ffc9 | 7856 4889 | 04cf 48ff | c97d f7eb | 4bc5 fdef | c0e9 0d00 
  0x00000125ae500440: 0000 c5fe | 7f07 c5fe | 7f47 2048 | 83c7 4048 | 83e9 087d | ed48 83c1 | 047c 0cc5 | fe7f 0748 
  0x00000125ae500460: 83c7 2048 | 83e9 0448 | 83c1 047e | 1748 c7c0 | ffff ffff | c4e2 f0f5 | c0c4 e1fb | 92f8 62f1 
  0x00000125ae500480: fe2f 7f07 | 4983 f820 | 7732 448b | 4424 6c4d | 63d0 49b8 | ffff ffff | ffff ffff | c442 a8f5 
  0x00000125ae5004a0: c0c4 c1fb | 92f8 c4c1 | f97e ca62 | d17f af6f | 0262 d17f | 2f7f 03e9 | a6f1 ffff | c4e1 f97e 
  0x00000125ae5004c0: c949 8bd3 | c5f8 7749 | bac0 20d7 | ad25 0100 | 0041 ffd2 

  0x00000125ae5004d4: ;   {other}
  0x00000125ae5004d4: 0f1f 8400 | 0000 0000 | e981 f1ff | ff33 c0e9 | 5cf6 ffff | 4c63 c54d | 8d50 1049 | 8bca 4883 
  0x00000125ae5004f4: e1f8 488b | fe48 03f9 | 49c1 ea03 | 4d2b da49 | 8bcb 4833 | c048 83f9 | 087f 1048 | ffc9 7856 
  0x00000125ae500514: 4889 04cf | 48ff c97d | f7eb 4bc5 | fdef c0e9 | 0d00 0000 | c5fe 7f07 | c5fe 7f47 | 2048 83c7 
  0x00000125ae500534: 4048 83e9 | 087d ed48 | 83c1 047c | 0cc5 fe7f | 0748 83c7 | 2048 83e9 | 0448 83c1 | 047e 1748 
  0x00000125ae500554: c7c0 ffff | ffff c4e2 | f0f5 c0c4 | e1fb 92f8 | 62f1 fe2f | 7f07 4983 | f820 7728 | 4c63 d549 
  0x00000125ae500574: bbff ffff | ffff ffff | ffc4 42a8 | f5db c4c1 | fb92 fb62 | d17f af6f | 0162 f17f | 2f7f 02e9 
  0x00000125ae500594: d9f4 ffff | 498b c9c5 | f877 49ba | c020 d7ad | 2501 0000 

  0x00000125ae5005a8: ;   {other}
  0x00000125ae5005a8: 41ff d20f | 1f84 0000 | 0000 00e9 | b9f4 ffff | 4c8b 4424 | 3841 c640 | 1101 33c0 | 4c8b 7424 
  0x00000125ae5005c8: 204c 8b6c | 2430 448b | 5c24 4844 | 8b4c 244c | e967 f5ff | ff4c 8b54 | 2458 458b | 5210 4585 
  0x00000125ae5005e8: d20f 8470 | fbff ff4d | 8b5f 2849 | 8bca 4d85 | db0f 8409 | 0c00 004d | 8b57 384b | 894c 1af8 
  0x00000125ae500608: 4983 c3f8 | 4d89 5f28 | e94a fbff | ff4c 8b54 | 2450 4c89 | 5424 5845 | 8b5a 0c45 | 85db 0f84 
  0x00000125ae500628: e8fa ffff | 4d8b 5728 | 498b cb4d | 85d2 0f84 | ec0b 0000 | 4d8b 5f38 | 4b89 4c13 | f849 83c2 
  0x00000125ae500648: f84d 8957 | 28e9 c2fa | ffff 4c8b | 6c24 30e9 | 12f6 ffff | 4d8b 5758 | 4d8b 5f48 | f083 4424 
  0x00000125ae500668: c000 8039 | 000f 84e1 | faff ff44 | 8821 4d85 | db75 2049 | 8bd7 c5f8 | 7749 bad0 | a0fa 07fc 
  0x00000125ae500688: 7f00 0041 

  0x00000125ae50068c: ;   {other}
  0x00000125ae50068c: ffd2 0f1f | 8400 0000 | 0000 e9b9 | faff ff4b | 894c 1af8 | 4983 c3f8 | 4d89 5f48 | e9a7 faff 
  0x00000125ae5006ac: ff4d 8b57 | 484d 8b5f | 58f0 8344 | 24c0 0041 | 8038 000f | 84e6 faff | ff45 8820 | 4d85 d275 
  0x00000125ae5006cc: 2349 8bc8 | 498b d7c5 | f877 49ba | d0a0 fa07 | fc7f 0000 

  0x00000125ae5006e0: ;   {other}
  0x00000125ae5006e0: 41ff d20f | 1f84 0000 | 0000 00e9 | bbfa ffff | 4f89 4413 | f849 83c2 | f84d 8957 | 48e9 a9fa 
  0x00000125ae500700: ffff 4489 | 5424 7044 | 8b4c 2448 | 4489 4c24 | 5448 895c | 2468 c5fb | 114c 2460 | c5fb 1144 
  0x00000125ae500720: 2458 4489 | 6c24 5044 | 895c 244c | 4489 4424 | 484c 8b54 | 2428 4c89 | 5424 2049 

  0x00000125ae50073c: ;   {metadata('java/lang/String')}
  0x00000125ae50073c: 8bee 48ba | 78e8 00b9 | 2501 0000 

  0x00000125ae500748: ;   {runtime_call _new_instance_Java}
  0x00000125ae500748: c5f8 77e8 

  0x00000125ae50074c: ; ImmutableOopMap {rbp=Oop [32]=Oop [48]=Oop [64]=Oop [72]=NarrowOop [84]=NarrowOop [88]=Oop [96]=Derived_oop_[88] [104]=Oop }
                      ;*new {reexecute=0 rethrow=0 return_oop=1}
                      ; - java.lang.StringLatin1::newString@7
                      ; - java.lang.String::substring@41
                      ; - java.lang.ClassLoader::checkCerts@21
                      ; - java.lang.ClassLoader::preDefineClass@113
                      ; - java.lang.ClassLoader::defineClass@4
  0x00000125ae50074c: b01b 96ff 

  0x00000125ae500750: ;   {other}
  0x00000125ae500750: 0f1f 8400 | c018 0014 | 4c8b f54c | 8b54 2420 | 4c89 5424 | 2844 8b44 | 2448 448b | 5c24 4c44 
  0x00000125ae500770: 8b6c 2450 | c5fb 1044 | 2458 c5fb | 104c 2460 | 488b 5c24 | 6844 8b54 | 2454 4489 | 5424 4844 
  0x00000125ae500790: 8b54 2470 | 488b f0e9 | 39ed ffff | 4489 5424 | 3889 5424 | 3489 4c24 | 304c 896c | 2420 498b 
  0x00000125ae5007b0: ;   {metadata('java/lang/String')}
  0x00000125ae5007b0: ee48 ba78 | e800 b925 | 0100 0090 

  0x00000125ae5007bc: ;   {runtime_call _new_instance_Java}
  0x00000125ae5007bc: c5f8 77e8 

  0x00000125ae5007c0: ; ImmutableOopMap {[32]=Oop [40]=Oop [48]=NarrowOop [64]=Oop [144]=Oop }
                      ;*new {reexecute=0 rethrow=0 return_oop=1}
                      ; - java.lang.StringLatin1::newString@7
                      ; - java.lang.String::substring@41
                      ; - java.lang.Class::getPackageName@62
                      ; - java.lang.ClassLoader::postDefineClass@2
                      ; - java.lang.ClassLoader::defineClass@37
  0x00000125ae5007c0: 3c1b 96ff 

  0x00000125ae5007c4: ;   {other}
  0x00000125ae5007c4: 0f1f 8400 | 3419 0015 | 4c8b f54c | 8b6c 2420 | 8b4c 2430 | 8b54 2434 | 448b 5424 | 3848 8bd8 
  0x00000125ae5007e4: e909 f1ff | ff4c 8984 | 2480 0000 | 004c 894c | 2478 4889 | 7424 7044 | 8954 2468 | 448b 5c24 
  0x00000125ae500804: 4844 895c | 244c 4889 | 5c24 60c5 | fb11 4c24 | 58c5 fb11 | 4424 5044 | 896c 2448 | 4c8b 5424 
  0x00000125ae500824: 284c 8954 | 2420 498b 

  0x00000125ae50082c: ;   {metadata({type array byte})}
  0x00000125ae50082c: ee48 ba18 | 2300 b925 | 0100 0044 | 8b44 2468 

  0x00000125ae50083c: ;   {runtime_call _new_array_nozero_Java}
  0x00000125ae50083c: c5f8 77e8 

  0x00000125ae500840: ; ImmutableOopMap {rbp=Oop [32]=Oop [48]=Oop [64]=Oop [76]=NarrowOop [80]=Oop [88]=Derived_oop_[80] [96]=Oop [112]=Oop }
                      ;*newarray {reexecute=0 rethrow=0 return_oop=1}
                      ; - java.util.Arrays::copyOfRangeByte@10
                      ; - java.util.Arrays::copyOfRange@13
                      ; - java.lang.StringLatin1::newString@16
                      ; - java.lang.String::substring@41
                      ; - java.lang.ClassLoader::checkCerts@21
                      ; - java.lang.ClassLoader::preDefineClass@113
                      ; - java.lang.ClassLoader::defineClass@4
  0x00000125ae500840: 3c47 96ff 

  0x00000125ae500844: ;   {other}
  0x00000125ae500844: 0f1f 8400 | b419 0016 | 4c8b f54c | 8b54 2420 | 4c89 5424 | 2844 8b6c | 2448 c5fb | 104c 2458 
  0x00000125ae500864: 488b 5c24 | 6044 8b54 | 244c 4489 | 5424 4844 | 8b54 2468 | 488b 7424 | 704c 8b4c | 2478 4c8b 
  0x00000125ae500884: 8424 8000 | 0000 488b | e8e9 86ed | ffff 4489 | 4c24 484c | 8944 2438 | 4c89 6c24 | 304c 8974 
  0x00000125ae5008a4: ;   {metadata('java/lang/NamedPackage')}
  0x00000125ae5008a4: 2420 48ba | e8c0 01b9 | 2501 0000 | 498b ed90 

  0x00000125ae5008b4: ;   {runtime_call _new_instance_Java}
  0x00000125ae5008b4: c5f8 77e8 

  0x00000125ae5008b8: ; ImmutableOopMap {rbp=Oop [40]=Oop [48]=Oop [56]=Oop [64]=Oop [72]=NarrowOop }
                      ;*new {reexecute=0 rethrow=0 return_oop=1}
                      ; - java.lang.ClassLoader::getNamedPackage@16
                      ; - java.lang.ClassLoader::postDefineClass@9
                      ; - java.lang.ClassLoader::defineClass@37
  0x00000125ae5008b8: 441a 96ff 

  0x00000125ae5008bc: ;   {other}
  0x00000125ae5008bc: 0f1f 8400 | 2c1a 0017 | e96b f5ff 

  0x00000125ae5008c8: ;   {metadata('java/lang/InternalError')}
  0x00000125ae5008c8: ff48 ba38 | 0701 b925 | 0100 0090 

  0x00000125ae5008d4: ;   {runtime_call _new_instance_Java}
  0x00000125ae5008d4: c5f8 77e8 

  0x00000125ae5008d8: ; ImmutableOopMap {[40]=Oop [48]=Oop [56]=Oop [64]=Oop [72]=NarrowOop [80]=Oop [88]=Oop }
                      ;*new {reexecute=0 rethrow=0 return_oop=1}
                      ; - java.lang.NamedPackage::<init>@18
                      ; - java.lang.ClassLoader::getNamedPackage@22
                      ; - java.lang.ClassLoader::postDefineClass@9
                      ; - java.lang.ClassLoader::defineClass@37
  0x00000125ae5008d8: 241a 96ff 

  0x00000125ae5008dc: ;   {other}
  0x00000125ae5008dc: 0f1f 8400 | 4c1a 0018 | e9fb f5ff 

  0x00000125ae5008e8: ;   {metadata('java/lang/StringBuilder')}
  0x00000125ae5008e8: ff48 ba40 | 8000 b925 | 0100 0090 

  0x00000125ae5008f4: ;   {runtime_call _new_instance_Java}
  0x00000125ae5008f4: c5f8 77e8 

  0x00000125ae5008f8: ; ImmutableOopMap {[40]=Oop [48]=Oop [56]=Oop [64]=Oop [72]=NarrowOop [80]=Oop [88]=Oop [112]=Oop }
                      ;*new {reexecute=0 rethrow=0 return_oop=1}
                      ; - java.lang.NamedPackage::<init>@22
                      ; - java.lang.ClassLoader::getNamedPackage@22
                      ; - java.lang.ClassLoader::postDefineClass@9
                      ; - java.lang.ClassLoader::defineClass@37
  0x00000125ae5008f8: 041a 96ff 

  0x00000125ae5008fc: ;   {other}
  0x00000125ae5008fc: 0f1f 8400 | 6c1a 0019 | e92c f6ff | ff48 897c | 2468 4c89 | 5c24 604c | 894c 2458 | 4889 5c24 
  0x00000125ae50091c: 5044 8954 | 2438 4c89 | 6c24 304c | 8974 2420 

  0x00000125ae50092c: ;   {metadata({type array byte})}
  0x00000125ae50092c: 48ba 1823 | 00b9 2501 | 0000 458b | c266 6690 

  0x00000125ae50093c: ;   {runtime_call _new_array_nozero_Java}
  0x00000125ae50093c: c5f8 77e8 

  0x00000125ae500940: ; ImmutableOopMap {[40]=Oop [48]=Oop [64]=Oop [80]=Oop [144]=Oop [88]=Derived_oop_[144] }
                      ;*newarray {reexecute=0 rethrow=0 return_oop=1}
                      ; - java.util.Arrays::copyOfRangeByte@10
                      ; - java.util.Arrays::copyOfRange@13
                      ; - java.lang.StringLatin1::newString@16
                      ; - java.lang.String::substring@41
                      ; - java.lang.Class::getPackageName@62
                      ; - java.lang.ClassLoader::postDefineClass@2
                      ; - java.lang.ClassLoader::defineClass@37
  0x00000125ae500940: 3c46 96ff 

  0x00000125ae500944: ;   {other}
  0x00000125ae500944: 0f1f 8400 | b41a 001a | 4c8b 7424 | 204c 8b6c | 2430 448b | 5424 3848 | 8b5c 2450 | 4c8b 4c24 
  0x00000125ae500964: 584c 8b5c | 2460 488b | 7c24 6848 | 8bf0 e9b8 | f0ff ff4c | 8954 2478 | 4889 7424 | 7044 8b54 
  0x00000125ae500984: 2448 4489 | 5424 6848 | 895c 2460 | c5fb 114c | 2458 c5fb | 1144 2450 | 4489 6c24 | 4c45 8bd3 
  0x00000125ae5009a4: 4489 4424 | 484c 8b5c | 2428 4c89 | 5c24 2049 

  0x00000125ae5009b4: ;   {metadata({type array byte})}
  0x00000125ae5009b4: 8bee 48ba | 1823 00b9 | 2501 0000 | 458b c290 

  0x00000125ae5009c4: ;   {runtime_call _new_array_nozero_Java}
  0x00000125ae5009c4: c5f8 77e8 

  0x00000125ae5009c8: ; ImmutableOopMap {rbp=Oop [32]=Oop [48]=Oop [64]=Oop [72]=NarrowOop [80]=Oop [88]=Derived_oop_[80] [96]=Oop [104]=NarrowOop [112]=Oop }
                      ;*invokevirtual clone {reexecute=1 rethrow=0 return_oop=1}
                      ; - (reexecute) java.util.Arrays::copyOfRange@18
                      ; - java.lang.StringLatin1::newString@16
                      ; - java.lang.String::substring@41
                      ; - java.lang.ClassLoader::checkCerts@21
                      ; - java.lang.ClassLoader::preDefineClass@113
                      ; - java.lang.ClassLoader::defineClass@4
  0x00000125ae5009c8: b445 96ff 

  0x00000125ae5009cc: ;   {other}
  0x00000125ae5009cc: 0f1f 8400 | 3c1b 001b | 4c8b f54c | 8b54 2420 | 4c89 5424 | 2844 8b6c | 244c c5fb | 104c 2458 
  0x00000125ae5009ec: 488b 5c24 | 6044 8b5c | 2468 4489 | 5c24 4848 | 8b74 2470 | 4c8b 5424 | 7848 8bf8 | e938 ebff 
  0x00000125ae500a0c: ffba e4ff | ffff 4489 | 5424 2044 | 8b54 2438 | 4489 5424 | 2444 8b5c | 243c 4489 | 5c24 3848 
  0x00000125ae500a2c: 895c 2458 | 4c89 7424 | 6044 8b54 | 2448 4489 | 5424 3c44 | 8944 244c 

  0x00000125ae500a44: ;   {runtime_call UncommonTrapBlob}
  0x00000125ae500a44: c5f8 77e8 

  0x00000125ae500a48: ; ImmutableOopMap {[40]=Oop [48]=Oop [60]=NarrowOop [64]=Oop [76]=NarrowOop [88]=Oop [96]=Oop }
                      ;*baload {reexecute=0 rethrow=0 return_oop=0}
                      ; - java.lang.StringLatin1::lastIndexOf@24
                      ; - java.lang.String::lastIndexOf@13
                      ; - java.lang.String::lastIndexOf@8
                      ; - java.lang.ClassLoader::checkCerts@3
                      ; - java.lang.ClassLoader::preDefineClass@113
                      ; - java.lang.ClassLoader::defineClass@4
  0x00000125ae500a48: b470 89ff 

  0x00000125ae500a4c: ;   {other}
  0x00000125ae500a4c: 0f1f 8400 | bc1b 001c | 4c89 4424 | 584c 894c | 2450 4889 | 5c24 3844 | 8bd2 894c | 2430 4c89 
  0x00000125ae500a6c: 6c24 2049 

  0x00000125ae500a70: ;   {metadata({type array byte})}
  0x00000125ae500a70: 8bee 48ba | 1823 00b9 | 2501 0000 | 458b c290 

  0x00000125ae500a80: ;   {runtime_call _new_array_nozero_Java}
  0x00000125ae500a80: c5f8 77e8 

  0x00000125ae500a84: ; ImmutableOopMap {[32]=Oop [40]=Oop [48]=NarrowOop [56]=Oop [64]=Oop [144]=Oop [80]=Derived_oop_[144] }
                      ;*invokevirtual clone {reexecute=1 rethrow=0 return_oop=1}
                      ; - (reexecute) java.util.Arrays::copyOfRange@18
                      ; - java.lang.StringLatin1::newString@16
                      ; - java.lang.String::substring@41
                      ; - java.lang.Class::getPackageName@62
                      ; - java.lang.ClassLoader::postDefineClass@2
                      ; - java.lang.ClassLoader::defineClass@37
  0x00000125ae500a84: f844 96ff 

  0x00000125ae500a88: ;   {other}
  0x00000125ae500a88: 0f1f 8400 | f81b 001d | 4c8b f54c | 8b6c 2420 | 488b 5c24 | 384c 8b4c | 2450 4c8b | 4424 5848 
  0x00000125ae500aa8: 8bf8 e9b9 | eeff ffba | e4ff ffff | 4c89 6c24 | 304c 8b5c | 2440 4c89 | 5c24 384c | 896c 2440 
  0x00000125ae500ac8: 4c89 4c24 | 4889 4c24 | 5844 8954 | 245c 6690 

  0x00000125ae500ad8: ;   {runtime_call UncommonTrapBlob}
  0x00000125ae500ad8: c5f8 77e8 

  0x00000125ae500adc: ; ImmutableOopMap {[40]=Oop [48]=Oop [56]=Oop [64]=Oop [72]=Oop [88]=NarrowOop }
                      ;*baload {reexecute=0 rethrow=0 return_oop=0}
                      ; - java.lang.StringLatin1::lastIndexOf@24
                      ; - java.lang.String::lastIndexOf@13
                      ; - java.lang.String::lastIndexOf@8
                      ; - java.lang.Class::getPackageName@47
                      ; - java.lang.ClassLoader::postDefineClass@2
                      ; - java.lang.ClassLoader::defineClass@37
  0x00000125ae500adc: 2070 89ff 

  0x00000125ae500ae0: ;   {other}
  0x00000125ae500ae0: 0f1f 8400 | 501c 001e | baf6 ffff | ff48 8bee 

  0x00000125ae500af0: ;   {runtime_call UncommonTrapBlob}
  0x00000125ae500af0: c5f8 77e8 

  0x00000125ae500af4: ; ImmutableOopMap {rbp=Oop }
                      ;*invokevirtual putIfAbsent {reexecute=0 rethrow=0 return_oop=0}
                      ; - java.lang.ClassLoader::checkCerts@62
                      ; - java.lang.ClassLoader::preDefineClass@113
                      ; - java.lang.ClassLoader::defineClass@4
  0x00000125ae500af4: 0870 89ff 

  0x00000125ae500af8: ;   {other}
  0x00000125ae500af8: 0f1f 8400 | 681c 001f | baf6 ffff | ff66 6690 

  0x00000125ae500b08: ;   {runtime_call UncommonTrapBlob}
  0x00000125ae500b08: c5f8 77e8 

  0x00000125ae500b0c: ; ImmutableOopMap {rbp=NarrowOop }
                      ;*invokevirtual toExternalForm {reexecute=0 rethrow=0 return_oop=0}
                      ; - java.net.URL::toExternalForm@5
                      ; - java.net.URL::toString@1
                      ; - java.lang.ClassLoader::defineClassSourceLocation@22
                      ; - java.lang.ClassLoader::defineClass@12
  0x00000125ae500b0c: f06f 89ff 

  0x00000125ae500b10: ;   {other}
  0x00000125ae500b10: 0f1f 8400 | 801c 0020 | baf6 ffff | ff48 8beb 

  0x00000125ae500b20: ;   {runtime_call UncommonTrapBlob}
  0x00000125ae500b20: c5f8 77e8 

  0x00000125ae500b24: ; ImmutableOopMap {rbp=Oop }
                      ;*invokevirtual get {reexecute=0 rethrow=0 return_oop=0}
                      ; - java.lang.ClassLoader::getNamedPackage@5
                      ; - java.lang.ClassLoader::postDefineClass@9
                      ; - java.lang.ClassLoader::defineClass@37
  0x00000125ae500b24: d86f 89ff 

  0x00000125ae500b28: ;   {other}
  0x00000125ae500b28: 0f1f 8400 | 981c 0021 | ba45 ffff | ff48 8b6c | 2428 4c89 | 7424 4890 

  0x00000125ae500b40: ;   {runtime_call UncommonTrapBlob}
  0x00000125ae500b40: c5f8 77e8 

  0x00000125ae500b44: ; ImmutableOopMap {rbp=Oop [48]=Oop [64]=Oop [72]=Oop }
                      ;*ifeq {reexecute=1 rethrow=0 return_oop=0}
                      ; - (reexecute) java.lang.ClassLoader::checkName@8
                      ; - java.lang.ClassLoader::preDefineClass@1
                      ; - java.lang.ClassLoader::defineClass@4
  0x00000125ae500b44: b86f 89ff 

  0x00000125ae500b48: ;   {other}
  0x00000125ae500b48: 0f1f 8400 | b81c 0022 | bace ffff | ff48 8b6c | 2428 4c89 | 7424 484c | 8974 2450 | 4489 4424 
  0x00000125ae500b68: 5844 8954 | 245c 6690 

  0x00000125ae500b70: ;   {runtime_call UncommonTrapBlob}
  0x00000125ae500b70: c5f8 77e8 

  0x00000125ae500b74: ; ImmutableOopMap {rbp=Oop [48]=Oop [64]=Oop [72]=Oop [80]=Oop [88]=NarrowOop }
                      ;*invokestatic indexOfChar {reexecute=0 rethrow=0 return_oop=0}
                      ; - java.lang.StringLatin1::indexOf@33
                      ; - java.lang.String::indexOf@17
                      ; - java.lang.String::indexOf@3
                      ; - java.lang.ClassLoader::checkName@16
                      ; - java.lang.ClassLoader::preDefineClass@1
                      ; - java.lang.ClassLoader::defineClass@4
  0x00000125ae500b74: 886f 89ff 

  0x00000125ae500b78: ;   {other}
  0x00000125ae500b78: 0f1f 8400 | e81c 0023 | ba45 ffff | ff48 8944 | 2430 4c8b | 5424 404c | 8954 2438 | 4889 4424 
  0x00000125ae500b98: 4066 6690 

  0x00000125ae500b9c: ;   {runtime_call UncommonTrapBlob}
  0x00000125ae500b9c: c5f8 77e8 

  0x00000125ae500ba0: ; ImmutableOopMap {[40]=Oop [48]=Oop [56]=Oop [64]=Oop }
                      ;*ifeq {reexecute=1 rethrow=0 return_oop=0}
                      ; - (reexecute) java.lang.Class::getPackageName@13
                      ; - java.lang.ClassLoader::postDefineClass@2
                      ; - java.lang.ClassLoader::defineClass@37
  0x00000125ae500ba0: 5c6f 89ff 

  0x00000125ae500ba4: ;   {other}
  0x00000125ae500ba4: 0f1f 8400 | 141d 0024 | 4d63 cae9 | d8e9 ffff | 4983 c1fe | 498b c949 | 8bfb 4833 | c048 83f9 
  0x00000125ae500bc4: 087f 1048 | ffc9 7856 | 4889 04cf | 48ff c97d | f7eb 4bc5 | fdef c0e9 | 0d00 0000 | c5fe 7f07 
  0x00000125ae500be4: c5fe 7f47 | 2048 83c7 | 4048 83e9 | 087d ed48 | 83c1 047c | 0cc5 fe7f | 0748 83c7 | 2048 83e9 
  0x00000125ae500c04: 0448 83c1 | 047e 1748 | c7c0 ffff | ffff c4e2 | f0f5 c0c4 | e1fb 92f8 | 62f1 fe2f | 7f07 e93b 
  0x00000125ae500c24: eaff ffba | ccff ffff | 4489 5424 | 2044 8b54 | 2438 4489 | 5424 2444 | 8b5c 243c | 4489 5c24 
  0x00000125ae500c44: 3848 895c | 2458 4c89 | 7424 6044 | 8b54 2448 | 4489 5424 | 3c48 8974 | 2468 4489 | 4424 7090 
  0x00000125ae500c64: ;   {runtime_call UncommonTrapBlob}
  0x00000125ae500c64: c5f8 77e8 

  0x00000125ae500c68: ; ImmutableOopMap {[40]=Oop [48]=Oop [60]=NarrowOop [64]=Oop [88]=Oop [96]=Oop [104]=Oop [112]=NarrowOop }
                      ;*newarray {reexecute=1 rethrow=0 return_oop=0}
                      ; - (reexecute) java.util.Arrays::copyOfRangeByte@10
                      ; - java.util.Arrays::copyOfRange@13
                      ; - java.lang.StringLatin1::newString@16
                      ; - java.lang.String::substring@41
                      ; - java.lang.ClassLoader::checkCerts@21
                      ; - java.lang.ClassLoader::preDefineClass@113
                      ; - java.lang.ClassLoader::defineClass@4
  0x00000125ae500c68: 946e 89ff 

  0x00000125ae500c6c: ;   {other}
  0x00000125ae500c6c: 0f1f 8400 | dc1d 0025 | bade ffff | ff66 6690 

  0x00000125ae500c7c: ;   {runtime_call UncommonTrapBlob}
  0x00000125ae500c7c: c5f8 77e8 

  0x00000125ae500c80: ; ImmutableOopMap {rbp=NarrowOop }
                      ;*checkcast {reexecute=0 rethrow=0 return_oop=0}
                      ; - java.lang.ClassLoader::getNamedPackage@8
                      ; - java.lang.ClassLoader::postDefineClass@9
                      ; - java.lang.ClassLoader::defineClass@37
  0x00000125ae500c80: 7c6e 89ff 

  0x00000125ae500c84: ;   {other}
  0x00000125ae500c84: 0f1f 8400 | f41d 0026 | 4533 db45 | 85c9 410f | 94c3 ba45 | ffff ff48 | 8b6c 2428 | 4c89 7424 
  0x00000125ae500ca4: 484c 8974 | 2450 4489 | 5c24 6090 

  0x00000125ae500cb0: ;   {runtime_call UncommonTrapBlob}
  0x00000125ae500cb0: c5f8 77e8 

  0x00000125ae500cb4: ; ImmutableOopMap {rbp=Oop [48]=Oop [64]=Oop [72]=Oop [80]=Oop }
                      ;*ifeq {reexecute=1 rethrow=0 return_oop=0}
                      ; - (reexecute) java.lang.String::indexOf@4
                      ; - java.lang.String::indexOf@3
                      ; - java.lang.ClassLoader::checkName@16
                      ; - java.lang.ClassLoader::preDefineClass@1
                      ; - java.lang.ClassLoader::defineClass@4
  0x00000125ae500cb4: 486e 89ff 

  0x00000125ae500cb8: ;   {other}
  0x00000125ae500cb8: 0f1f 8400 | 281e 0027 | ba45 ffff | ff44 8954 | 2420 4489 | 5424 2448 | 895c 2458 | 4c89 7424 
  0x00000125ae500cd8: 604c 8974 | 2468 4489 | 4c24 7090 

  0x00000125ae500ce4: ;   {runtime_call UncommonTrapBlob}
  0x00000125ae500ce4: c5f8 77e8 

  0x00000125ae500ce8: ; ImmutableOopMap {[40]=Oop [48]=Oop [64]=Oop [72]=NarrowOop [88]=Oop [96]=Oop [104]=Oop }
                      ;*if_icmpgt {reexecute=1 rethrow=0 return_oop=0}
                      ; - (reexecute) jdk.internal.util.Preconditions::checkFromToIndex@6
                      ; - java.lang.String::checkBoundsBeginEnd@6
                      ; - java.lang.String::substring@8
                      ; - java.lang.ClassLoader::checkCerts@21
                      ; - java.lang.ClassLoader::preDefineClass@113
                      ; - java.lang.ClassLoader::defineClass@4
  0x00000125ae500ce8: 146e 89ff 

  0x00000125ae500cec: ;   {other}
  0x00000125ae500cec: 0f1f 8400 | 5c1e 0028 | ba45 ffff | ff48 8b6c | 2428 4c89 | 7424 4889 | 5c24 5090 

  0x00000125ae500d08: ;   {runtime_call UncommonTrapBlob}
  0x00000125ae500d08: c5f8 77e8 

  0x00000125ae500d0c: ; ImmutableOopMap {rbp=Oop [48]=Oop [64]=Oop [72]=Oop }
                      ;*if_icmpne {reexecute=1 rethrow=0 return_oop=0}
                      ; - (reexecute) java.lang.ClassLoader::checkName@20
                      ; - java.lang.ClassLoader::preDefineClass@1
                      ; - java.lang.ClassLoader::defineClass@4
  0x00000125ae500d0c: f06d 89ff 

  0x00000125ae500d10: ;   {other}
  0x00000125ae500d10: 0f1f 8400 | 801e 0029 | ba45 ffff | ff4c 896c | 2430 4c8b | 5424 404c | 8954 2438 | 4c89 4424 
  0x00000125ae500d30: 4044 894c | 2448 4489 | 5c24 4c90 

  0x00000125ae500d3c: ;   {runtime_call UncommonTrapBlob}
  0x00000125ae500d3c: c5f8 77e8 

  0x00000125ae500d40: ; ImmutableOopMap {[40]=Oop [48]=Oop [56]=Oop [64]=Oop [72]=NarrowOop }
                      ;*ifle {reexecute=1 rethrow=0 return_oop=0}
                      ; - (reexecute) java.util.concurrent.ConcurrentHashMap::get@23
                      ; - java.lang.ClassLoader::getNamedPackage@5
                      ; - java.lang.ClassLoader::postDefineClass@9
                      ; - java.lang.ClassLoader::defineClass@37
  0x00000125ae500d40: bc6d 89ff 

  0x00000125ae500d44: ;   {other}
  0x00000125ae500d44: 0f1f 8400 | b41e 002a | ba45 ffff | ff4c 8974 | 2450 6690 

  0x00000125ae500d58: ;   {runtime_call UncommonTrapBlob}
  0x00000125ae500d58: c5f8 77e8 

  0x00000125ae500d5c: ; ImmutableOopMap {[40]=Oop [48]=Oop [64]=Oop [80]=Oop }
                      ;*if_icmpne {reexecute=1 rethrow=0 return_oop=0}
                      ; - (reexecute) java.lang.ClassLoader::checkName@30
                      ; - java.lang.ClassLoader::preDefineClass@1
                      ; - java.lang.ClassLoader::defineClass@4
  0x00000125ae500d5c: a06d 89ff 

  0x00000125ae500d60: ;   {other}
  0x00000125ae500d60: 0f1f 8400 | d01e 002b | ba45 ffff | ff4c 8b54 | 2428 4c89 | 5424 2048 | 895c 2450 | 4c89 7424 
  0x00000125ae500d80: 5848 8974 | 2460 6690 

  0x00000125ae500d88: ;   {runtime_call UncommonTrapBlob}
  0x00000125ae500d88: c5f8 77e8 

  0x00000125ae500d8c: ; ImmutableOopMap {rbp=NarrowOop [32]=Oop [48]=Oop [64]=Oop [72]=NarrowOop [80]=Oop [88]=Oop [96]=Oop }
                      ;*ifnull {reexecute=1 rethrow=0 return_oop=0}
                      ; - (reexecute) java.security.CodeSource::getCertificates@4
                      ; - java.lang.ClassLoader::checkCerts@34
                      ; - java.lang.ClassLoader::preDefineClass@113
                      ; - java.lang.ClassLoader::defineClass@4
  0x00000125ae500d8c: 706d 89ff 

  0x00000125ae500d90: ;   {other}
  0x00000125ae500d90: 0f1f 8400 | 001f 002c | ba45 ffff | ff4c 8b54 | 2428 4c89 | 5424 2048 | 895c 2450 | 4c89 7424 
  0x00000125ae500db0: 5848 8974 | 2460 6690 

  0x00000125ae500db8: ;   {runtime_call UncommonTrapBlob}
  0x00000125ae500db8: c5f8 77e8 

  0x00000125ae500dbc: ; ImmutableOopMap {rbp=NarrowOop [32]=Oop [48]=Oop [64]=Oop [72]=NarrowOop [80]=Oop [88]=Oop [96]=Oop }
                      ;*ifnull {reexecute=1 rethrow=0 return_oop=0}
                      ; - (reexecute) java.security.CodeSource::getCertificates@22
                      ; - java.lang.ClassLoader::checkCerts@34
                      ; - java.lang.ClassLoader::preDefineClass@113
                      ; - java.lang.ClassLoader::defineClass@4
  0x00000125ae500dbc: 406d 89ff 

  0x00000125ae500dc0: ;   {other}
  0x00000125ae500dc0: 0f1f 8400 | 301f 002d | ba45 ffff | ff44 8954 | 2420 4489 | 5424 2448 | 895c 2458 | 4c89 7424 
  0x00000125ae500de0: 604c 8974 | 2468 4489 | 4c24 7044 | 894c 2474 

  0x00000125ae500df0: ;   {runtime_call UncommonTrapBlob}
  0x00000125ae500df0: c5f8 77e8 

  0x00000125ae500df4: ; ImmutableOopMap {[40]=Oop [48]=Oop [64]=Oop [72]=NarrowOop [88]=Oop [96]=Oop [104]=Oop }
                      ;*if_icmple {reexecute=1 rethrow=0 return_oop=0}
                      ; - (reexecute) jdk.internal.util.Preconditions::checkFromToIndex@11
                      ; - java.lang.String::checkBoundsBeginEnd@6
                      ; - java.lang.String::substring@8
                      ; - java.lang.ClassLoader::checkCerts@21
                      ; - java.lang.ClassLoader::preDefineClass@113
                      ; - java.lang.ClassLoader::defineClass@4
  0x00000125ae500df4: 086d 89ff 

  0x00000125ae500df8: ;   {other}
  0x00000125ae500df8: 0f1f 8400 | 681f 002e | ba45 ffff | ff66 6690 

  0x00000125ae500e08: ;   {runtime_call UncommonTrapBlob}
  0x00000125ae500e08: c5f8 77e8 

  0x00000125ae500e0c: ; ImmutableOopMap {[32]=Oop [40]=Oop [48]=Oop [64]=Oop }
                      ;*ifne {reexecute=1 rethrow=0 return_oop=0}
                      ; - (reexecute) java.lang.ClassLoader::compareCerts@7
                      ; - java.lang.ClassLoader::checkCerts@80
                      ; - java.lang.ClassLoader::preDefineClass@113
                      ; - java.lang.ClassLoader::defineClass@4
  0x00000125ae500e0c: f06c 89ff 

  0x00000125ae500e10: ;   {other}
  0x00000125ae500e10: 0f1f 8400 | 801f 002f | baf6 ffff | ff66 6690 

  0x00000125ae500e20: ;   {runtime_call UncommonTrapBlob}
  0x00000125ae500e20: c5f8 77e8 

  0x00000125ae500e24: ; ImmutableOopMap {}
                      ;*invokevirtual isNamed {reexecute=0 rethrow=0 return_oop=0}
                      ; - java.lang.NamedPackage::<init>@12
                      ; - java.lang.ClassLoader::getNamedPackage@22
                      ; - java.lang.ClassLoader::postDefineClass@9
                      ; - java.lang.ClassLoader::defineClass@37
  0x00000125ae500e24: d86c 89ff 

  0x00000125ae500e28: ;   {other}
  0x00000125ae500e28: 0f1f 8400 | 981f 0030 | 498b d7c5 | f877 49ba | f0a0 fa07 | fc7f 0000 

  0x00000125ae500e40: ;   {other}
  0x00000125ae500e40: 41ff d20f | 1f84 0000 | 0000 00e9 | 1de8 ffff | baf6 ffff | ff66 6690 

  0x00000125ae500e58: ;   {runtime_call UncommonTrapBlob}
  0x00000125ae500e58: c5f8 77e8 

  0x00000125ae500e5c: ; ImmutableOopMap {[72]=NarrowOop }
                      ;*invokevirtual append {reexecute=0 rethrow=0 return_oop=0}
                      ; - java.lang.NamedPackage::<init>@35
                      ; - java.lang.ClassLoader::getNamedPackage@22
                      ; - java.lang.ClassLoader::postDefineClass@9
                      ; - java.lang.ClassLoader::defineClass@37
  0x00000125ae500e5c: a06c 89ff 

  0x00000125ae500e60: ;   {other}
  0x00000125ae500e60: 0f1f 8400 | d01f 0031 | baf6 ffff | ff66 6690 

  0x00000125ae500e70: ;   {runtime_call UncommonTrapBlob}
  0x00000125ae500e70: c5f8 77e8 

  0x00000125ae500e74: ; ImmutableOopMap {}
                      ;*invokevirtual toString {reexecute=0 rethrow=0 return_oop=0}
                      ; - java.lang.NamedPackage::<init>@38
                      ; - java.lang.ClassLoader::getNamedPackage@22
                      ; - java.lang.ClassLoader::postDefineClass@9
                      ; - java.lang.ClassLoader::defineClass@37
  0x00000125ae500e74: 886c 89ff 

  0x00000125ae500e78: ;   {other}
  0x00000125ae500e78: 0f1f 8400 | e81f 0032 | 4d63 dae9 | 22eb ffff | 4983 c3fe | 498b cb48 | 8bfa 4833 | c048 83f9 
  0x00000125ae500e98: 087f 1048 | ffc9 7856 | 4889 04cf | 48ff c97d | f7eb 4bc5 | fdef c0e9 | 0d00 0000 | c5fe 7f07 
  0x00000125ae500eb8: c5fe 7f47 | 2048 83c7 | 4048 83e9 | 087d ed48 | 83c1 047c | 0cc5 fe7f | 0748 83c7 | 2048 83e9 
  0x00000125ae500ed8: 0448 83c1 | 047e 1748 | c7c0 ffff | ffff c4e2 | f0f5 c0c4 | e1fb 92f8 | 62f1 fe2f | 7f07 e976 
  0x00000125ae500ef8: ebff ffba | ccff ffff | 4c89 6c24 | 304c 8b5c | 2440 4c89 | 5c24 384c | 896c 2440 | 4889 5c24 
  0x00000125ae500f18: 5089 4c24 | 5844 8954 | 2460 6690 

  0x00000125ae500f24: ;   {runtime_call UncommonTrapBlob}
  0x00000125ae500f24: c5f8 77e8 

  0x00000125ae500f28: ; ImmutableOopMap {[40]=Oop [48]=Oop [56]=Oop [64]=Oop [80]=Oop [88]=NarrowOop }
                      ;*newarray {reexecute=1 rethrow=0 return_oop=0}
                      ; - (reexecute) java.util.Arrays::copyOfRangeByte@10
                      ; - java.util.Arrays::copyOfRange@13
                      ; - java.lang.StringLatin1::newString@16
                      ; - java.lang.String::substring@41
                      ; - java.lang.Class::getPackageName@62
                      ; - java.lang.ClassLoader::postDefineClass@2
                      ; - java.lang.ClassLoader::defineClass@37
  0x00000125ae500f28: d46b 89ff 

  0x00000125ae500f2c: ;   {other}
  0x00000125ae500f2c: 0f1f 8400 | 9c20 0033 | 85db 448b | 5424 4841 | 0f94 c2ba | 45ff ffff | 4c89 6c24 | 304c 8b5c 
  0x00000125ae500f4c: 2440 4c89 | 5c24 384c | 896c 2440 | 4c89 4c24 | 5044 8944 | 2458 4489 | 5424 5c90 

  0x00000125ae500f68: ;   {runtime_call UncommonTrapBlob}
  0x00000125ae500f68: c5f8 77e8 

  0x00000125ae500f6c: ; ImmutableOopMap {[40]=Oop [48]=Oop [56]=Oop [64]=Oop [80]=Oop }
                      ;*ifeq {reexecute=1 rethrow=0 return_oop=0}
                      ; - (reexecute) java.lang.String::lastIndexOf@4
                      ; - java.lang.String::lastIndexOf@8
                      ; - java.lang.Class::getPackageName@47
                      ; - java.lang.ClassLoader::postDefineClass@2
                      ; - java.lang.ClassLoader::defineClass@37
  0x00000125ae500f6c: 906b 89ff 

  0x00000125ae500f70: ;   {other}
  0x00000125ae500f70: 0f1f 8400 | e020 0034 | 498b d7c5 | f877 49ba | f0a0 fa07 | fc7f 0000 

  0x00000125ae500f88: ;   {other}
  0x00000125ae500f88: 41ff d20f | 1f84 0000 | 0000 00e9 | 50eb ffff | ba45 ffff | ff4c 896c | 2430 4c8b | 4424 404c 
  0x00000125ae500fa8: 8944 2438 | 4c89 6c24 | 404c 894c | 2448 4489 | 5424 5844 | 895c 245c | 4489 5424 | 6066 6690 
  0x00000125ae500fc8: ;   {runtime_call UncommonTrapBlob}
  0x00000125ae500fc8: c5f8 77e8 

  0x00000125ae500fcc: ; ImmutableOopMap {[40]=Oop [48]=Oop [56]=Oop [64]=Oop [72]=Oop }
                      ;*if_icmpgt {reexecute=1 rethrow=0 return_oop=0}
                      ; - (reexecute) jdk.internal.util.Preconditions::checkFromToIndex@6
                      ; - java.lang.String::checkBoundsBeginEnd@6
                      ; - java.lang.String::substring@8
                      ; - java.lang.Class::getPackageName@62
                      ; - java.lang.ClassLoader::postDefineClass@2
                      ; - java.lang.ClassLoader::defineClass@37
  0x00000125ae500fcc: 306b 89ff 

  0x00000125ae500fd0: ;   {other}
  0x00000125ae500fd0: 0f1f 8400 | 4021 0035 | ba45 ffff | ff4c 896c | 2430 4c8b | 4424 404c | 8944 2438 | 4c89 6c24 
  0x00000125ae500ff0: 404c 894c | 2448 4489 | 5424 5844 | 895c 245c | 4489 5424 | 6044 895c | 2464 6690 

  0x00000125ae50100c: ;   {runtime_call UncommonTrapBlob}
  0x00000125ae50100c: c5f8 77e8 

  0x00000125ae501010: ; ImmutableOopMap {[40]=Oop [48]=Oop [56]=Oop [64]=Oop [72]=Oop }
                      ;*if_icmple {reexecute=1 rethrow=0 return_oop=0}
                      ; - (reexecute) jdk.internal.util.Preconditions::checkFromToIndex@11
                      ; - java.lang.String::checkBoundsBeginEnd@6
                      ; - java.lang.String::substring@8
                      ; - java.lang.Class::getPackageName@62
                      ; - java.lang.ClassLoader::postDefineClass@2
                      ; - java.lang.ClassLoader::defineClass@37
  0x00000125ae501010: ec6a 89ff 

  0x00000125ae501014: ;   {other}
  0x00000125ae501014: 0f1f 8400 | 8421 0036 | 498b d7c5 | f877 49ba | f0a0 fa07 | fc7f 0000 

  0x00000125ae50102c: ;   {other}
  0x00000125ae50102c: 41ff d20f | 1f84 0000 | 0000 00e9 | 40ea ffff | ba45 ffff | ff4c 896c | 2430 4489 | 5424 3890 
  0x00000125ae50104c: ;   {runtime_call UncommonTrapBlob}
  0x00000125ae50104c: c5f8 77e8 

  0x00000125ae501050: ; ImmutableOopMap {rbp=NarrowOop [40]=Oop [48]=Oop [56]=NarrowOop }
                      ;*ifnull {reexecute=1 rethrow=0 return_oop=0}
                      ; - (reexecute) java.security.CodeSource::getCertificates@4
                      ; - java.lang.ClassLoader::postDefineClass@24
                      ; - java.lang.ClassLoader::defineClass@37
  0x00000125ae501050: ac6a 89ff 

  0x00000125ae501054: ;   {other}
  0x00000125ae501054: 0f1f 8400 | c421 0037 | ba45 ffff | ff4c 896c | 2430 4489 | 5424 3890 

  0x00000125ae50106c: ;   {runtime_call UncommonTrapBlob}
  0x00000125ae50106c: c5f8 77e8 

  0x00000125ae501070: ; ImmutableOopMap {rbp=NarrowOop [40]=Oop [48]=Oop [56]=NarrowOop }
                      ;*ifnull {reexecute=1 rethrow=0 return_oop=0}
                      ; - (reexecute) java.security.CodeSource::getCertificates@22
                      ; - java.lang.ClassLoader::postDefineClass@24
                      ; - java.lang.ClassLoader::defineClass@37
  0x00000125ae501070: 8c6a 89ff 

  0x00000125ae501074: ;   {other}
  0x00000125ae501074: 0f1f 8400 | e421 0038 | baf6 ffff | ff66 6690 

  0x00000125ae501084: ;   {runtime_call UncommonTrapBlob}
  0x00000125ae501084: c5f8 77e8 

  0x00000125ae501088: ; ImmutableOopMap {}
                      ;*invokevirtual lastIndexOf {reexecute=0 rethrow=0 return_oop=0}
                      ; - java.lang.Class::getPackageName@47
                      ; - java.lang.ClassLoader::postDefineClass@2
                      ; - java.lang.ClassLoader::defineClass@37
  0x00000125ae501088: 746a 89ff 

  0x00000125ae50108c: ;   {other}
  0x00000125ae50108c: 0f1f 8400 | fc21 0039 | ba45 ffff | ff4c 896c | 2430 488b | 4c24 4048 | 894c 2438 | 4489 4c24 
  0x00000125ae5010ac: 504c 8944 | 2458 4489 | 5c24 5444 | 8954 2460 | 895c 2464 

  0x00000125ae5010c0: ;   {runtime_call UncommonTrapBlob}
  0x00000125ae5010c0: c5f8 77e8 

  0x00000125ae5010c4: ; ImmutableOopMap {[40]=Oop [48]=Oop [56]=Oop [80]=NarrowOop [84]=NarrowOop [88]=Oop }
                      ;*if_icmpne {reexecute=1 rethrow=0 return_oop=0}
                      ; - (reexecute) java.lang.String::equals@33
                      ; - java.util.concurrent.ConcurrentHashMap::get@73
                      ; - java.lang.ClassLoader::getNamedPackage@5
                      ; - java.lang.ClassLoader::postDefineClass@9
                      ; - java.lang.ClassLoader::defineClass@37
  0x00000125ae5010c4: 386a 89ff 

  0x00000125ae5010c8: ;   {other}
  0x00000125ae5010c8: 0f1f 8400 | 3822 003a | ba45 ffff | ff4c 896c | 2430 488b | 4c24 4048 | 894c 2438 | 4489 4c24 
  0x00000125ae5010e8: 504c 8944 | 2458 4489 | 5c24 5444 | 8954 2460 

  0x00000125ae5010f8: ;   {runtime_call UncommonTrapBlob}
  0x00000125ae5010f8: c5f8 77e8 

  0x00000125ae5010fc: ; ImmutableOopMap {[40]=Oop [48]=Oop [56]=Oop [80]=NarrowOop [84]=NarrowOop [88]=Oop }
                      ;*ifge {reexecute=1 rethrow=0 return_oop=0}
                      ; - (reexecute) java.util.concurrent.ConcurrentHashMap::get@86
                      ; - java.lang.ClassLoader::getNamedPackage@5
                      ; - java.lang.ClassLoader::postDefineClass@9
                      ; - java.lang.ClassLoader::defineClass@37
  0x00000125ae5010fc: 006a 89ff 

  0x00000125ae501100: ;   {other}
  0x00000125ae501100: 0f1f 8400 | 7022 003b | ba45 ffff | ff4c 896c | 2430 4c8b | 5c24 404c | 895c 2438 | 4489 4c24 
  0x00000125ae501120: 504c 8944 | 2458 4889 | 4c24 6044 | 8954 2454 

  0x00000125ae501130: ;   {runtime_call UncommonTrapBlob}
  0x00000125ae501130: c5f8 77e8 

  0x00000125ae501134: ; ImmutableOopMap {rbp=NarrowOop [40]=Oop [48]=Oop [56]=Oop [80]=NarrowOop [88]=Oop [96]=Oop }
                      ;*ifnull {reexecute=1 rethrow=0 return_oop=0}
                      ; - (reexecute) java.util.concurrent.ConcurrentHashMap::get@143
                      ; - java.lang.ClassLoader::getNamedPackage@5
                      ; - java.lang.ClassLoader::postDefineClass@9
                      ; - java.lang.ClassLoader::defineClass@37
  0x00000125ae501134: c869 89ff 

  0x00000125ae501138: ;   {other}
  0x00000125ae501138: 0f1f 8400 | a822 003c | ba45 ffff | ff48 8b6c | 2430 8944 | 2460 6690 

  0x00000125ae501150: ;   {runtime_call UncommonTrapBlob}
  0x00000125ae501150: c5f8 77e8 

  0x00000125ae501154: ; ImmutableOopMap {rbp=Oop [40]=Oop [56]=Oop [64]=Oop [72]=NarrowOop [80]=Oop }
                      ;*ifeq {reexecute=1 rethrow=0 return_oop=0}
                      ; - (reexecute) java.util.concurrent.ConcurrentHashMap::get@152
                      ; - java.lang.ClassLoader::getNamedPackage@5
                      ; - java.lang.ClassLoader::postDefineClass@9
                      ; - java.lang.ClassLoader::defineClass@37
  0x00000125ae501154: a869 89ff 

  0x00000125ae501158: ;   {other}
  0x00000125ae501158: 0f1f 8400 | c822 003d | 85c9 448b | 5424 4841 | 0f94 c2ba | 45ff ffff | 4c89 6c24 | 3048 8b4c 
  0x00000125ae501178: 2440 4889 | 4c24 3844 | 894c 2448 | 4489 5c24 | 4c48 895c | 2450 4889 | 5c24 5844 | 8954 2460 
  0x00000125ae501198: ;   {runtime_call UncommonTrapBlob}
  0x00000125ae501198: c5f8 77e8 

  0x00000125ae50119c: ; ImmutableOopMap {[40]=Oop [48]=Oop [56]=Oop [72]=NarrowOop [76]=NarrowOop [80]=Oop [88]=Oop }
                      ;*ifeq {reexecute=1 rethrow=0 return_oop=0}
                      ; - (reexecute) java.lang.String::hashCode@20
                      ; - java.util.concurrent.ConcurrentHashMap::get@1
                      ; - java.lang.ClassLoader::getNamedPackage@5
                      ; - java.lang.ClassLoader::postDefineClass@9
                      ; - java.lang.ClassLoader::defineClass@37
  0x00000125ae50119c: 6069 89ff 

  0x00000125ae5011a0: ;   {other}
  0x00000125ae5011a0: 0f1f 8400 | 1023 003e | baf6 ffff | ff66 6690 

  0x00000125ae5011b0: ;   {runtime_call UncommonTrapBlob}
  0x00000125ae5011b0: c5f8 77e8 

  0x00000125ae5011b4: ; ImmutableOopMap {[56]=Oop [88]=Oop }
                      ;*invokevirtual putIfAbsent {reexecute=0 rethrow=0 return_oop=0}
                      ; - java.lang.ClassLoader::getNamedPackage@32
                      ; - java.lang.ClassLoader::postDefineClass@9
                      ; - java.lang.ClassLoader::defineClass@37
  0x00000125ae5011b4: 4869 89ff 

  0x00000125ae5011b8: ;   {other}
  0x00000125ae5011b8: 0f1f 8400 | 2823 003f | 488b e8ba | 54ff ffff | 4c8b 5424 | 404c 8954 | 2438 6690 

  0x00000125ae5011d4: ;   {runtime_call UncommonTrapBlob}
  0x00000125ae5011d4: c5f8 77e8 

  0x00000125ae5011d8: ; ImmutableOopMap {rbp=Oop [40]=Oop [48]=Oop [56]=Oop [80]=NarrowOop [88]=Oop }
                      ;*ifnull {reexecute=1 rethrow=0 return_oop=0}
                      ; - (reexecute) java.lang.ClassLoader::getNamedPackage@42
                      ; - java.lang.ClassLoader::postDefineClass@9
                      ; - java.lang.ClassLoader::defineClass@37
  0x00000125ae5011d8: 2469 89ff 

  0x00000125ae5011dc: ;   {other}
  0x00000125ae5011dc: 0f1f 8400 | 4c23 0040 | bae4 ffff | ff48 8b6c | 2428 4c89 | 7424 4844 | 8944 2454 

  0x00000125ae5011f8: ;   {runtime_call UncommonTrapBlob}
  0x00000125ae5011f8: c5f8 77e8 

  0x00000125ae5011fc: ; ImmutableOopMap {rbp=Oop [48]=Oop [64]=Oop [72]=Oop [84]=NarrowOop }
                      ;*baload {reexecute=0 rethrow=0 return_oop=0}
                      ; - jdk.internal.util.ArraysSupport::mismatch@82
                      ; - java.lang.String::startsWith@70
                      ; - java.lang.String::startsWith@3
                      ; - java.lang.ClassLoader::preDefineClass@43
                      ; - java.lang.ClassLoader::defineClass@4
  0x00000125ae5011fc: 0069 89ff 

  0x00000125ae501200: ;   {other}
  0x00000125ae501200: 0f1f 8400 | 7023 0041 | 498b d7c5 | f877 49ba | f0a0 fa07 | fc7f 0000 

  0x00000125ae501218: ;   {other}
  0x00000125ae501218: 41ff d20f | 1f84 0000 | 0000 00e9 | 37ef ffff | 498b d7c5 | f877 49ba | f0a0 fa07 | fc7f 0000 
  0x00000125ae501238: ;   {other}
  0x00000125ae501238: 41ff d20f | 1f84 0000 | 0000 00e9 | ccee ffff | ba37 0100 | 0048 8be9 | 4c8b 5424 | 304c 8954 
  0x00000125ae501258: 2428 448b | 5c24 3844 | 895c 2430 | 8974 2434 | 4c89 7424 | 3866 6690 

  0x00000125ae501270: ;   {runtime_call UncommonTrapBlob}
  0x00000125ae501270: c5f8 77e8 

  0x00000125ae501274: ; ImmutableOopMap {rbp=Oop [40]=Oop [56]=Oop }
                      ;*new {reexecute=0 rethrow=0 return_oop=0}
                      ; - java.lang.ClassLoader::preDefineClass@56
                      ; - java.lang.ClassLoader::defineClass@4
  0x00000125ae501274: 8868 89ff 

  0x00000125ae501278: ;   {other}
  0x00000125ae501278: 0f1f 8400 | e823 0042 | bade ffff | ff48 8b6c | 2428 4c8b | 5424 304c | 8954 2428 | 448b 5424 
  0x00000125ae501298: 3844 8954 | 2430 448b | 5c24 3c44 | 895c 2434 | 4c8b 5424 | 404c 8954 | 2438 4c8b | 5424 504c 
  0x00000125ae5012b8: 8954 2440 | 4889 4424 | 5066 6690 

  0x00000125ae5012c4: ;   {runtime_call UncommonTrapBlob}
  0x00000125ae5012c4: c5f8 77e8 

  0x00000125ae5012c8: ; ImmutableOopMap {rbp=Oop [32]=Oop [40]=Oop [56]=Oop [64]=Oop [80]=Oop }
                      ;*checkcast {reexecute=0 rethrow=0 return_oop=0}
                      ; - java.lang.ClassLoader::checkCerts@65
                      ; - java.lang.ClassLoader::preDefineClass@113
                      ; - java.lang.ClassLoader::defineClass@4
  0x00000125ae5012c8: 3468 89ff 

  0x00000125ae5012cc: ;   {other}
  0x00000125ae5012cc: 0f1f 8400 | 3c24 0043 | baf6 ffff | ff66 6690 

  0x00000125ae5012dc: ;   {runtime_call UncommonTrapBlob}
  0x00000125ae5012dc: c5f8 77e8 

  0x00000125ae5012e0: ; ImmutableOopMap {}
                      ;*arraylength {reexecute=0 rethrow=0 return_oop=0}
                      ; - java.lang.String::isEmpty@4
                      ; - java.lang.ClassLoader::checkName@5
                      ; - java.lang.ClassLoader::preDefineClass@1
                      ; - java.lang.ClassLoader::defineClass@4
  0x00000125ae5012e0: 1c68 89ff 

  0x00000125ae5012e4: ;   {other}
  0x00000125ae5012e4: 0f1f 8400 | 5424 0044 | baf6 ffff | ff66 6690 

  0x00000125ae5012f4: ;   {runtime_call UncommonTrapBlob}
  0x00000125ae5012f4: c5f8 77e8 

  0x00000125ae5012f8: ; ImmutableOopMap {}
                      ;*invokevirtual getPackageName {reexecute=0 rethrow=0 return_oop=0}
                      ; - java.lang.ClassLoader::postDefineClass@2
                      ; - java.lang.ClassLoader::defineClass@37
  0x00000125ae5012f8: 0468 89ff 

  0x00000125ae5012fc: ;   {other}
  0x00000125ae5012fc: 0f1f 8400 | 6c24 0045 | baf6 ffff | ff66 6690 

  0x00000125ae50130c: ;   {runtime_call UncommonTrapBlob}
  0x00000125ae50130c: c5f8 77e8 

  0x00000125ae501310: ; ImmutableOopMap {}
                      ;*invokevirtual hashCode {reexecute=0 rethrow=0 return_oop=0}
                      ; - java.util.concurrent.ConcurrentHashMap::get@1
                      ; - java.lang.ClassLoader::getNamedPackage@5
                      ; - java.lang.ClassLoader::postDefineClass@9
                      ; - java.lang.ClassLoader::defineClass@37
  0x00000125ae501310: ec67 89ff 

  0x00000125ae501314: ;   {other}
  0x00000125ae501314: 0f1f 8400 | 8424 0046 | 4d85 d244 | 8b5c 2448 | 410f 94c3 | ba45 ffff | ff48 8944 | 2430 4c8b 
  0x00000125ae501334: 5424 404c | 8954 2438 | 4889 4424 | 4044 895c | 2448 6690 

  0x00000125ae501348: ;   {runtime_call UncommonTrapBlob}
  0x00000125ae501348: c5f8 77e8 

  0x00000125ae50134c: ; ImmutableOopMap {[40]=Oop [48]=Oop [56]=Oop [64]=Oop }
                      ;*ifeq {reexecute=1 rethrow=0 return_oop=0}
                      ; - (reexecute) java.lang.Class::getPackageName@29
                      ; - java.lang.ClassLoader::postDefineClass@2
                      ; - java.lang.ClassLoader::defineClass@37
  0x00000125ae50134c: b067 89ff 

  0x00000125ae501350: ;   {other}
  0x00000125ae501350: 0f1f 8400 | c024 0047 | baf6 ffff | ff66 6690 

  0x00000125ae501360: ;   {runtime_call UncommonTrapBlob}
  0x00000125ae501360: c5f8 77e8 

  0x00000125ae501364: ; ImmutableOopMap {}
                      ;*arraylength {reexecute=0 rethrow=0 return_oop=0}
                      ; - java.lang.String::length@4
                      ; - java.lang.String::lastIndexOf@3
                      ; - java.lang.Class::getPackageName@47
                      ; - java.lang.ClassLoader::postDefineClass@2
                      ; - java.lang.ClassLoader::defineClass@37
  0x00000125ae501364: 9867 89ff 

  0x00000125ae501368: ;   {other}
  0x00000125ae501368: 0f1f 8400 | d824 0048 | ba45 ffff | ff48 8b6c | 2428 4c89 | 7424 484c | 8974 2450 

  0x00000125ae501384: ;   {runtime_call UncommonTrapBlob}
  0x00000125ae501384: c5f8 77e8 

  0x00000125ae501388: ; ImmutableOopMap {rbp=Oop [48]=Oop [64]=Oop [72]=Oop [80]=Oop }
                      ;*ifnull {reexecute=1 rethrow=0 return_oop=0}
                      ; - (reexecute) java.lang.ClassLoader::checkName@1
                      ; - java.lang.ClassLoader::preDefineClass@1
                      ; - java.lang.ClassLoader::defineClass@4
  0x00000125ae501388: 7467 89ff 

  0x00000125ae50138c: ;   {other}
  0x00000125ae50138c: 0f1f 8400 | fc24 0049 | ba45 ffff | ff48 8b6c | 2428 4c8b | 5424 304c | 8954 2428 | 448b 5c24 
  0x00000125ae5013ac: 3844 895c | 2430 8974 | 2434 4889 | 5c24 384c | 8974 2448 

  0x00000125ae5013c0: ;   {runtime_call UncommonTrapBlob}
  0x00000125ae5013c0: c5f8 77e8 

  0x00000125ae5013c4: ; ImmutableOopMap {rbp=Oop [40]=Oop [56]=Oop [64]=Oop [72]=Oop }
                      ;*ifnonnull {reexecute=1 rethrow=0 return_oop=0}
                      ; - (reexecute) java.lang.ClassLoader::preDefineClass@95
                      ; - java.lang.ClassLoader::defineClass@4
  0x00000125ae5013c4: 3867 89ff 

  0x00000125ae5013c8: ;   {other}
  0x00000125ae5013c8: 0f1f 8400 | 3825 004a | ba45 ffff | ff48 8b6c | 2428 4c8b | 5424 304c | 8954 2428 | 448b 5c24 
  0x00000125ae5013e8: 3844 895c | 2430 448b | 5424 3c44 | 8954 2434 | 4c8b 5424 | 404c 8954 | 2438 4889 | 5c24 404c 
  0x00000125ae501408: 8974 2450 | 4889 7424 | 5866 6690 

  0x00000125ae501414: ;   {runtime_call UncommonTrapBlob}
  0x00000125ae501414: c5f8 77e8 

  0x00000125ae501418: ; ImmutableOopMap {rbp=Oop [40]=Oop [56]=Oop [64]=Oop [72]=NarrowOop [80]=Oop [88]=Oop }
                      ;*ifnull {reexecute=1 rethrow=0 return_oop=0}
                      ; - (reexecute) java.lang.ClassLoader::checkCerts@30
                      ; - java.lang.ClassLoader::preDefineClass@113
                      ; - java.lang.ClassLoader::defineClass@4
  0x00000125ae501418: e466 89ff 

  0x00000125ae50141c: ;   {other}
  0x00000125ae50141c: 0f1f 8400 | 8c25 004b | ba45 ffff | ff48 8b6c | 2428 4c8b | 4424 304c | 8944 2428 | 448b 4424 
  0x00000125ae50143c: 3844 8944 | 2430 448b | 4c24 3c44 | 894c 2434 | 4c89 5424 | 3844 895c | 2444 6690 

  0x00000125ae501458: ;   {runtime_call UncommonTrapBlob}
  0x00000125ae501458: c5f8 77e8 

  0x00000125ae50145c: ; ImmutableOopMap {rbp=Oop [32]=Oop [40]=Oop [56]=Oop [68]=NarrowOop }
                      ;*ifnull {reexecute=1 rethrow=0 return_oop=0}
                      ; - (reexecute) java.lang.ClassLoader::defineClassSourceLocation@8
                      ; - java.lang.ClassLoader::defineClass@12
  0x00000125ae50145c: a066 89ff 

  0x00000125ae501460: ;   {other}
  0x00000125ae501460: 0f1f 8400 | d025 004c | ba45 ffff | ff66 6690 

  0x00000125ae501470: ;   {runtime_call UncommonTrapBlob}
  0x00000125ae501470: c5f8 77e8 

  0x00000125ae501474: ; ImmutableOopMap {rbp=NarrowOop [32]=Oop [40]=Oop [48]=Oop [64]=Oop }
                      ;*ifnull {reexecute=1 rethrow=0 return_oop=0}
                      ; - (reexecute) java.lang.ClassLoader::defineClassSourceLocation@15
                      ; - java.lang.ClassLoader::defineClass@12
  0x00000125ae501474: 8866 89ff 

  0x00000125ae501478: ;   {other}
  0x00000125ae501478: 0f1f 8400 | e825 004d | ba45 ffff | ff49 8bed | 4489 5424 | 2066 6690 

  0x00000125ae501490: ;   {runtime_call UncommonTrapBlob}
  0x00000125ae501490: c5f8 77e8 

  0x00000125ae501494: ; ImmutableOopMap {rbp=Oop [32]=NarrowOop }
                      ;*ifnull {reexecute=1 rethrow=0 return_oop=0}
                      ; - (reexecute) java.lang.ClassLoader::postDefineClass@17
                      ; - java.lang.ClassLoader::defineClass@37
  0x00000125ae501494: 6866 89ff 

  0x00000125ae501498: ;   {other}
  0x00000125ae501498: 0f1f 8400 | 0826 004e | ba45 ffff | ff4c 896c | 2430 488b | 4c24 4048 | 894c 2438 | 4489 4c24 
  0x00000125ae5014b8: 504c 8944 | 2458 4489 | 5c24 5444 | 8954 2460 

  0x00000125ae5014c8: ;   {runtime_call UncommonTrapBlob}
  0x00000125ae5014c8: c5f8 77e8 

  0x00000125ae5014cc: ; ImmutableOopMap {rbp=NarrowOop [40]=Oop [48]=Oop [56]=Oop [80]=NarrowOop [84]=NarrowOop [88]=Oop }
                      ;*ifnull {reexecute=1 rethrow=0 return_oop=0}
                      ; - (reexecute) java.util.concurrent.ConcurrentHashMap::get@67
                      ; - java.lang.ClassLoader::getNamedPackage@5
                      ; - java.lang.ClassLoader::postDefineClass@9
                      ; - java.lang.ClassLoader::defineClass@37
  0x00000125ae5014cc: 3066 89ff 

  0x00000125ae5014d0: ;   {other}
  0x00000125ae5014d0: 0f1f 8400 | 4026 004f | eb2a eb28 | eb26 eb24 | eb22 eb20 | eb1e eb1c | eb1a eb18 | eb16 eb14 
  0x00000125ae5014f0: eb12 eb10 | eb0e eb0c | eb0a eb08 | eb06 eb04 | eb02 eb00 | 488b d0e9 | d9ea ffff | ba97 ffff 
  0x00000125ae501510: ff4c 8b54 | 2430 4c89 | 5424 2844 | 8b5c 2438 | 4489 5c24 | 3044 8b54 | 243c 4489 | 5424 344c 
  0x00000125ae501530: 8b54 2440 | 4c89 5424 | 384c 8b54 | 2460 4c89 | 5424 404c | 8b54 2470 | 4c89 5424 | 6066 6690 
  0x00000125ae501550: ;   {runtime_call UncommonTrapBlob}
  0x00000125ae501550: c5f8 77e8 

  0x00000125ae501554: ; ImmutableOopMap {rbp=Oop [32]=Oop [40]=Oop [56]=Oop [64]=Oop [72]=NarrowOop [96]=Oop [104]=NarrowOop [112]=Oop }
                      ;*invokevirtual clone {reexecute=1 rethrow=0 return_oop=0}
                      ; - (reexecute) java.util.Arrays::copyOfRange@18
                      ; - java.lang.StringLatin1::newString@16
                      ; - java.lang.String::substring@41
                      ; - java.lang.ClassLoader::checkCerts@21
                      ; - java.lang.ClassLoader::preDefineClass@113
                      ; - java.lang.ClassLoader::defineClass@4
  0x00000125ae501554: a865 89ff 

  0x00000125ae501558: ;   {other}
  0x00000125ae501558: 0f1f 8400 | c826 0050 | ba97 ffff | ff48 8b6c | 2420 6690 

  0x00000125ae50156c: ;   {runtime_call UncommonTrapBlob}
  0x00000125ae50156c: c5f8 77e8 

  0x00000125ae501570: ; ImmutableOopMap {rbp=Oop [40]=Oop [48]=NarrowOop [56]=Oop [64]=Oop }
                      ;*invokevirtual clone {reexecute=1 rethrow=0 return_oop=0}
                      ; - (reexecute) java.util.Arrays::copyOfRange@18
                      ; - java.lang.StringLatin1::newString@16
                      ; - java.lang.String::substring@41
                      ; - java.lang.Class::getPackageName@62
                      ; - java.lang.ClassLoader::postDefineClass@2
                      ; - java.lang.ClassLoader::defineClass@37
  0x00000125ae501570: 8c65 89ff 

  0x00000125ae501574: ;   {other}
  0x00000125ae501574: 0f1f 8400 | e426 0051 

  0x00000125ae50157c: ;   {internal_word}
  0x00000125ae50157c: 49ba 9dfc | 4fae 2501 | 0000 4d89 | 9768 0400 

  0x00000125ae50158c: ;   {runtime_call SafepointBlob}
  0x00000125ae50158c: 00e9 ee53 

  0x00000125ae501590: ;   {runtime_call StubRoutines (final stubs)}
  0x00000125ae501590: 89ff e809 | 6d87 ffe9 | 02dd ffff | f4f4 f4f4 
[Stub Code]
  0x00000125ae5015a0: ;   {no_reloc}
  0x00000125ae5015a0: 48bb 0000 | 0000 0000 

  0x00000125ae5015a8: ;   {runtime_call nmethod}
  0x00000125ae5015a8: 0000 e9fb 

  0x00000125ae5015ac: ;   {static_stub}
  0x00000125ae5015ac: ffff ff48 | bb00 0000 | 0000 0000 

  0x00000125ae5015b8: ;   {runtime_call nmethod}
  0x00000125ae5015b8: 00e9 fbff 

  0x00000125ae5015bc: ;   {static_stub}
  0x00000125ae5015bc: ffff 48bb | 0000 0000 | 0000 0000 

  0x00000125ae5015c8: ;   {runtime_call nmethod}
  0x00000125ae5015c8: e9fb ffff 

  0x00000125ae5015cc: ;   {static_stub}
  0x00000125ae5015cc: ff48 bb00 | 0000 0000 

  0x00000125ae5015d4: ;   {runtime_call nmethod}
  0x00000125ae5015d4: 0000 00e9 | fbff ffff 

  0x00000125ae5015dc: ;   {static_stub}
  0x00000125ae5015dc: 48bb 9058 | 40b9 2501 

  0x00000125ae5015e4: ;   {runtime_call I2C/C2I adapters}
  0x00000125ae5015e4: 0000 e983 

  0x00000125ae5015e8: ;   {static_stub}
  0x00000125ae5015e8: 0c86 ff48 | bb00 0000 | 0000 0000 

  0x00000125ae5015f4: ;   {runtime_call nmethod}
  0x00000125ae5015f4: 00e9 fbff 

  0x00000125ae5015f8: ;   {static_stub}
  0x00000125ae5015f8: ffff 48bb | 0000 0000 | 0000 0000 

  0x00000125ae501604: ;   {runtime_call nmethod}
  0x00000125ae501604: e9fb ffff 

  0x00000125ae501608: ;   {static_stub}
  0x00000125ae501608: ff48 bb00 | 0000 0000 

  0x00000125ae501610: ;   {runtime_call nmethod}
  0x00000125ae501610: 0000 00e9 | fbff ffff 

  0x00000125ae501618: ;   {static_stub}
  0x00000125ae501618: 48bb 0000 | 0000 0000 

  0x00000125ae501620: ;   {runtime_call nmethod}
  0x00000125ae501620: 0000 e9fb 

  0x00000125ae501624: ;   {static_stub}
  0x00000125ae501624: ffff ff48 | bb00 0000 | 0000 0000 

  0x00000125ae501630: ;   {runtime_call nmethod}
  0x00000125ae501630: 00e9 fbff 

  0x00000125ae501634: ;   {static_stub}
  0x00000125ae501634: ffff 48bb | 0000 0000 | 0000 0000 

  0x00000125ae501640: ;   {runtime_call nmethod}
  0x00000125ae501640: e9fb ffff 

  0x00000125ae501644: ;   {static_stub}
  0x00000125ae501644: ff48 bb00 | 0000 0000 

  0x00000125ae50164c: ;   {runtime_call nmethod}
  0x00000125ae50164c: 0000 00e9 | fbff ffff 

  0x00000125ae501654: ;   {static_stub}
  0x00000125ae501654: 48bb 0000 | 0000 0000 

  0x00000125ae50165c: ;   {runtime_call nmethod}
  0x00000125ae50165c: 0000 e9fb 

  0x00000125ae501660: ;   {static_stub}
  0x00000125ae501660: ffff ff48 | bb00 0000 | 0000 0000 

  0x00000125ae50166c: ;   {runtime_call nmethod}
  0x00000125ae50166c: 00e9 fbff 

  0x00000125ae501670: ;   {static_stub}
  0x00000125ae501670: ffff 48bb | 0000 0000 | 0000 0000 

  0x00000125ae50167c: ;   {runtime_call nmethod}
  0x00000125ae50167c: e9fb ffff 

  0x00000125ae501680: ;   {runtime_call ExceptionBlob}
  0x00000125ae501680: ffe9 fa15 | 96ff e800 | 0000 0048 | 832c 2405 

  0x00000125ae501690: ;   {runtime_call DeoptimizationBlob}
  0x00000125ae501690: e98b 6789 | fff4 f4f4 
[/MachCode]


Compiled method (c2) 41073 7171       4       java.security.SecureClassLoader::defineClass (16 bytes)
 total in heap  [0x00000125ae57c590,0x00000125ae57cc68] = 1752
 relocation     [0x00000125ae57c6f0,0x00000125ae57c750] = 96
 main code      [0x00000125ae57c760,0x00000125ae57c9f8] = 664
 stub code      [0x00000125ae57c9f8,0x00000125ae57ca30] = 56
 metadata       [0x00000125ae57ca30,0x00000125ae57ca60] = 48
 scopes data    [0x00000125ae57ca60,0x00000125ae57cb38] = 216
 scopes pcs     [0x00000125ae57cb38,0x00000125ae57cbe8] = 176
 dependencies   [0x00000125ae57cbe8,0x00000125ae57cbf0] = 8
 handler table  [0x00000125ae57cbf0,0x00000125ae57cc50] = 96
 nul chk table  [0x00000125ae57cc50,0x00000125ae57cc68] = 24

[Constant Pool (empty)]

[MachCode]
[Entry Point]
  # {method} {0x00000125b904e0e8} 'defineClass' '(Ljava/lang/String;[BIILjava/security/CodeSource;)Ljava/lang/Class;' in 'java/security/SecureClassLoader'
  # this:     rdx:rdx   = 'java/security/SecureClassLoader'
  # parm0:    r8:r8     = 'java/lang/String'
  # parm1:    r9:r9     = '[B'
  # parm2:    rdi       = int
  # parm3:    rsi       = int
  # parm4:    rcx:rcx   = 'java/security/CodeSource'
  #           [sp+0x60]  (sp of caller)
  0x00000125ae57c760: 448b 5208 | 49bb 0000 | 00b9 2501 | 0000 4d03 | d349 3bc2 

  0x00000125ae57c774: ;   {runtime_call ic_miss_stub}
  0x00000125ae57c774: 0f85 0622 | 81ff 6690 | 0f1f 4000 
[Verified Entry Point]
  0x00000125ae57c780: 8984 2400 | 80ff ff55 | 4883 ec50 | 4181 7f20 | 1300 0000 | 0f85 4e02 | 0000 8974 | 241c 897c 
  0x00000125ae57c7a0: 2418 4c89 | 4c24 104c | 8944 2408 | 4889 1424 | 488b e948 | 85c9 0f84 | 6001 0000 | 4d8b 87b8 
  0x00000125ae57c7c0: 0100 004d | 8bd0 4983 | c210 4d3b | 97c8 0100 | 000f 830a | 0100 004d | 8997 b801 | 0000 410f 
  0x00000125ae57c7e0: 0d8a c000 | 0000 49c7 | 0001 0000 

  0x00000125ae57c7ec: ;   {metadata('java/security/SecureClassLoader$CodeSourceKey')}
  0x00000125ae57c7ec: 0041 c740 | 08b8 b411 | 004c 8bdd | 4589 580c | 4d8b 8fb8 | 0100 004c | 8b14 2441 | 8b6a 504d 
  0x00000125ae57c80c: 8bd1 4983 | c210 4d3b | 97c8 0100 | 000f 8398 | 0000 004d | 8997 b801 | 0000 410f | 0d8a c000 
  0x00000125ae57c82c: 0000 49c7 | 0101 0000 

  0x00000125ae57c834: ;   {metadata('java/security/SecureClassLoader$1')}
  0x00000125ae57c834: 0041 c741 | 0850 ba11 | 004c 8b14 | 244d 8bda | 4589 590c 

  0x00000125ae57c848: ; implicit exception: dispatches to 0x00000125ae57c974
  0x00000125ae57c848: 448b 5d08 

  0x00000125ae57c84c: ;   {metadata('java/util/concurrent/ConcurrentHashMap')}
  0x00000125ae57c84c: 4181 fb80 | 2706 000f | 85a7 0000 | 0048 8bd5 

  0x00000125ae57c85c: ;   {optimized virtual_call}
  0x00000125ae57c85c: 6666 90e8 

  0x00000125ae57c860: ; ImmutableOopMap {[0]=Oop [8]=Oop [16]=Oop }
                      ;*invokeinterface computeIfAbsent {reexecute=0 rethrow=0 return_oop=1}
                      ; - java.security.SecureClassLoader::getProtectionDomain@28
                      ; - java.security.SecureClassLoader::defineClass@9
  0x00000125ae57c860: 7c42 e0ff 

  0x00000125ae57c864: ;   {other}
  0x00000125ae57c864: 0f1f 8400 | d402 0000 

  0x00000125ae57c86c: ; implicit exception: dispatches to 0x00000125ae57c990
  0x00000125ae57c86c: 448b 5008 

  0x00000125ae57c870: ;   {metadata('java/security/ProtectionDomain')}
  0x00000125ae57c870: 4181 fae8 | 5800 000f | 85b3 0000 | 0048 8bc8 | 488b 1424 | 4c8b 4424 | 084c 8b4c | 2410 8b7c 
  0x00000125ae57c890: 2418 8b74 

  0x00000125ae57c894: ;   {optimized virtual_call}
  0x00000125ae57c894: 241c 90e8 

  0x00000125ae57c898: ; ImmutableOopMap {}
                      ;*invokevirtual defineClass {reexecute=0 rethrow=0 return_oop=1}
                      ; - java.security.SecureClassLoader::defineClass@12
  0x00000125ae57c898: e429 f8ff 

  0x00000125ae57c89c: ;   {other}
  0x00000125ae57c89c: 0f1f 8400 | 0c03 0001 | 4883 c450 

  0x00000125ae57c8a8: ;   {poll_return}
  0x00000125ae57c8a8: 5d49 3ba7 | 5004 0000 | 0f87 1c01 

  0x00000125ae57c8b4: ;   {metadata('java/security/SecureClassLoader$1')}
  0x00000125ae57c8b4: 0000 c348 | ba50 ba11 | b925 0100 | 004c 8944 

  0x00000125ae57c8c4: ;   {runtime_call _new_instance_Java}
  0x00000125ae57c8c4: 2430 90e8 

  0x00000125ae57c8c8: ; ImmutableOopMap {rbp=NarrowOop [0]=Oop [8]=Oop [16]=Oop [48]=Oop }
                      ;*new {reexecute=0 rethrow=0 return_oop=1}
                      ; - java.security.SecureClassLoader::getProtectionDomain@20
                      ; - java.security.SecureClassLoader::defineClass@9
  0x00000125ae57c8c8: 345a 8eff 

  0x00000125ae57c8cc: ;   {other}
  0x00000125ae57c8cc: 0f1f 8400 | 3c03 0002 | 4c8b c84c | 8b44 2430 | e95c ffff 

  0x00000125ae57c8e0: ;   {metadata('java/security/SecureClassLoader$CodeSourceKey')}
  0x00000125ae57c8e0: ff48 bab8 | b411 b925 

  0x00000125ae57c8e8: ;   {runtime_call _new_instance_Java}
  0x00000125ae57c8e8: 0100 00e8 

  0x00000125ae57c8ec: ; ImmutableOopMap {rbp=Oop [0]=Oop [8]=Oop [16]=Oop }
                      ;*new {reexecute=0 rethrow=0 return_oop=1}
                      ; - java.security.SecureClassLoader::getProtectionDomain@6
                      ; - java.security.SecureClassLoader::defineClass@9
  0x00000125ae57c8ec: 105a 8eff 

  0x00000125ae57c8f0: ;   {other}
  0x00000125ae57c8f0: 0f1f 8400 | 6003 0003 | 4c8b c0e9 | f5fe ffff | bade ffff | ff4c 8944 | 2420 4c89 

  0x00000125ae57c90c: ;   {runtime_call UncommonTrapBlob}
  0x00000125ae57c90c: 4c24 28e8 

  0x00000125ae57c910: ; ImmutableOopMap {rbp=NarrowOop [0]=Oop [8]=Oop [16]=Oop [32]=Oop [40]=Oop }
                      ;*invokeinterface computeIfAbsent {reexecute=0 rethrow=0 return_oop=0}
                      ; - java.security.SecureClassLoader::getProtectionDomain@28
                      ; - java.security.SecureClassLoader::defineClass@9
  0x00000125ae57c910: ecb1 81ff 

  0x00000125ae57c914: ;   {other}
  0x00000125ae57c914: 0f1f 8400 | 8403 0004 | ba45 ffff 

  0x00000125ae57c920: ;   {runtime_call UncommonTrapBlob}
  0x00000125ae57c920: ff66 90e8 

  0x00000125ae57c924: ; ImmutableOopMap {rbp=Oop [0]=Oop [8]=Oop [16]=Oop }
                      ;*ifnonnull {reexecute=1 rethrow=0 return_oop=0}
                      ; - (reexecute) java.security.SecureClassLoader::getProtectionDomain@1
                      ; - java.security.SecureClassLoader::defineClass@9
  0x00000125ae57c924: d8b1 81ff 

  0x00000125ae57c928: ;   {other}
  0x00000125ae57c928: 0f1f 8400 | 9803 0005 | bade ffff | ff48 8b2c | 244c 8b54 | 2408 4c89 | 1424 4c8b | 5424 104c 
  0x00000125ae57c948: 8954 2408 | 448b 5424 | 1844 8954 | 2410 448b | 5c24 1c44 | 895c 2414 | 4889 4424 

  0x00000125ae57c964: ;   {runtime_call UncommonTrapBlob}
  0x00000125ae57c964: 1866 90e8 

  0x00000125ae57c968: ; ImmutableOopMap {rbp=Oop [0]=Oop [8]=Oop [24]=Oop }
                      ;*checkcast {reexecute=0 rethrow=0 return_oop=0}
                      ; - java.security.SecureClassLoader::getProtectionDomain@33
                      ; - java.security.SecureClassLoader::defineClass@9
  0x00000125ae57c968: 94b1 81ff 

  0x00000125ae57c96c: ;   {other}
  0x00000125ae57c96c: 0f1f 8400 | dc03 0006 | baf6 ffff | ff49 8be8 | 4c89 0c24 

  0x00000125ae57c980: ;   {runtime_call UncommonTrapBlob}
  0x00000125ae57c980: 6666 90e8 

  0x00000125ae57c984: ; ImmutableOopMap {rbp=Oop [0]=Oop }
                      ;*invokeinterface computeIfAbsent {reexecute=0 rethrow=0 return_oop=0}
                      ; - java.security.SecureClassLoader::getProtectionDomain@28
                      ; - java.security.SecureClassLoader::defineClass@9
  0x00000125ae57c984: 78b1 81ff 

  0x00000125ae57c988: ;   {other}
  0x00000125ae57c988: 0f1f 8400 | f803 0007 | baf4 ffff | ff48 8b2c | 244c 8b54 | 2408 4c89 | 1424 4c8b | 5424 104c 
  0x00000125ae57c9a8: 8954 2408 

  0x00000125ae57c9ac: ;   {runtime_call UncommonTrapBlob}
  0x00000125ae57c9ac: 6666 90e8 

  0x00000125ae57c9b0: ; ImmutableOopMap {rbp=Oop [0]=Oop [8]=Oop }
                      ;*checkcast {reexecute=0 rethrow=0 return_oop=0}
                      ; - java.security.SecureClassLoader::getProtectionDomain@33
                      ; - java.security.SecureClassLoader::defineClass@9
  0x00000125ae57c9b0: 4cb1 81ff 

  0x00000125ae57c9b4: ;   {other}
  0x00000125ae57c9b4: 0f1f 8400 | 2404 0008 | eb02 eb00 | 488b d0eb | 0348 8bd0 | 4883 c450 

  0x00000125ae57c9cc: ;   {runtime_call _rethrow_Java}
  0x00000125ae57c9cc: 5de9 aebe 

  0x00000125ae57c9d0: ;   {internal_word}
  0x00000125ae57c9d0: 8eff 49ba | a9c8 57ae | 2501 0000 | 4d89 9768 

  0x00000125ae57c9e0: ;   {runtime_call SafepointBlob}
  0x00000125ae57c9e0: 0400 00e9 | 989f 81ff 

  0x00000125ae57c9e8: ;   {runtime_call StubRoutines (final stubs)}
  0x00000125ae57c9e8: e8b3 b87f | ffe9 a8fd | ffff f4f4 | f4f4 f4f4 
[Stub Code]
  0x00000125ae57c9f8: ;   {no_reloc}
  0x00000125ae57c9f8: 48bb 0000 | 0000 0000 

  0x00000125ae57ca00: ;   {runtime_call nmethod}
  0x00000125ae57ca00: 0000 e9fb 

  0x00000125ae57ca04: ;   {static_stub}
  0x00000125ae57ca04: ffff ff48 | bb00 0000 | 0000 0000 

  0x00000125ae57ca10: ;   {runtime_call nmethod}
  0x00000125ae57ca10: 00e9 fbff 

  0x00000125ae57ca14: ;   {runtime_call ExceptionBlob}
  0x00000125ae57ca14: ffff e965 | 628e ffe8 | 0000 0000 | 4883 2c24 

  0x00000125ae57ca24: ;   {runtime_call DeoptimizationBlob}
  0x00000125ae57ca24: 05e9 f6b3 | 81ff f4f4 | f4f4 f4f4 
[/MachCode]


---------------  P R O C E S S  ---------------

Threads class SMR info:
_java_thread_list=0x00000125dcd452d0, length=36, elements={
0x00000125a1343b30, 0x00000125d41278b0, 0x00000125d4128980, 0x00000125d412c910,
0x00000125d412f600, 0x00000125d4130210, 0x00000125d4131430, 0x00000125d413edf0,
0x00000125d4141cb0, 0x00000125d430fa00, 0x00000125d4358c90, 0x00000125d9bb8940,
0x00000125d9d304a0, 0x00000125d9c89090, 0x00000125d9dfbfc0, 0x00000125d9dfc630,
0x00000125d9e3bfa0, 0x00000125d9e3ead0, 0x00000125d9f8b320, 0x00000125d9f8b9b0,
0x00000125d9f8d3f0, 0x00000125d9f8c040, 0x00000125d9f8c6d0, 0x00000125d9f8cd60,
0x00000125da93c7c0, 0x00000125da93ce50, 0x00000125da93b410, 0x00000125da9402d0,
0x00000125da93e200, 0x00000125da940960, 0x00000125da93e890, 0x00000125da93c130,
0x00000125da93ef20, 0x00000125da93db70, 0x00000125da93a060, 0x00000125da941680
}

Java Threads: ( => current thread )
  0x00000125a1343b30 JavaThread "main"                              [_thread_blocked, id=8364, stack(0x00000001f7a00000,0x00000001f7b00000) (1024K)]
  0x00000125d41278b0 JavaThread "Reference Handler"          daemon [_thread_blocked, id=1988, stack(0x00000001f8200000,0x00000001f8300000) (1024K)]
  0x00000125d4128980 JavaThread "Finalizer"                  daemon [_thread_blocked, id=6740, stack(0x00000001f8300000,0x00000001f8400000) (1024K)]
  0x00000125d412c910 JavaThread "Signal Dispatcher"          daemon [_thread_blocked, id=10716, stack(0x00000001f8400000,0x00000001f8500000) (1024K)]
  0x00000125d412f600 JavaThread "Attach Listener"            daemon [_thread_blocked, id=5060, stack(0x00000001f8500000,0x00000001f8600000) (1024K)]
  0x00000125d4130210 JavaThread "Service Thread"             daemon [_thread_blocked, id=15812, stack(0x00000001f8600000,0x00000001f8700000) (1024K)]
  0x00000125d4131430 JavaThread "Monitor Deflation Thread"   daemon [_thread_blocked, id=17648, stack(0x00000001f8700000,0x00000001f8800000) (1024K)]
  0x00000125d413edf0 JavaThread "C2 CompilerThread0"         daemon [_thread_blocked, id=9588, stack(0x00000001f8800000,0x00000001f8900000) (1024K)]
  0x00000125d4141cb0 JavaThread "C1 CompilerThread0"         daemon [_thread_blocked, id=6696, stack(0x00000001f8900000,0x00000001f8a00000) (1024K)]
  0x00000125d430fa00 JavaThread "Common-Cleaner"             daemon [_thread_blocked, id=17760, stack(0x00000001f8a00000,0x00000001f8b00000) (1024K)]
  0x00000125d4358c90 JavaThread "Notification Thread"        daemon [_thread_blocked, id=10664, stack(0x00000001f8b00000,0x00000001f8c00000) (1024K)]
  0x00000125d9bb8940 JavaThread "Daemon health stats"               [_thread_blocked, id=10068, stack(0x00000001f8f00000,0x00000001f9000000) (1024K)]
  0x00000125d9d304a0 JavaThread "Incoming local TCP Connector on port 61137"        [_thread_in_native, id=14200, stack(0x00000001f9000000,0x00000001f9100000) (1024K)]
  0x00000125d9c89090 JavaThread "Daemon periodic checks"            [_thread_blocked, id=5720, stack(0x00000001f9100000,0x00000001f9200000) (1024K)]
  0x00000125d9dfbfc0 JavaThread "Daemon"                            [_thread_blocked, id=8612, stack(0x00000001f9200000,0x00000001f9300000) (1024K)]
  0x00000125d9dfc630 JavaThread "Handler for socket connection from /127.0.0.1:61137 to /127.0.0.1:61138"        [_thread_in_native, id=15328, stack(0x00000001f9300000,0x00000001f9400000) (1024K)]
  0x00000125d9e3bfa0 JavaThread "Cancel handler"                    [_thread_blocked, id=8700, stack(0x00000001f9400000,0x00000001f9500000) (1024K)]
=>0x00000125d9e3ead0 JavaThread "Daemon worker"                     [_thread_in_vm, id=16164, stack(0x00000001f9500000,0x00000001f9600000) (1024K)]
  0x00000125d9f8b320 JavaThread "Asynchronous log dispatcher for DefaultDaemonConnection: socket connection from /127.0.0.1:61137 to /127.0.0.1:61138"        [_thread_blocked, id=13732, stack(0x00000001f9600000,0x00000001f9700000) (1024K)]
  0x00000125d9f8b9b0 JavaThread "Stdin handler"                     [_thread_blocked, id=12276, stack(0x00000001f9700000,0x00000001f9800000) (1024K)]
  0x00000125d9f8d3f0 JavaThread "Daemon client event forwarder"        [_thread_blocked, id=17120, stack(0x00000001f9800000,0x00000001f9900000) (1024K)]
  0x00000125d9f8c040 JavaThread "Cache worker for journal cache (C:\Users\DELL\.gradle\caches\journal-1)"        [_thread_blocked, id=18356, stack(0x00000001f9900000,0x00000001f9a00000) (1024K)]
  0x00000125d9f8c6d0 JavaThread "File lock request listener"        [_thread_in_native, id=16388, stack(0x00000001f9a00000,0x00000001f9b00000) (1024K)]
  0x00000125d9f8cd60 JavaThread "Cache worker for file hash cache (C:\Users\DELL\.gradle\caches\9.3.1\fileHashes)"        [_thread_blocked, id=13172, stack(0x00000001f9b00000,0x00000001f9c00000) (1024K)]
  0x00000125da93c7c0 JavaThread "Cache worker for file hash cache (C:\Users\DELL\Desktop\kavachsecurecom\android-app\.gradle\9.3.1\fileHashes)"        [_thread_blocked, id=1692, stack(0x00000001f9c00000,0x00000001f9d00000) (1024K)]
  0x00000125da93ce50 JavaThread "Cache worker for Build Output Cleanup Cache (C:\Users\DELL\Desktop\kavachsecurecom\android-app\.gradle\buildOutputCleanup)"        [_thread_blocked, id=5224, stack(0x00000001f9d00000,0x00000001f9e00000) (1024K)]
  0x00000125da93b410 JavaThread "File watcher server"        daemon [_thread_in_native, id=4536, stack(0x00000001f9e00000,0x00000001f9f00000) (1024K)]
  0x00000125da9402d0 JavaThread "File watcher consumer"      daemon [_thread_blocked, id=15384, stack(0x00000001f9f00000,0x00000001fa000000) (1024K)]
  0x00000125da93e200 JavaThread "Cache worker for checksums cache (C:\Users\DELL\Desktop\kavachsecurecom\android-app\.gradle\9.3.1\checksums)"        [_thread_blocked, id=11384, stack(0x00000001fa000000,0x00000001fa100000) (1024K)]
  0x00000125da940960 JavaThread "Cache worker for file content cache (C:\Users\DELL\.gradle\caches\9.3.1\fileContent)"        [_thread_blocked, id=6360, stack(0x00000001fa100000,0x00000001fa200000) (1024K)]
  0x00000125da93e890 JavaThread "Cache worker for cache directory md-supplier (C:\Users\DELL\.gradle\caches\9.3.1\md-supplier)"        [_thread_blocked, id=11880, stack(0x00000001fa200000,0x00000001fa300000) (1024K)]
  0x00000125da93c130 JavaThread "Cache worker for cache directory md-rule (C:\Users\DELL\.gradle\caches\9.3.1\md-rule)"        [_thread_blocked, id=11856, stack(0x00000001fa300000,0x00000001fa400000) (1024K)]
  0x00000125da93ef20 JavaThread "Unconstrained build operations"        [_thread_blocked, id=7568, stack(0x00000001fa400000,0x00000001fa500000) (1024K)]
  0x00000125da93db70 JavaThread "Unconstrained build operations Thread 2"        [_thread_blocked, id=14196, stack(0x00000001fa500000,0x00000001fa600000) (1024K)]
  0x00000125da93a060 JavaThread "Unconstrained build operations Thread 3"        [_thread_blocked, id=12988, stack(0x00000001fa600000,0x00000001fa700000) (1024K)]
  0x00000125da941680 JavaThread "Kotlin DSL Writer"                 [_thread_blocked, id=12620, stack(0x00000001fa700000,0x00000001fa800000) (1024K)]
Total: 36

Other Threads:
  0x00000125a36be700 VMThread "VM Thread"                           [id=2156, stack(0x00000001f8100000,0x00000001f8200000) (1024K)] _threads_hazard_ptr=0x00000125dcd452d0
  0x00000125d411c5a0 WatcherThread "VM Periodic Task Thread"        [id=7424, stack(0x00000001f8000000,0x00000001f8100000) (1024K)]
  0x00000125a363ba30 WorkerThread "GC Thread#0"                     [id=16676, stack(0x00000001f7b00000,0x00000001f7c00000) (1024K)]
  0x00000125d4410790 WorkerThread "GC Thread#1"                     [id=15956, stack(0x00000001f8c00000,0x00000001f8d00000) (1024K)]
  0x00000125d44a50b0 WorkerThread "GC Thread#2"                     [id=17784, stack(0x00000001f8d00000,0x00000001f8e00000) (1024K)]
  0x00000125d4d4d960 WorkerThread "GC Thread#3"                     [id=9248, stack(0x00000001f8e00000,0x00000001f8f00000) (1024K)]
  0x00000125a3644bd0 ConcurrentGCThread "G1 Main Marker"            [id=9524, stack(0x00000001f7c00000,0x00000001f7d00000) (1024K)]
  0x00000125a3645e80 WorkerThread "G1 Conc#0"                       [id=12796, stack(0x00000001f7d00000,0x00000001f7e00000) (1024K)]
  0x00000125a369f250 ConcurrentGCThread "G1 Refine#0"               [id=17224, stack(0x00000001f7e00000,0x00000001f7f00000) (1024K)]
  0x00000125a369fdd0 ConcurrentGCThread "G1 Service"                [id=15044, stack(0x00000001f7f00000,0x00000001f8000000) (1024K)]
Total: 10

Threads with active compile tasks:
Total: 0

VM state: synchronizing (normal execution)

VM Mutex/Monitor currently owned by a thread:  ([mutex/lock_event])
[0x00007ffc0893c4e0] Metaspace_lock - owner thread: 0x00000125d9e3ead0
[0x00007ffc0893e560] Threads_lock - owner thread: 0x00000125a36be700

Heap address: 0x00000000c0000000, size: 1024 MB, Compressed Oops mode: 32-bit

CDS archive(s) mapped at: [0x00000125b9000000-0x00000125b9ba0000-0x00000125b9ba0000), size 12189696, SharedBaseAddress: 0x00000125b9000000, ArchiveRelocationMode: 1.
Compressed class space mapped at: 0x00000125ba000000-0x00000125d4000000, reserved size: 436207616
Narrow klass base: 0x00000125b9000000, Narrow klass shift: 0, Narrow klass range: 0x100000000

GC Precious Log:
 CardTable entry size: 512
 Card Set container configuration: InlinePtr #cards 5 size 8 Array Of Cards #cards 12 size 40 Howl #buckets 4 coarsen threshold 1843 Howl Bitmap #cards 512 size 80 coarsen threshold 460 Card regions per heap region 1 cards per card region 2048
 CPUs: 4 total, 4 available
 Memory: 3862M
 Large Page Support: Disabled
 NUMA Support: Disabled
 Compressed Oops: Enabled (32-bit)
 Heap Region Size: 1M
 Heap Min Capacity: 8M
 Heap Initial Capacity: 62M
 Heap Max Capacity: 1G
 Pre-touch: Disabled
 Parallel Workers: 4
 Concurrent Workers: 1
 Concurrent Refinement Workers: 4
 Periodic GC: Disabled

Heap:
 garbage-first heap   total 162816K, used 127259K [0x00000000c0000000, 0x0000000100000000)
  region size 1024K, 32 young (32768K), 2 survivors (2048K)
 Metaspace       used 117908K, committed 119872K, reserved 557056K
  class space    used 15704K, committed 16640K, reserved 425984K

Heap Regions: E=young(eden), S=young(survivor), O=old, HS=humongous(starts), HC=humongous(continues), CS=collection set, F=free, TAMS=top-at-mark-start, PB=parsable bottom
|   0|0x00000000c0000000, 0x00000000c0100000, 0x00000000c0100000|100%|HS|  |TAMS 0x00000000c0000000| PB 0x00000000c0000000| Complete 
|   1|0x00000000c0100000, 0x00000000c0200000, 0x00000000c0200000|100%|HC|  |TAMS 0x00000000c0100000| PB 0x00000000c0100000| Complete 
|   2|0x00000000c0200000, 0x00000000c0300000, 0x00000000c0300000|100%|HC|  |TAMS 0x00000000c0200000| PB 0x00000000c0200000| Complete 
|   3|0x00000000c0300000, 0x00000000c0400000, 0x00000000c0400000|100%|HC|  |TAMS 0x00000000c0300000| PB 0x00000000c0300000| Complete 
|   4|0x00000000c0400000, 0x00000000c0500000, 0x00000000c0500000|100%| O|  |TAMS 0x00000000c0400000| PB 0x00000000c0400000| Untracked 
|   5|0x00000000c0500000, 0x00000000c0600000, 0x00000000c0600000|100%| O|  |TAMS 0x00000000c0500000| PB 0x00000000c0500000| Untracked 
|   6|0x00000000c0600000, 0x00000000c0700000, 0x00000000c0700000|100%| O|  |TAMS 0x00000000c0600000| PB 0x00000000c0600000| Untracked 
|   7|0x00000000c0700000, 0x00000000c0800000, 0x00000000c0800000|100%| O|  |TAMS 0x00000000c0700000| PB 0x00000000c0700000| Untracked 
|   8|0x00000000c0800000, 0x00000000c0900000, 0x00000000c0900000|100%| O|  |TAMS 0x00000000c0800000| PB 0x00000000c0800000| Untracked 
|   9|0x00000000c0900000, 0x00000000c0a00000, 0x00000000c0a00000|100%| O|  |TAMS 0x00000000c0900000| PB 0x00000000c0900000| Untracked 
|  10|0x00000000c0a00000, 0x00000000c0b00000, 0x00000000c0b00000|100%| O|  |TAMS 0x00000000c0a00000| PB 0x00000000c0a00000| Untracked 
|  11|0x00000000c0b00000, 0x00000000c0c00000, 0x00000000c0c00000|100%|HS|  |TAMS 0x00000000c0b00000| PB 0x00000000c0b00000| Complete 
|  12|0x00000000c0c00000, 0x00000000c0d00000, 0x00000000c0d00000|100%| O|  |TAMS 0x00000000c0c00000| PB 0x00000000c0c00000| Untracked 
|  13|0x00000000c0d00000, 0x00000000c0e00000, 0x00000000c0e00000|100%| O|  |TAMS 0x00000000c0d00000| PB 0x00000000c0d00000| Untracked 
|  14|0x00000000c0e00000, 0x00000000c0f00000, 0x00000000c0f00000|100%| O|  |TAMS 0x00000000c0e00000| PB 0x00000000c0e00000| Untracked 
|  15|0x00000000c0f00000, 0x00000000c1000000, 0x00000000c1000000|100%| O|  |TAMS 0x00000000c0f00000| PB 0x00000000c0f00000| Untracked 
|  16|0x00000000c1000000, 0x00000000c1100000, 0x00000000c1100000|100%| O|  |TAMS 0x00000000c1000000| PB 0x00000000c1000000| Untracked 
|  17|0x00000000c1100000, 0x00000000c1200000, 0x00000000c1200000|100%| O|  |TAMS 0x00000000c1100000| PB 0x00000000c1100000| Untracked 
|  18|0x00000000c1200000, 0x00000000c1300000, 0x00000000c1300000|100%| O|  |TAMS 0x00000000c1200000| PB 0x00000000c1200000| Untracked 
|  19|0x00000000c1300000, 0x00000000c1400000, 0x00000000c1400000|100%| O|  |TAMS 0x00000000c1300000| PB 0x00000000c1300000| Untracked 
|  20|0x00000000c1400000, 0x00000000c1500000, 0x00000000c1500000|100%| O|  |TAMS 0x00000000c1400000| PB 0x00000000c1400000| Untracked 
|  21|0x00000000c1500000, 0x00000000c1600000, 0x00000000c1600000|100%| O|  |TAMS 0x00000000c1500000| PB 0x00000000c1500000| Untracked 
|  22|0x00000000c1600000, 0x00000000c1700000, 0x00000000c1700000|100%| O|  |TAMS 0x00000000c1600000| PB 0x00000000c1600000| Untracked 
|  23|0x00000000c1700000, 0x00000000c1800000, 0x00000000c1800000|100%| O|  |TAMS 0x00000000c1700000| PB 0x00000000c1700000| Untracked 
|  24|0x00000000c1800000, 0x00000000c1900000, 0x00000000c1900000|100%| O|  |TAMS 0x00000000c1800000| PB 0x00000000c1800000| Untracked 
|  25|0x00000000c1900000, 0x00000000c1a00000, 0x00000000c1a00000|100%| O|  |TAMS 0x00000000c1900000| PB 0x00000000c1900000| Untracked 
|  26|0x00000000c1a00000, 0x00000000c1b00000, 0x00000000c1b00000|100%| O|  |TAMS 0x00000000c1a00000| PB 0x00000000c1a00000| Untracked 
|  27|0x00000000c1b00000, 0x00000000c1c00000, 0x00000000c1c00000|100%| O|  |TAMS 0x00000000c1b00000| PB 0x00000000c1b00000| Untracked 
|  28|0x00000000c1c00000, 0x00000000c1d00000, 0x00000000c1d00000|100%| O|  |TAMS 0x00000000c1c00000| PB 0x00000000c1c00000| Untracked 
|  29|0x00000000c1d00000, 0x00000000c1e00000, 0x00000000c1e00000|100%| O|  |TAMS 0x00000000c1d00000| PB 0x00000000c1d00000| Untracked 
|  30|0x00000000c1e00000, 0x00000000c1f00000, 0x00000000c1f00000|100%| O|  |TAMS 0x00000000c1e00000| PB 0x00000000c1e00000| Untracked 
|  31|0x00000000c1f00000, 0x00000000c2000000, 0x00000000c2000000|100%| O|  |TAMS 0x00000000c1f00000| PB 0x00000000c1f00000| Untracked 
|  32|0x00000000c2000000, 0x00000000c2100000, 0x00000000c2100000|100%| O|  |TAMS 0x00000000c2000000| PB 0x00000000c2000000| Untracked 
|  33|0x00000000c2100000, 0x00000000c2200000, 0x00000000c2200000|100%| O|  |TAMS 0x00000000c2100000| PB 0x00000000c2100000| Untracked 
|  34|0x00000000c2200000, 0x00000000c2300000, 0x00000000c2300000|100%| O|  |TAMS 0x00000000c2200000| PB 0x00000000c2200000| Untracked 
|  35|0x00000000c2300000, 0x00000000c2400000, 0x00000000c2400000|100%| O|  |TAMS 0x00000000c2300000| PB 0x00000000c2300000| Untracked 
|  36|0x00000000c2400000, 0x00000000c2500000, 0x00000000c2500000|100%| O|  |TAMS 0x00000000c2400000| PB 0x00000000c2400000| Untracked 
|  37|0x00000000c2500000, 0x00000000c2600000, 0x00000000c2600000|100%| O|  |TAMS 0x00000000c2500000| PB 0x00000000c2500000| Untracked 
|  38|0x00000000c2600000, 0x00000000c2700000, 0x00000000c2700000|100%| O|  |TAMS 0x00000000c2600000| PB 0x00000000c2600000| Untracked 
|  39|0x00000000c2700000, 0x00000000c2800000, 0x00000000c2800000|100%| O|  |TAMS 0x00000000c2700000| PB 0x00000000c2700000| Untracked 
|  40|0x00000000c2800000, 0x00000000c2900000, 0x00000000c2900000|100%| O|  |TAMS 0x00000000c2800000| PB 0x00000000c2800000| Untracked 
|  41|0x00000000c2900000, 0x00000000c2a00000, 0x00000000c2a00000|100%| O|  |TAMS 0x00000000c2900000| PB 0x00000000c2900000| Untracked 
|  42|0x00000000c2a00000, 0x00000000c2b00000, 0x00000000c2b00000|100%| O|  |TAMS 0x00000000c2a00000| PB 0x00000000c2a00000| Untracked 
|  43|0x00000000c2b00000, 0x00000000c2c00000, 0x00000000c2c00000|100%| O|  |TAMS 0x00000000c2b00000| PB 0x00000000c2b00000| Untracked 
|  44|0x00000000c2c00000, 0x00000000c2d00000, 0x00000000c2d00000|100%| O|  |TAMS 0x00000000c2c00000| PB 0x00000000c2c00000| Untracked 
|  45|0x00000000c2d00000, 0x00000000c2e00000, 0x00000000c2e00000|100%| O|  |TAMS 0x00000000c2d00000| PB 0x00000000c2d00000| Untracked 
|  46|0x00000000c2e00000, 0x00000000c2f00000, 0x00000000c2f00000|100%| O|  |TAMS 0x00000000c2e00000| PB 0x00000000c2e00000| Untracked 
|  47|0x00000000c2f00000, 0x00000000c3000000, 0x00000000c3000000|100%| O|  |TAMS 0x00000000c2f00000| PB 0x00000000c2f00000| Untracked 
|  48|0x00000000c3000000, 0x00000000c3100000, 0x00000000c3100000|100%| O|  |TAMS 0x00000000c3000000| PB 0x00000000c3000000| Untracked 
|  49|0x00000000c3100000, 0x00000000c3200000, 0x00000000c3200000|100%| O|  |TAMS 0x00000000c3100000| PB 0x00000000c3100000| Untracked 
|  50|0x00000000c3200000, 0x00000000c3300000, 0x00000000c3300000|100%| O|  |TAMS 0x00000000c3200000| PB 0x00000000c3200000| Untracked 
|  51|0x00000000c3300000, 0x00000000c3400000, 0x00000000c3400000|100%| O|  |TAMS 0x00000000c3300000| PB 0x00000000c3300000| Untracked 
|  52|0x00000000c3400000, 0x00000000c3500000, 0x00000000c3500000|100%| O|  |TAMS 0x00000000c3400000| PB 0x00000000c3400000| Untracked 
|  53|0x00000000c3500000, 0x00000000c3600000, 0x00000000c3600000|100%| O|  |TAMS 0x00000000c3500000| PB 0x00000000c3500000| Untracked 
|  54|0x00000000c3600000, 0x00000000c3700000, 0x00000000c3700000|100%| O|  |TAMS 0x00000000c3600000| PB 0x00000000c3600000| Untracked 
|  55|0x00000000c3700000, 0x00000000c3800000, 0x00000000c3800000|100%| O|  |TAMS 0x00000000c3700000| PB 0x00000000c3700000| Untracked 
|  56|0x00000000c3800000, 0x00000000c3900000, 0x00000000c3900000|100%| O|  |TAMS 0x00000000c3800000| PB 0x00000000c3800000| Untracked 
|  57|0x00000000c3900000, 0x00000000c3a00000, 0x00000000c3a00000|100%| O|  |TAMS 0x00000000c3900000| PB 0x00000000c3900000| Untracked 
|  58|0x00000000c3a00000, 0x00000000c3b00000, 0x00000000c3b00000|100%| O|  |TAMS 0x00000000c3a00000| PB 0x00000000c3a00000| Untracked 
|  59|0x00000000c3b00000, 0x00000000c3c00000, 0x00000000c3c00000|100%| O|  |TAMS 0x00000000c3b00000| PB 0x00000000c3b00000| Untracked 
|  60|0x00000000c3c00000, 0x00000000c3d00000, 0x00000000c3d00000|100%| O|  |TAMS 0x00000000c3c00000| PB 0x00000000c3c00000| Untracked 
|  61|0x00000000c3d00000, 0x00000000c3e00000, 0x00000000c3e00000|100%| O|  |TAMS 0x00000000c3d00000| PB 0x00000000c3d00000| Untracked 
|  62|0x00000000c3e00000, 0x00000000c3f00000, 0x00000000c3f00000|100%| O|  |TAMS 0x00000000c3e00000| PB 0x00000000c3e00000| Untracked 
|  63|0x00000000c3f00000, 0x00000000c4000000, 0x00000000c4000000|100%| O|  |TAMS 0x00000000c3f00000| PB 0x00000000c3f00000| Untracked 
|  64|0x00000000c4000000, 0x00000000c4100000, 0x00000000c4100000|100%| O|  |TAMS 0x00000000c4000000| PB 0x00000000c4000000| Untracked 
|  65|0x00000000c4100000, 0x00000000c4200000, 0x00000000c4200000|100%|HS|  |TAMS 0x00000000c4100000| PB 0x00000000c4100000| Complete 
|  66|0x00000000c4200000, 0x00000000c4300000, 0x00000000c4300000|100%| O|  |TAMS 0x00000000c4200000| PB 0x00000000c4200000| Untracked 
|  67|0x00000000c4300000, 0x00000000c4400000, 0x00000000c4400000|100%| O|  |TAMS 0x00000000c4300000| PB 0x00000000c4300000| Untracked 
|  68|0x00000000c4400000, 0x00000000c4500000, 0x00000000c4500000|100%| O|  |TAMS 0x00000000c4400000| PB 0x00000000c4400000| Untracked 
|  69|0x00000000c4500000, 0x00000000c4600000, 0x00000000c4600000|100%| O|  |TAMS 0x00000000c4500000| PB 0x00000000c4500000| Untracked 
|  70|0x00000000c4600000, 0x00000000c4700000, 0x00000000c4700000|100%| O|  |TAMS 0x00000000c4600000| PB 0x00000000c4600000| Untracked 
|  71|0x00000000c4700000, 0x00000000c4800000, 0x00000000c4800000|100%| O|Cm|TAMS 0x00000000c4700000| PB 0x00000000c4700000| Complete 
|  72|0x00000000c4800000, 0x00000000c4900000, 0x00000000c4900000|100%| O|  |TAMS 0x00000000c4800000| PB 0x00000000c4800000| Untracked 
|  73|0x00000000c4900000, 0x00000000c4a00000, 0x00000000c4a00000|100%| O|  |TAMS 0x00000000c4900000| PB 0x00000000c4900000| Untracked 
|  74|0x00000000c4a00000, 0x00000000c4b00000, 0x00000000c4b00000|100%| O|  |TAMS 0x00000000c4a00000| PB 0x00000000c4a00000| Untracked 
|  75|0x00000000c4b00000, 0x00000000c4c00000, 0x00000000c4c00000|100%| O|  |TAMS 0x00000000c4b00000| PB 0x00000000c4b00000| Untracked 
|  76|0x00000000c4c00000, 0x00000000c4d00000, 0x00000000c4d00000|100%| O|  |TAMS 0x00000000c4c00000| PB 0x00000000c4c00000| Untracked 
|  77|0x00000000c4d00000, 0x00000000c4e00000, 0x00000000c4e00000|100%| O|Cm|TAMS 0x00000000c4d00000| PB 0x00000000c4d00000| Complete 
|  78|0x00000000c4e00000, 0x00000000c4f00000, 0x00000000c4f00000|100%| O|Cm|TAMS 0x00000000c4e00000| PB 0x00000000c4e00000| Complete 
|  79|0x00000000c4f00000, 0x00000000c5000000, 0x00000000c5000000|100%| O|  |TAMS 0x00000000c4f00000| PB 0x00000000c4f00000| Untracked 
|  80|0x00000000c5000000, 0x00000000c5100000, 0x00000000c5100000|100%| O|  |TAMS 0x00000000c5000000| PB 0x00000000c5000000| Untracked 
|  81|0x00000000c5100000, 0x00000000c5200000, 0x00000000c5200000|100%| O|  |TAMS 0x00000000c5100000| PB 0x00000000c5100000| Untracked 
|  82|0x00000000c5200000, 0x00000000c5300000, 0x00000000c5300000|100%| O|  |TAMS 0x00000000c5200000| PB 0x00000000c5200000| Untracked 
|  83|0x00000000c5300000, 0x00000000c5400000, 0x00000000c5400000|100%| O|  |TAMS 0x00000000c5300000| PB 0x00000000c5300000| Untracked 
|  84|0x00000000c5400000, 0x00000000c547cdd0, 0x00000000c5500000| 48%| O|  |TAMS 0x00000000c5400000| PB 0x00000000c5400000| Untracked 
|  85|0x00000000c5500000, 0x00000000c5500000, 0x00000000c5600000|  0%| F|  |TAMS 0x00000000c5500000| PB 0x00000000c5500000| Untracked 
|  86|0x00000000c5600000, 0x00000000c5600000, 0x00000000c5700000|  0%| F|  |TAMS 0x00000000c5600000| PB 0x00000000c5600000| Untracked 
|  87|0x00000000c5700000, 0x00000000c5700000, 0x00000000c5800000|  0%| F|  |TAMS 0x00000000c5700000| PB 0x00000000c5700000| Untracked 
|  88|0x00000000c5800000, 0x00000000c5800000, 0x00000000c5900000|  0%| F|  |TAMS 0x00000000c5800000| PB 0x00000000c5800000| Untracked 
|  89|0x00000000c5900000, 0x00000000c5900000, 0x00000000c5a00000|  0%| F|  |TAMS 0x00000000c5900000| PB 0x00000000c5900000| Untracked 
|  90|0x00000000c5a00000, 0x00000000c5a00000, 0x00000000c5b00000|  0%| F|  |TAMS 0x00000000c5a00000| PB 0x00000000c5a00000| Untracked 
|  91|0x00000000c5b00000, 0x00000000c5b00000, 0x00000000c5c00000|  0%| F|  |TAMS 0x00000000c5b00000| PB 0x00000000c5b00000| Untracked 
|  92|0x00000000c5c00000, 0x00000000c5c00000, 0x00000000c5d00000|  0%| F|  |TAMS 0x00000000c5c00000| PB 0x00000000c5c00000| Untracked 
|  93|0x00000000c5d00000, 0x00000000c5d00000, 0x00000000c5e00000|  0%| F|  |TAMS 0x00000000c5d00000| PB 0x00000000c5d00000| Untracked 
|  94|0x00000000c5e00000, 0x00000000c5e00000, 0x00000000c5f00000|  0%| F|  |TAMS 0x00000000c5e00000| PB 0x00000000c5e00000| Untracked 
|  95|0x00000000c5f00000, 0x00000000c5f00000, 0x00000000c6000000|  0%| F|  |TAMS 0x00000000c5f00000| PB 0x00000000c5f00000| Untracked 
|  96|0x00000000c6000000, 0x00000000c6000000, 0x00000000c6100000|  0%| F|  |TAMS 0x00000000c6000000| PB 0x00000000c6000000| Untracked 
|  97|0x00000000c6100000, 0x00000000c6100000, 0x00000000c6200000|  0%| F|  |TAMS 0x00000000c6100000| PB 0x00000000c6100000| Untracked 
|  98|0x00000000c6200000, 0x00000000c6200000, 0x00000000c6300000|  0%| F|  |TAMS 0x00000000c6200000| PB 0x00000000c6200000| Untracked 
|  99|0x00000000c6300000, 0x00000000c6300000, 0x00000000c6400000|  0%| F|  |TAMS 0x00000000c6300000| PB 0x00000000c6300000| Untracked 
| 100|0x00000000c6400000, 0x00000000c6400000, 0x00000000c6500000|  0%| F|  |TAMS 0x00000000c6400000| PB 0x00000000c6400000| Untracked 
| 101|0x00000000c6500000, 0x00000000c6500000, 0x00000000c6600000|  0%| F|  |TAMS 0x00000000c6500000| PB 0x00000000c6500000| Untracked 
| 102|0x00000000c6600000, 0x00000000c6600000, 0x00000000c6700000|  0%| F|  |TAMS 0x00000000c6600000| PB 0x00000000c6600000| Untracked 
| 103|0x00000000c6700000, 0x00000000c6700000, 0x00000000c6800000|  0%| F|  |TAMS 0x00000000c6700000| PB 0x00000000c6700000| Untracked 
| 104|0x00000000c6800000, 0x00000000c6800000, 0x00000000c6900000|  0%| F|  |TAMS 0x00000000c6800000| PB 0x00000000c6800000| Untracked 
| 105|0x00000000c6900000, 0x00000000c6900000, 0x00000000c6a00000|  0%| F|  |TAMS 0x00000000c6900000| PB 0x00000000c6900000| Untracked 
| 106|0x00000000c6a00000, 0x00000000c6a00000, 0x00000000c6b00000|  0%| F|  |TAMS 0x00000000c6a00000| PB 0x00000000c6a00000| Untracked 
| 107|0x00000000c6b00000, 0x00000000c6b00000, 0x00000000c6c00000|  0%| F|  |TAMS 0x00000000c6b00000| PB 0x00000000c6b00000| Untracked 
| 108|0x00000000c6c00000, 0x00000000c6c00000, 0x00000000c6d00000|  0%| F|  |TAMS 0x00000000c6c00000| PB 0x00000000c6c00000| Untracked 
| 109|0x00000000c6d00000, 0x00000000c6d00000, 0x00000000c6e00000|  0%| F|  |TAMS 0x00000000c6d00000| PB 0x00000000c6d00000| Untracked 
| 110|0x00000000c6e00000, 0x00000000c6e00000, 0x00000000c6f00000|  0%| F|  |TAMS 0x00000000c6e00000| PB 0x00000000c6e00000| Untracked 
| 111|0x00000000c6f00000, 0x00000000c6f00000, 0x00000000c7000000|  0%| F|  |TAMS 0x00000000c6f00000| PB 0x00000000c6f00000| Untracked 
| 112|0x00000000c7000000, 0x00000000c7000000, 0x00000000c7100000|  0%| F|  |TAMS 0x00000000c7000000| PB 0x00000000c7000000| Untracked 
| 113|0x00000000c7100000, 0x00000000c7100000, 0x00000000c7200000|  0%| F|  |TAMS 0x00000000c7100000| PB 0x00000000c7100000| Untracked 
| 114|0x00000000c7200000, 0x00000000c7200000, 0x00000000c7300000|  0%| F|  |TAMS 0x00000000c7200000| PB 0x00000000c7200000| Untracked 
| 115|0x00000000c7300000, 0x00000000c7300000, 0x00000000c7400000|  0%| F|  |TAMS 0x00000000c7300000| PB 0x00000000c7300000| Untracked 
| 116|0x00000000c7400000, 0x00000000c7400000, 0x00000000c7500000|  0%| F|  |TAMS 0x00000000c7400000| PB 0x00000000c7400000| Untracked 
| 117|0x00000000c7500000, 0x00000000c7583f90, 0x00000000c7600000| 51%| E|  |TAMS 0x00000000c7500000| PB 0x00000000c7500000| Complete 
| 118|0x00000000c7600000, 0x00000000c7700000, 0x00000000c7700000|100%| E|CS|TAMS 0x00000000c7600000| PB 0x00000000c7600000| Complete 
| 119|0x00000000c7700000, 0x00000000c7800000, 0x00000000c7800000|100%| E|CS|TAMS 0x00000000c7700000| PB 0x00000000c7700000| Complete 
| 120|0x00000000c7800000, 0x00000000c7900000, 0x00000000c7900000|100%| E|CS|TAMS 0x00000000c7800000| PB 0x00000000c7800000| Complete 
| 121|0x00000000c7900000, 0x00000000c7a00000, 0x00000000c7a00000|100%| E|CS|TAMS 0x00000000c7900000| PB 0x00000000c7900000| Complete 
| 122|0x00000000c7a00000, 0x00000000c7b00000, 0x00000000c7b00000|100%| E|CS|TAMS 0x00000000c7a00000| PB 0x00000000c7a00000| Complete 
| 123|0x00000000c7b00000, 0x00000000c7bca020, 0x00000000c7c00000| 78%| S|CS|TAMS 0x00000000c7b00000| PB 0x00000000c7b00000| Complete 
| 124|0x00000000c7c00000, 0x00000000c7d00000, 0x00000000c7d00000|100%| S|CS|TAMS 0x00000000c7c00000| PB 0x00000000c7c00000| Complete 
| 125|0x00000000c7d00000, 0x00000000c7e00000, 0x00000000c7e00000|100%| E|CS|TAMS 0x00000000c7d00000| PB 0x00000000c7d00000| Complete 
| 126|0x00000000c7e00000, 0x00000000c7f00000, 0x00000000c7f00000|100%| E|CS|TAMS 0x00000000c7e00000| PB 0x00000000c7e00000| Complete 
| 127|0x00000000c7f00000, 0x00000000c8000000, 0x00000000c8000000|100%| E|CS|TAMS 0x00000000c7f00000| PB 0x00000000c7f00000| Complete 
| 128|0x00000000c8000000, 0x00000000c8100000, 0x00000000c8100000|100%| E|CS|TAMS 0x00000000c8000000| PB 0x00000000c8000000| Complete 
| 129|0x00000000c8100000, 0x00000000c8200000, 0x00000000c8200000|100%| E|CS|TAMS 0x00000000c8100000| PB 0x00000000c8100000| Complete 
| 130|0x00000000c8200000, 0x00000000c8300000, 0x00000000c8300000|100%| E|  |TAMS 0x00000000c8200000| PB 0x00000000c8200000| Complete 
| 131|0x00000000c8300000, 0x00000000c8400000, 0x00000000c8400000|100%| E|CS|TAMS 0x00000000c8300000| PB 0x00000000c8300000| Complete 
| 132|0x00000000c8400000, 0x00000000c8500000, 0x00000000c8500000|100%| E|CS|TAMS 0x00000000c8400000| PB 0x00000000c8400000| Complete 
| 133|0x00000000c8500000, 0x00000000c8600000, 0x00000000c8600000|100%| E|CS|TAMS 0x00000000c8500000| PB 0x00000000c8500000| Complete 
| 134|0x00000000c8600000, 0x00000000c8700000, 0x00000000c8700000|100%| E|CS|TAMS 0x00000000c8600000| PB 0x00000000c8600000| Complete 
| 135|0x00000000c8700000, 0x00000000c8800000, 0x00000000c8800000|100%| E|CS|TAMS 0x00000000c8700000| PB 0x00000000c8700000| Complete 
| 136|0x00000000c8800000, 0x00000000c8900000, 0x00000000c8900000|100%| E|CS|TAMS 0x00000000c8800000| PB 0x00000000c8800000| Complete 
| 137|0x00000000c8900000, 0x00000000c8a00000, 0x00000000c8a00000|100%| E|CS|TAMS 0x00000000c8900000| PB 0x00000000c8900000| Complete 
| 138|0x00000000c8a00000, 0x00000000c8b00000, 0x00000000c8b00000|100%| E|CS|TAMS 0x00000000c8a00000| PB 0x00000000c8a00000| Complete 
| 139|0x00000000c8b00000, 0x00000000c8c00000, 0x00000000c8c00000|100%| E|CS|TAMS 0x00000000c8b00000| PB 0x00000000c8b00000| Complete 
| 140|0x00000000c8c00000, 0x00000000c8d00000, 0x00000000c8d00000|100%| E|CS|TAMS 0x00000000c8c00000| PB 0x00000000c8c00000| Complete 
| 141|0x00000000c8d00000, 0x00000000c8e00000, 0x00000000c8e00000|100%| E|CS|TAMS 0x00000000c8d00000| PB 0x00000000c8d00000| Complete 
| 142|0x00000000c8e00000, 0x00000000c8f00000, 0x00000000c8f00000|100%| E|CS|TAMS 0x00000000c8e00000| PB 0x00000000c8e00000| Complete 
| 143|0x00000000c8f00000, 0x00000000c9000000, 0x00000000c9000000|100%| E|CS|TAMS 0x00000000c8f00000| PB 0x00000000c8f00000| Complete 
| 144|0x00000000c9000000, 0x00000000c9100000, 0x00000000c9100000|100%| E|CS|TAMS 0x00000000c9000000| PB 0x00000000c9000000| Complete 
| 145|0x00000000c9100000, 0x00000000c9200000, 0x00000000c9200000|100%| E|CS|TAMS 0x00000000c9100000| PB 0x00000000c9100000| Complete 
| 146|0x00000000c9200000, 0x00000000c9300000, 0x00000000c9300000|100%| E|CS|TAMS 0x00000000c9200000| PB 0x00000000c9200000| Complete 
|1012|0x00000000ff400000, 0x00000000ff500000, 0x00000000ff500000|100%| E|CS|TAMS 0x00000000ff400000| PB 0x00000000ff400000| Complete 
|1013|0x00000000ff500000, 0x00000000ff600000, 0x00000000ff600000|100%| O|  |TAMS 0x00000000ff500000| PB 0x00000000ff500000| Untracked 
|1014|0x00000000ff600000, 0x00000000ff700000, 0x00000000ff700000|100%| O|  |TAMS 0x00000000ff600000| PB 0x00000000ff600000| Untracked 
|1015|0x00000000ff700000, 0x00000000ff800000, 0x00000000ff800000|100%| O|  |TAMS 0x00000000ff700000| PB 0x00000000ff700000| Untracked 
|1016|0x00000000ff800000, 0x00000000ff900000, 0x00000000ff900000|100%| O|  |TAMS 0x00000000ff800000| PB 0x00000000ff800000| Untracked 
|1017|0x00000000ff900000, 0x00000000ffa00000, 0x00000000ffa00000|100%| O|  |TAMS 0x00000000ff900000| PB 0x00000000ff900000| Untracked 
|1018|0x00000000ffa00000, 0x00000000ffb00000, 0x00000000ffb00000|100%| O|  |TAMS 0x00000000ffa00000| PB 0x00000000ffa00000| Untracked 
|1019|0x00000000ffb00000, 0x00000000ffc00000, 0x00000000ffc00000|100%| O|  |TAMS 0x00000000ffb00000| PB 0x00000000ffb00000| Untracked 
|1020|0x00000000ffc00000, 0x00000000ffd00000, 0x00000000ffd00000|100%| O|  |TAMS 0x00000000ffc00000| PB 0x00000000ffc00000| Untracked 
|1021|0x00000000ffd00000, 0x00000000ffe00000, 0x00000000ffe00000|100%| O|  |TAMS 0x00000000ffd00000| PB 0x00000000ffd00000| Untracked 
|1022|0x00000000ffe00000, 0x00000000fff00000, 0x00000000fff00000|100%| O|  |TAMS 0x00000000ffe00000| PB 0x00000000ffe00000| Untracked 
|1023|0x00000000fff00000, 0x0000000100000000, 0x0000000100000000|100%| E|CS|TAMS 0x00000000fff00000| PB 0x00000000fff00000| Complete 

Card table byte_map: [0x00000125b5a10000,0x00000125b5c10000] _byte_map_base: 0x00000125b5410000

Marking Bits: (CMBitMap*) 0x00000125a363c140
 Bits: [0x00000125b5c10000, 0x00000125b6c10000)

Polling page: 0x00000125a15f0000

Metaspace:

Usage:
  Non-class:     99.81 MB used.
      Class:     15.34 MB used.
       Both:    115.15 MB used.

Virtual space:
  Non-class space:      128.00 MB reserved,     100.81 MB ( 79%) committed,  2 nodes.
      Class space:      416.00 MB reserved,      16.25 MB (  4%) committed,  1 nodes.
             Both:      544.00 MB reserved,     117.06 MB ( 22%) committed. 

Chunk freelists:
   Non-Class:  10.48 MB
       Class:  15.69 MB
        Both:  26.17 MB

MaxMetaspaceSize: 512.00 MB
CompressedClassSpaceSize: 416.00 MB
Initial GC threshold: 21.00 MB
Current GC threshold: 185.44 MB
CDS: on
 - commit_granule_bytes: 65536.
 - commit_granule_words: 8192.
 - virtual_space_node_default_size: 8388608.
 - enlarge_chunks_in_place: 1.
 - use_allocation_guard: 0.


Internal statistics:

num_allocs_failed_limit: 6.
num_arena_births: 3464.
num_arena_deaths: 0.
num_vsnodes_births: 3.
num_vsnodes_deaths: 0.
num_space_committed: 1873.
num_space_uncommitted: 0.
num_chunks_returned_to_freelist: 6.
num_chunks_taken_from_freelist: 8292.
num_chunk_merges: 3.
num_chunk_splits: 5897.
num_chunks_enlarged: 4300.
num_inconsistent_stats: 0.

CodeHeap 'non-profiled nmethods': size=120000Kb used=4402Kb max_used=4402Kb free=115597Kb
 bounds [0x00000125ae2e0000, 0x00000125ae730000, 0x00000125b5810000]
CodeHeap 'profiled nmethods': size=120000Kb used=17397Kb max_used=17397Kb free=102602Kb
 bounds [0x00000125a6810000, 0x00000125a7910000, 0x00000125add40000]
CodeHeap 'non-nmethods': size=5760Kb used=2462Kb max_used=2494Kb free=3297Kb
 bounds [0x00000125add40000, 0x00000125adfc0000, 0x00000125ae2e0000]
CodeCache: size=245760Kb, used=24261Kb, max_used=24293Kb, free=221496Kb
 total_blobs=9264, nmethods=8220, adapters=947, full_count=0
Compilation: enabled, stopped_count=0, restarted_count=0

Compilation events (20 events):
Event: 39.348 Thread 0x00000125d4141cb0 9689       3       java.util.stream.AbstractPipeline::sequential (10 bytes)
Event: 39.349 Thread 0x00000125d4141cb0 nmethod 9689 0x00000125a7907510 code [0x00000125a79076a0, 0x00000125a79077b8]
Event: 39.884 Thread 0x00000125d4141cb0 9690   !   3       jdk.proxy1.$Proxy9::annotationType (29 bytes)
Event: 39.884 Thread 0x00000125d4141cb0 nmethod 9690 0x00000125a7907890 code [0x00000125a7907a60, 0x00000125a7907e60]
Event: 39.886 Thread 0x00000125d4141cb0 9691       3       jdk.proxy1.$Proxy9::<init> (6 bytes)
Event: 39.887 Thread 0x00000125d4141cb0 nmethod 9691 0x00000125a7908010 code [0x00000125a79081e0, 0x00000125a7908558]
Event: 39.901 Thread 0x00000125d4141cb0 9692       1       sun.reflect.generics.tree.ClassSignature::getSuperInterfaces (5 bytes)
Event: 39.901 Thread 0x00000125d4141cb0 nmethod 9692 0x00000125ae72bf10 code [0x00000125ae72c0a0, 0x00000125ae72c168]
Event: 39.902 Thread 0x00000125d4141cb0 9693       3       sun.reflect.generics.parser.SignatureParser::parseTypeArguments (109 bytes)
Event: 39.903 Thread 0x00000125d4141cb0 nmethod 9693 0x00000125a7908690 code [0x00000125a7908960, 0x00000125a7909888]
Event: 39.919 Thread 0x00000125d4141cb0 9694       3       sun.reflect.annotation.AnnotationParser::parseIntArray (84 bytes)
Event: 39.919 Thread 0x00000125d4141cb0 nmethod 9694 0x00000125a7909d10 code [0x00000125a7909f20, 0x00000125a790a530]
Event: 40.027 Thread 0x00000125d413edf0 9695       4       java.lang.Class::getGenericInfo (52 bytes)
Event: 40.033 Thread 0x00000125d413edf0 nmethod 9695 0x00000125ae72c210 code [0x00000125ae72c3e0, 0x00000125ae72c888]
Event: 40.042 Thread 0x00000125d4141cb0 9696       3       sun.reflect.generics.parser.SignatureParser::parseSuperInterfaces (51 bytes)
Event: 40.043 Thread 0x00000125d4141cb0 nmethod 9696 0x00000125a790a790 code [0x00000125a790a9c0, 0x00000125a790b390]
Event: 40.043 Thread 0x00000125d4141cb0 9697       3       sun.reflect.generics.tree.ClassSignature::make (11 bytes)
Event: 40.043 Thread 0x00000125d4141cb0 nmethod 9697 0x00000125a790b690 code [0x00000125a790b840, 0x00000125a790bb58]
Event: 40.043 Thread 0x00000125d4141cb0 9698       3       sun.reflect.generics.tree.ClassSignature::<init> (20 bytes)
Event: 40.044 Thread 0x00000125d4141cb0 nmethod 9698 0x00000125a790bc90 code [0x00000125a790be40, 0x00000125a790c0c0]

GC Heap History (20 events):
Event: 27.802 GC heap before
{Heap before GC invocations=30 (full 0):
 garbage-first heap   total 114688K, used 96764K [0x00000000c0000000, 0x0000000100000000)
  region size 1024K, 34 young (34816K), 5 survivors (5120K)
 Metaspace       used 86004K, committed 88000K, reserved 557056K
  class space    used 12247K, committed 13184K, reserved 425984K
}
Event: 27.808 GC heap after
{Heap after GC invocations=31 (full 0):
 garbage-first heap   total 114688K, used 69695K [0x00000000c0000000, 0x0000000100000000)
  region size 1024K, 2 young (2048K), 2 survivors (2048K)
 Metaspace       used 86004K, committed 88000K, reserved 557056K
  class space    used 12247K, committed 13184K, reserved 425984K
}
Event: 28.446 GC heap before
{Heap before GC invocations=31 (full 0):
 garbage-first heap   total 114688K, used 100415K [0x00000000c0000000, 0x0000000100000000)
  region size 1024K, 32 young (32768K), 2 survivors (2048K)
 Metaspace       used 88752K, committed 90752K, reserved 557056K
  class space    used 12524K, committed 13504K, reserved 425984K
}
Event: 28.455 GC heap after
{Heap after GC invocations=32 (full 0):
 garbage-first heap   total 114688K, used 71680K [0x00000000c0000000, 0x0000000100000000)
  region size 1024K, 4 young (4096K), 4 survivors (4096K)
 Metaspace       used 88752K, committed 90752K, reserved 557056K
  class space    used 12524K, committed 13504K, reserved 425984K
}
Event: 29.984 GC heap before
{Heap before GC invocations=32 (full 0):
 garbage-first heap   total 114688K, used 101376K [0x00000000c0000000, 0x0000000100000000)
  region size 1024K, 34 young (34816K), 4 survivors (4096K)
 Metaspace       used 92826K, committed 94784K, reserved 557056K
  class space    used 12885K, committed 13824K, reserved 425984K
}
Event: 29.992 GC heap after
{Heap after GC invocations=33 (full 0):
 garbage-first heap   total 114688K, used 73011K [0x00000000c0000000, 0x0000000100000000)
  region size 1024K, 1 young (1024K), 1 survivors (1024K)
 Metaspace       used 92826K, committed 94784K, reserved 557056K
  class space    used 12885K, committed 13824K, reserved 425984K
}
Event: 31.513 GC heap before
{Heap before GC invocations=34 (full 0):
 garbage-first heap   total 122880K, used 102707K [0x00000000c0000000, 0x0000000100000000)
  region size 1024K, 31 young (31744K), 1 survivors (1024K)
 Metaspace       used 96833K, committed 98752K, reserved 557056K
  class space    used 13319K, committed 14272K, reserved 425984K
}
Event: 31.522 GC heap after
{Heap after GC invocations=35 (full 0):
 garbage-first heap   total 122880K, used 74112K [0x00000000c0000000, 0x0000000100000000)
  region size 1024K, 3 young (3072K), 3 survivors (3072K)
 Metaspace       used 96833K, committed 98752K, reserved 557056K
  class space    used 13319K, committed 14272K, reserved 425984K
}
Event: 32.995 GC heap before
{Heap before GC invocations=35 (full 0):
 garbage-first heap   total 122880K, used 109952K [0x00000000c0000000, 0x0000000100000000)
  region size 1024K, 38 young (38912K), 3 survivors (3072K)
 Metaspace       used 100102K, committed 102016K, reserved 557056K
  class space    used 13648K, committed 14592K, reserved 425984K
}
Event: 33.007 GC heap after
{Heap after GC invocations=36 (full 0):
 garbage-first heap   total 122880K, used 76787K [0x00000000c0000000, 0x0000000100000000)
  region size 1024K, 5 young (5120K), 5 survivors (5120K)
 Metaspace       used 100102K, committed 102016K, reserved 557056K
  class space    used 13648K, committed 14592K, reserved 425984K
}
Event: 34.212 GC heap before
{Heap before GC invocations=36 (full 0):
 garbage-first heap   total 122880K, used 111603K [0x00000000c0000000, 0x0000000100000000)
  region size 1024K, 39 young (39936K), 5 survivors (5120K)
 Metaspace       used 104356K, committed 106304K, reserved 557056K
  class space    used 14172K, committed 15104K, reserved 425984K
}
Event: 34.227 GC heap after
{Heap after GC invocations=37 (full 0):
 garbage-first heap   total 122880K, used 79669K [0x00000000c0000000, 0x0000000100000000)
  region size 1024K, 3 young (3072K), 3 survivors (3072K)
 Metaspace       used 104356K, committed 106304K, reserved 557056K
  class space    used 14172K, committed 15104K, reserved 425984K
}
Event: 35.333 GC heap before
{Heap before GC invocations=38 (full 0):
 garbage-first heap   total 133120K, used 114485K [0x00000000c0000000, 0x0000000100000000)
  region size 1024K, 36 young (36864K), 3 survivors (3072K)
 Metaspace       used 105734K, committed 107712K, reserved 557056K
  class space    used 14374K, committed 15360K, reserved 425984K
}
Event: 35.343 GC heap after
{Heap after GC invocations=39 (full 0):
 garbage-first heap   total 133120K, used 88895K [0x00000000c0000000, 0x0000000100000000)
  region size 1024K, 5 young (5120K), 5 survivors (5120K)
 Metaspace       used 105734K, committed 107712K, reserved 557056K
  class space    used 14374K, committed 15360K, reserved 425984K
}
Event: 36.547 GC heap before
{Heap before GC invocations=39 (full 0):
 garbage-first heap   total 133120K, used 119615K [0x00000000c0000000, 0x0000000100000000)
  region size 1024K, 35 young (35840K), 5 survivors (5120K)
 Metaspace       used 108261K, committed 110208K, reserved 557056K
  class space    used 14622K, committed 15552K, reserved 425984K
}
Event: 36.557 GC heap after
{Heap after GC invocations=40 (full 0):
 garbage-first heap   total 133120K, used 94115K [0x00000000c0000000, 0x0000000100000000)
  region size 1024K, 5 young (5120K), 5 survivors (5120K)
 Metaspace       used 108261K, committed 110208K, reserved 557056K
  class space    used 14622K, committed 15552K, reserved 425984K
}
Event: 37.518 GC heap before
{Heap before GC invocations=40 (full 0):
 garbage-first heap   total 133120K, used 119715K [0x00000000c0000000, 0x0000000100000000)
  region size 1024K, 31 young (31744K), 5 survivors (5120K)
 Metaspace       used 111590K, committed 113536K, reserved 557056K
  class space    used 14907K, committed 15872K, reserved 425984K
}
Event: 37.531 GC heap after
{Heap after GC invocations=41 (full 0):
 garbage-first heap   total 133120K, used 96713K [0x00000000c0000000, 0x0000000100000000)
  region size 1024K, 3 young (3072K), 3 survivors (3072K)
 Metaspace       used 111590K, committed 113536K, reserved 557056K
  class space    used 14907K, committed 15872K, reserved 425984K
}
Event: 38.682 GC heap before
{Heap before GC invocations=42 (full 0):
 garbage-first heap   total 162816K, used 122313K [0x00000000c0000000, 0x0000000100000000)
  region size 1024K, 28 young (28672K), 3 survivors (3072K)
 Metaspace       used 114376K, committed 116288K, reserved 557056K
  class space    used 15194K, committed 16128K, reserved 425984K
}
Event: 38.690 GC heap after
{Heap after GC invocations=43 (full 0):
 garbage-first heap   total 162816K, used 98587K [0x00000000c0000000, 0x0000000100000000)
  region size 1024K, 2 young (2048K), 2 survivors (2048K)
 Metaspace       used 114376K, committed 116288K, reserved 557056K
  class space    used 15194K, committed 16128K, reserved 425984K
}

Dll operation events (14 events):
Event: 0.026 Loaded shared library C:\Users\DELL\.antigravity\extensions\redhat.java-1.53.0-win32-x64\jre\21.0.10-win32-x86_64\bin\java.dll
Event: 0.130 Loaded shared library C:\Users\DELL\.antigravity\extensions\redhat.java-1.53.0-win32-x64\jre\21.0.10-win32-x86_64\bin\zip.dll
Event: 0.173 Loaded shared library C:\Users\DELL\.antigravity\extensions\redhat.java-1.53.0-win32-x64\jre\21.0.10-win32-x86_64\bin\instrument.dll
Event: 0.184 Loaded shared library C:\Users\DELL\.antigravity\extensions\redhat.java-1.53.0-win32-x64\jre\21.0.10-win32-x86_64\bin\net.dll
Event: 0.190 Loaded shared library C:\Users\DELL\.antigravity\extensions\redhat.java-1.53.0-win32-x64\jre\21.0.10-win32-x86_64\bin\nio.dll
Event: 0.198 Loaded shared library C:\Users\DELL\.antigravity\extensions\redhat.java-1.53.0-win32-x64\jre\21.0.10-win32-x86_64\bin\zip.dll
Event: 0.842 Loaded shared library C:\Users\DELL\.antigravity\extensions\redhat.java-1.53.0-win32-x64\jre\21.0.10-win32-x86_64\bin\jimage.dll
Event: 1.295 Loaded shared library C:\Users\DELL\.antigravity\extensions\redhat.java-1.53.0-win32-x64\jre\21.0.10-win32-x86_64\bin\verify.dll
Event: 1.373 Loaded shared library C:\Users\DELL\.gradle\native\660c5614fbf4a5f2a75b1949f50a0caf5cd603558e7d8a26e50b933a0cfb79d1\windows-amd64\native-platform.dll
Event: 1.404 Loaded shared library C:\Users\DELL\.gradle\native\0.2.8\x86_64-windows-gnu\gradle-fileevents.dll
Event: 3.238 Loaded shared library C:\Users\DELL\.antigravity\extensions\redhat.java-1.53.0-win32-x64\jre\21.0.10-win32-x86_64\bin\management.dll
Event: 3.248 Loaded shared library C:\Users\DELL\.antigravity\extensions\redhat.java-1.53.0-win32-x64\jre\21.0.10-win32-x86_64\bin\management_ext.dll
Event: 3.526 Loaded shared library C:\Users\DELL\.antigravity\extensions\redhat.java-1.53.0-win32-x64\jre\21.0.10-win32-x86_64\bin\extnet.dll
Event: 4.212 Loaded shared library C:\Users\DELL\.antigravity\extensions\redhat.java-1.53.0-win32-x64\jre\21.0.10-win32-x86_64\bin\sunmscapi.dll

Deoptimization events (20 events):
Event: 38.200 Thread 0x00000125d9e3ead0 Uncommon trap: trap_request=0xffffffde fr.pc=0x00000125ae6e675c relative=0x000000000000191c
Event: 38.200 Thread 0x00000125d9e3ead0 Uncommon trap: reason=class_check action=maybe_recompile pc=0x00000125ae6e675c method=org.jetbrains.org.objectweb.asm.ClassReader.readElementValue(Lorg/jetbrains/org/objectweb/asm/AnnotationVisitor;ILjava/lang/String;[C)I @ 536 c2
Event: 38.200 Thread 0x00000125d9e3ead0 DEOPT PACKING pc=0x00000125ae6e675c sp=0x00000001f95f2e50
Event: 38.200 Thread 0x00000125d9e3ead0 DEOPT UNPACKING pc=0x00000125add97ba2 sp=0x00000001f95f2de0 mode 2
Event: 38.606 Thread 0x00000125d9e3ead0 Uncommon trap: trap_request=0xffffffde fr.pc=0x00000125ae59e6dc relative=0x000000000000021c
Event: 38.606 Thread 0x00000125d9e3ead0 Uncommon trap: reason=class_check action=maybe_recompile pc=0x00000125ae59e6dc method=java.util.regex.Matcher.search(I)Z @ 121 c2
Event: 38.606 Thread 0x00000125d9e3ead0 DEOPT PACKING pc=0x00000125ae59e6dc sp=0x00000001f95f4210
Event: 38.606 Thread 0x00000125d9e3ead0 DEOPT UNPACKING pc=0x00000125add97ba2 sp=0x00000001f95f41c0 mode 2
Event: 38.607 Thread 0x00000125d9e3ead0 Uncommon trap: trap_request=0xffffffde fr.pc=0x00000125ae59e6dc relative=0x000000000000021c
Event: 38.607 Thread 0x00000125d9e3ead0 Uncommon trap: reason=class_check action=maybe_recompile pc=0x00000125ae59e6dc method=java.util.regex.Matcher.search(I)Z @ 121 c2
Event: 38.607 Thread 0x00000125d9e3ead0 DEOPT PACKING pc=0x00000125ae59e6dc sp=0x00000001f95f4210
Event: 38.607 Thread 0x00000125d9e3ead0 DEOPT UNPACKING pc=0x00000125add97ba2 sp=0x00000001f95f41c0 mode 2
Event: 38.795 Thread 0x00000125d9e3ead0 Uncommon trap: trap_request=0xffffff45 fr.pc=0x00000125ae4a0ca0 relative=0x0000000000000080
Event: 38.795 Thread 0x00000125d9e3ead0 Uncommon trap: reason=unstable_if action=reinterpret pc=0x00000125ae4a0ca0 method=java.lang.invoke.InvokerBytecodeGenerator.refKindOpcode(B)I @ 1 c2
Event: 38.795 Thread 0x00000125d9e3ead0 DEOPT PACKING pc=0x00000125ae4a0ca0 sp=0x00000001f95f32f0
Event: 38.795 Thread 0x00000125d9e3ead0 DEOPT UNPACKING pc=0x00000125add97ba2 sp=0x00000001f95f3280 mode 2
Event: 38.797 Thread 0x00000125d9e3ead0 Uncommon trap: trap_request=0xffffff45 fr.pc=0x00000125ae5255a0 relative=0x00000000000002e0
Event: 38.797 Thread 0x00000125d9e3ead0 Uncommon trap: reason=unstable_if action=reinterpret pc=0x00000125ae5255a0 method=sun.invoke.util.VerifyType.isNullType(Ljava/lang/Class;)Z @ 3 c2
Event: 38.797 Thread 0x00000125d9e3ead0 DEOPT PACKING pc=0x00000125ae5255a0 sp=0x00000001f95f35f0
Event: 38.797 Thread 0x00000125d9e3ead0 DEOPT UNPACKING pc=0x00000125add97ba2 sp=0x00000001f95f3530 mode 2

Classes loaded (20 events):
Event: 32.676 Loading class java/text/StringCharacterIterator
Event: 32.677 Loading class java/text/CharacterIterator
Event: 32.677 Loading class java/text/CharacterIterator done
Event: 32.677 Loading class java/text/StringCharacterIterator done
Event: 33.194 Loading class java/util/AbstractList$RandomAccessSubList
Event: 33.194 Loading class java/util/AbstractList$SubList
Event: 33.195 Loading class java/util/AbstractList$SubList done
Event: 33.195 Loading class java/util/AbstractList$RandomAccessSubList done
Event: 33.945 Loading class java/util/AbstractList$SubList$1
Event: 33.945 Loading class java/util/AbstractList$SubList$1 done
Event: 34.128 Loading class java/util/EnumMap$EntrySet
Event: 34.129 Loading class java/util/EnumMap$EntrySet done
Event: 34.129 Loading class java/util/EnumMap$EntryIterator
Event: 34.129 Loading class java/util/EnumMap$EntryIterator done
Event: 34.129 Loading class java/util/EnumMap$EntryIterator$Entry
Event: 34.129 Loading class java/util/EnumMap$EntryIterator$Entry done
Event: 37.428 Loading class java/lang/Byte$ByteCache
Event: 37.430 Loading class java/lang/Byte$ByteCache done
Event: 38.182 Loading class java/lang/Short$ShortCache
Event: 38.183 Loading class java/lang/Short$ShortCache done

Classes unloaded (0 events):
No events

Classes redefined (0 events):
No events

Internal exceptions (20 events):
Event: 24.791 Thread 0x00000125d9e3ead0 Exception <a 'java/lang/NoSuchMethodError'{0x00000000c4752c10}: 'java.lang.Object java.lang.invoke.DirectMethodHandle$Holder.invokeStatic(java.lang.Object, java.lang.Object, java.lang.Object, java.lang.Object, int, java.lang.Object)'> (0x00000000c4752c10) 
thrown [s\src\hotspot\share\interpreter\linkResolver.cpp, line 773]
Event: 24.876 Thread 0x00000125d9e3ead0 Exception <a 'java/lang/NoSuchMethodError'{0x00000000c465f9f8}: 'long java.lang.invoke.DirectMethodHandle$Holder.invokeStatic(java.lang.Object, java.lang.Object, int)'> (0x00000000c465f9f8) 
thrown [s\src\hotspot\share\interpreter\linkResolver.cpp, line 773]
Event: 24.877 Thread 0x00000125d9e3ead0 Exception <a 'java/lang/NoSuchMethodError'{0x00000000c466be10}: 'java.lang.Object java.lang.invoke.DelegatingMethodHandle$Holder.reinvoke_L(java.lang.Object, int, long, java.lang.Object, java.lang.Object, int, java.lang.Object)'> (0x00000000c466be10) 
thrown [s\src\hotspot\share\interpreter\linkResolver.cpp, line 773]
Event: 25.288 Thread 0x00000125d9e3ead0 Exception <a 'java/lang/NoSuchMethodError'{0x00000000c5fe4740}: 'java.lang.Object java.lang.invoke.Invokers$Holder.invokeExact_MT(java.lang.Object, java.lang.Object, long, java.lang.Object)'> (0x00000000c5fe4740) 
thrown [s\src\hotspot\share\interpreter\linkResolver.cpp, line 773]
Event: 25.476 Thread 0x00000125d9e3ead0 Exception <a 'java/lang/NoSuchMethodError'{0x00000000c59fa498}: 'java.lang.Object java.lang.invoke.DirectMethodHandle$Holder.invokeStatic(java.lang.Object, java.lang.Object, long, long)'> (0x00000000c59fa498) 
thrown [s\src\hotspot\share\interpreter\linkResolver.cpp, line 773]
Event: 25.487 Thread 0x00000125d9e3ead0 Exception <a 'java/lang/NoSuchMethodError'{0x00000000c5847a30}: 'java.lang.Object java.lang.invoke.DirectMethodHandle$Holder.invokeStatic(java.lang.Object, java.lang.Object, java.lang.Object, long, java.lang.Object)'> (0x00000000c5847a30) 
thrown [s\src\hotspot\share\interpreter\linkResolver.cpp, line 773]
Event: 25.488 Thread 0x00000125d9e3ead0 Exception <a 'java/lang/NoSuchMethodError'{0x00000000c5850108}: 'java.lang.Object java.lang.invoke.DirectMethodHandle$Holder.newInvokeSpecial(java.lang.Object, java.lang.Object, java.lang.Object, long)'> (0x00000000c5850108) 
thrown [s\src\hotspot\share\interpreter\linkResolver.cpp, line 773]
Event: 25.489 Thread 0x00000125d9e3ead0 Exception <a 'java/lang/NoSuchMethodError'{0x00000000c58553c0}: 'java.lang.Object java.lang.invoke.Invokers$Holder.linkToTargetMethod(java.lang.Object, java.lang.Object, long, java.lang.Object)'> (0x00000000c58553c0) 
thrown [s\src\hotspot\share\interpreter\linkResolver.cpp, line 773]
Event: 26.361 Thread 0x00000125d9e3ead0 Exception <a 'java/lang/NoSuchMethodError'{0x00000000c54d3ef0}: 'int java.lang.invoke.DirectMethodHandle$Holder.invokeSpecial(java.lang.Object, java.lang.Object, int, int)'> (0x00000000c54d3ef0) 
thrown [s\src\hotspot\share\interpreter\linkResolver.cpp, line 773]
Event: 28.090 Thread 0x00000125d9e3ead0 Exception <a 'java/lang/NoSuchMethodError'{0x00000000c56b5798}: 'java.lang.Object java.lang.invoke.DirectMethodHandle$Holder.invokeStatic(java.lang.Object, java.lang.Object, int, int, java.lang.Object)'> (0x00000000c56b5798) 
thrown [s\src\hotspot\share\interpreter\linkResolver.cpp, line 773]
Event: 32.851 Thread 0x00000125d9e3ead0 Exception <a 'java/lang/NoSuchMethodError'{0x00000000c4be03d0}: 'java.lang.Object java.lang.invoke.DirectMethodHandle$Holder.invokeSpecial(java.lang.Object, java.lang.Object, int, java.lang.Object, java.lang.Object)'> (0x00000000c4be03d0) 
thrown [s\src\hotspot\share\interpreter\linkResolver.cpp, line 773]
Event: 33.259 Thread 0x00000125d9e3ead0 Exception <a 'java/lang/NoSuchMethodError'{0x00000000c6337e90}: 'void java.lang.invoke.DirectMethodHandle$Holder.invokeStatic(java.lang.Object, java.lang.Object, java.lang.Object, java.lang.Object, int)'> (0x00000000c6337e90) 
thrown [s\src\hotspot\share\interpreter\linkResolver.cpp, line 773]
Event: 33.295 Thread 0x00000125d9e3ead0 Exception <a 'java/lang/NoSuchMethodError'{0x00000000c6283628}: 'java.lang.Object java.lang.invoke.DirectMethodHandle$Holder.invokeStatic(java.lang.Object, java.lang.Object, java.lang.Object, java.lang.Object, int, java.lang.Object, java.lang.Object)'> (0x00000000c6283628) 
thrown [s\src\hotspot\share\interpreter\linkResolver.cpp, line 773]
Event: 33.296 Thread 0x00000125d9e3ead0 Exception <a 'java/lang/NoSuchMethodError'{0x00000000c628e380}: 'java.lang.Object java.lang.invoke.DirectMethodHandle$Holder.newInvokeSpecial(java.lang.Object, java.lang.Object, java.lang.Object, java.lang.Object, int, java.lang.Object, java.lang.Object)'> (0x00000000c628e380) 
thrown [s\src\hotspot\share\interpreter\linkResolver.cpp, line 773]
Event: 37.622 Thread 0x00000125d9e3ead0 Exception <a 'java/lang/NoSuchMethodError'{0x00000000fffb05c8}: 'java.lang.Object java.lang.invoke.DirectMethodHandle$Holder.newInvokeSpecial(java.lang.Object, java.lang.Object, java.lang.Object, java.lang.Object, java.lang.Object, java.lang.Object, java.lang.Object, java.lang.Object, int)'> (0x00000000fffb05c8) 
thrown [s\src\hotspot\share\interpreter\linkResolver.cpp, line 773]
Event: 37.623 Thread 0x00000125d9e3ead0 Exception <a 'java/lang/NoSuchMethodError'{0x00000000fffb67f0}: 'java.lang.Object java.lang.invoke.DirectMethodHandle$Holder.invokeSpecial(java.lang.Object, java.lang.Object, java.lang.Object, java.lang.Object, java.lang.Object, java.lang.Object, java.lang.Object, java.lang.Object, java.lang.Object, int)'> (0x00000000fffb67f0) 
thrown [s\src\hotspot\share\interpreter\linkResolver.cpp, line 773]
Event: 38.995 Thread 0x00000125d9e3ead0 Exception <a 'java/lang/NoSuchMethodError'{0x00000000c8d9d070}: 'java.lang.Object java.lang.invoke.DirectMethodHandle$Holder.newInvokeSpecial(java.lang.Object, int, java.lang.Object, int, int)'> (0x00000000c8d9d070) 
thrown [s\src\hotspot\share\interpreter\linkResolver.cpp, line 773]
Event: 39.102 Thread 0x00000125d9e3ead0 Exception <a 'java/lang/NoSuchMethodError'{0x00000000c8b1f130}: 'java.lang.Object java.lang.invoke.DirectMethodHandle$Holder.newInvokeSpecial(java.lang.Object, int, java.lang.Object, int)'> (0x00000000c8b1f130) 
thrown [s\src\hotspot\share\interpreter\linkResolver.cpp, line 773]
Event: 39.109 Thread 0x00000125d9e3ead0 Exception <a 'java/lang/NoSuchMethodError'{0x00000000c8b245f0}: 'java.lang.Object java.lang.invoke.DirectMethodHandle$Holder.invokeSpecial(java.lang.Object, java.lang.Object, int, java.lang.Object, int)'> (0x00000000c8b245f0) 
thrown [s\src\hotspot\share\interpreter\linkResolver.cpp, line 773]
Event: 39.796 Thread 0x00000125d9e3ead0 Exception <a 'java/lang/NoSuchMethodError'{0x00000000c781a078}: 'java.lang.Object java.lang.invoke.DirectMethodHandle$Holder.invokeStaticInit(java.lang.Object, int, java.lang.Object, java.lang.Object, java.lang.Object)'> (0x00000000c781a078) 
thrown [s\src\hotspot\share\interpreter\linkResolver.cpp, line 773]

ZGC Phase Switch (0 events):
No events

VM Operations (20 events):
Event: 36.756 Executing non-safepoint VM operation: HandshakeAllThreads (Deoptimize)
Event: 36.756 Executing non-safepoint VM operation: HandshakeAllThreads (Deoptimize) done
Event: 36.761 Executing non-safepoint VM operation: HandshakeAllThreads (Deoptimize)
Event: 36.761 Executing non-safepoint VM operation: HandshakeAllThreads (Deoptimize) done
Event: 37.518 Executing safepoint VM operation: G1CollectForAllocation (G1 Evacuation Pause)
Event: 37.531 Executing safepoint VM operation: G1CollectForAllocation (G1 Evacuation Pause) done
Event: 37.731 Executing non-safepoint VM operation: HandshakeAllThreads (Deoptimize)
Event: 37.731 Executing non-safepoint VM operation: HandshakeAllThreads (Deoptimize) done
Event: 37.785 Executing non-safepoint VM operation: HandshakeAllThreads (Deoptimize)
Event: 37.785 Executing non-safepoint VM operation: HandshakeAllThreads (Deoptimize) done
Event: 37.802 Executing safepoint VM operation: G1PauseRemark
Event: 37.811 Executing safepoint VM operation: G1PauseRemark done
Event: 37.877 Executing safepoint VM operation: G1PauseCleanup
Event: 37.877 Executing safepoint VM operation: G1PauseCleanup done
Event: 38.681 Executing safepoint VM operation: G1CollectForAllocation (G1 Evacuation Pause)
Event: 38.690 Executing safepoint VM operation: G1CollectForAllocation (G1 Evacuation Pause) done
Event: 38.752 Executing non-safepoint VM operation: HandshakeAllThreads (Deoptimize)
Event: 38.752 Executing non-safepoint VM operation: HandshakeAllThreads (Deoptimize) done
Event: 39.761 Executing safepoint VM operation: Cleanup
Event: 39.761 Executing safepoint VM operation: Cleanup done

Memory protections (0 events):
No events

Nmethod flushes (20 events):
Event: 37.809 Thread 0x00000125a36be700 flushing  nmethod 0x00000125a7471410
Event: 37.809 Thread 0x00000125a36be700 flushing  nmethod 0x00000125a7472490
Event: 37.809 Thread 0x00000125a36be700 flushing  nmethod 0x00000125a750d590
Event: 37.809 Thread 0x00000125a36be700 flushing  nmethod 0x00000125a750eb10
Event: 37.809 Thread 0x00000125a36be700 flushing  nmethod 0x00000125a750f790
Event: 37.809 Thread 0x00000125a36be700 flushing  nmethod 0x00000125a750ff10
Event: 37.809 Thread 0x00000125a36be700 flushing  nmethod 0x00000125a7510e90
Event: 37.809 Thread 0x00000125a36be700 flushing  nmethod 0x00000125ae517490
Event: 37.809 Thread 0x00000125a36be700 flushing  nmethod 0x00000125ae631510
Event: 37.809 Thread 0x00000125a36be700 flushing  nmethod 0x00000125ae63c010
Event: 37.809 Thread 0x00000125a36be700 flushing  nmethod 0x00000125a68dd410
Event: 37.809 Thread 0x00000125a36be700 flushing  nmethod 0x00000125a6918710
Event: 37.809 Thread 0x00000125a36be700 flushing  nmethod 0x00000125a6963e10
Event: 37.809 Thread 0x00000125a36be700 flushing  nmethod 0x00000125a6b4a110
Event: 37.809 Thread 0x00000125a36be700 flushing  nmethod 0x00000125a6bbcc90
Event: 37.809 Thread 0x00000125a36be700 flushing  nmethod 0x00000125a6bc1d90
Event: 37.809 Thread 0x00000125a36be700 flushing  nmethod 0x00000125a6cb3090
Event: 37.809 Thread 0x00000125a36be700 flushing  nmethod 0x00000125a729c610
Event: 37.809 Thread 0x00000125a36be700 flushing  nmethod 0x00000125a74fef90
Event: 37.809 Thread 0x00000125a36be700 flushing  nmethod 0x00000125a7528210

Events (20 events):
Event: 4.683 Thread 0x00000125d9dfbfc0 Thread added: 0x00000125d9e3bfa0
Event: 4.702 Thread 0x00000125d9dfbfc0 Thread added: 0x00000125d9e3ead0
Event: 4.739 Thread 0x00000125d9e3ead0 Thread added: 0x00000125d9f8b320
Event: 4.748 Thread 0x00000125d9e3ead0 Thread added: 0x00000125d9f8b9b0
Event: 4.773 Thread 0x00000125d9e3ead0 Thread added: 0x00000125d9f8d3f0
Event: 6.190 Thread 0x00000125d9e3ead0 Thread added: 0x00000125d9f8c040
Event: 6.243 Thread 0x00000125d9e3ead0 Thread added: 0x00000125d9f8c6d0
Event: 6.416 Thread 0x00000125d9e3ead0 Thread added: 0x00000125d9f8cd60
Event: 9.257 Thread 0x00000125d9e3ead0 Thread added: 0x00000125da93c7c0
Event: 9.315 Thread 0x00000125d9e3ead0 Thread added: 0x00000125da93ce50
Event: 10.507 Thread 0x00000125d9e3ead0 Thread added: 0x00000125da93b410
Event: 10.549 Thread 0x00000125d9e3ead0 Thread added: 0x00000125da9402d0
Event: 11.316 Thread 0x00000125d9e3ead0 Thread added: 0x00000125da93e200
Event: 11.456 Thread 0x00000125d9e3ead0 Thread added: 0x00000125da940960
Event: 12.003 Thread 0x00000125d9e3ead0 Thread added: 0x00000125da93e890
Event: 12.141 Thread 0x00000125d9e3ead0 Thread added: 0x00000125da93c130
Event: 15.642 Thread 0x00000125d9e3ead0 Thread added: 0x00000125da93ef20
Event: 15.758 Thread 0x00000125d9e3ead0 Thread added: 0x00000125da93db70
Event: 15.843 Thread 0x00000125d9e3ead0 Thread added: 0x00000125da93a060
Event: 21.079 Thread 0x00000125d9e3ead0 Thread added: 0x00000125da941680


Dynamic libraries:
0x00007ff630350000 - 0x00007ff63035e000 	C:\Users\DELL\.antigravity\extensions\redhat.java-1.53.0-win32-x64\jre\21.0.10-win32-x86_64\bin\java.exe
0x00007ffc5c9f0000 - 0x00007ffc5cbe8000 	C:\Windows\SYSTEM32\ntdll.dll
0x00007ffc5aa10000 - 0x00007ffc5aad2000 	C:\Windows\System32\KERNEL32.DLL
0x00007ffc5a080000 - 0x00007ffc5a376000 	C:\Windows\System32\KERNELBASE.dll
0x00007ffc5a850000 - 0x00007ffc5a950000 	C:\Windows\System32\ucrtbase.dll
0x00007ffc3e700000 - 0x00007ffc3e71e000 	C:\Users\DELL\.antigravity\extensions\redhat.java-1.53.0-win32-x64\jre\21.0.10-win32-x86_64\bin\VCRUNTIME140.dll
0x00007ffc47ab0000 - 0x00007ffc47ac8000 	C:\Users\DELL\.antigravity\extensions\redhat.java-1.53.0-win32-x64\jre\21.0.10-win32-x86_64\bin\jli.dll
0x00007ffc5b0d0000 - 0x00007ffc5b271000 	C:\Windows\System32\USER32.dll
0x00007ffc5a590000 - 0x00007ffc5a5b2000 	C:\Windows\System32\win32u.dll
0x00007ffc476b0000 - 0x00007ffc4794b000 	C:\Windows\WinSxS\amd64_microsoft.windows.common-controls_6595b64144ccf1df_6.0.19041.6456_none_60b8a6cb71f64256\COMCTL32.dll
0x00007ffc5bc50000 - 0x00007ffc5bc7b000 	C:\Windows\System32\GDI32.dll
0x00007ffc5bb00000 - 0x00007ffc5bb9e000 	C:\Windows\System32\msvcrt.dll
0x00007ffc5a730000 - 0x00007ffc5a849000 	C:\Windows\System32\gdi32full.dll
0x00007ffc5a5c0000 - 0x00007ffc5a65d000 	C:\Windows\System32\msvcp_win.dll
0x00007ffc5b500000 - 0x00007ffc5b52f000 	C:\Windows\System32\IMM32.DLL
0x00007ffc54220000 - 0x00007ffc5422c000 	C:\Users\DELL\.antigravity\extensions\redhat.java-1.53.0-win32-x64\jre\21.0.10-win32-x86_64\bin\vcruntime140_1.dll
0x00007ffc12cf0000 - 0x00007ffc12d7d000 	C:\Users\DELL\.antigravity\extensions\redhat.java-1.53.0-win32-x64\jre\21.0.10-win32-x86_64\bin\msvcp140.dll
0x00007ffc07c80000 - 0x00007ffc08a21000 	C:\Users\DELL\.antigravity\extensions\redhat.java-1.53.0-win32-x64\jre\21.0.10-win32-x86_64\bin\server\jvm.dll
0x00007ffc5b290000 - 0x00007ffc5b341000 	C:\Windows\System32\ADVAPI32.dll
0x00007ffc5b530000 - 0x00007ffc5b5cf000 	C:\Windows\System32\sechost.dll
0x00007ffc5aae0000 - 0x00007ffc5ac00000 	C:\Windows\System32\RPCRT4.dll
0x00007ffc5a9e0000 - 0x00007ffc5aa07000 	C:\Windows\System32\bcrypt.dll
0x00007ffc5b5d0000 - 0x00007ffc5b63b000 	C:\Windows\System32\WS2_32.dll
0x00007ffc440a0000 - 0x00007ffc440c7000 	C:\Windows\SYSTEM32\WINMM.dll
0x00007ffc53320000 - 0x00007ffc5332a000 	C:\Windows\SYSTEM32\VERSION.dll
0x00007ffc59ee0000 - 0x00007ffc59f2b000 	C:\Windows\SYSTEM32\POWRPROF.dll
0x00007ffc59ec0000 - 0x00007ffc59ed2000 	C:\Windows\SYSTEM32\UMPDC.dll
0x00007ffc58850000 - 0x00007ffc58862000 	C:\Windows\SYSTEM32\kernel.appcore.dll
0x00007ffc53e30000 - 0x00007ffc53e3a000 	C:\Users\DELL\.antigravity\extensions\redhat.java-1.53.0-win32-x64\jre\21.0.10-win32-x86_64\bin\jimage.dll
0x00007ffc57c20000 - 0x00007ffc57e21000 	C:\Windows\SYSTEM32\DBGHELP.DLL
0x00007ffc2cea0000 - 0x00007ffc2ced4000 	C:\Windows\SYSTEM32\dbgcore.DLL
0x00007ffc5a950000 - 0x00007ffc5a9d2000 	C:\Windows\System32\bcryptPrimitives.dll
0x00007ffc53cc0000 - 0x00007ffc53ccf000 	C:\Users\DELL\.antigravity\extensions\redhat.java-1.53.0-win32-x64\jre\21.0.10-win32-x86_64\bin\instrument.dll
0x00007ffc3d3c0000 - 0x00007ffc3d3e0000 	C:\Users\DELL\.antigravity\extensions\redhat.java-1.53.0-win32-x64\jre\21.0.10-win32-x86_64\bin\java.dll
0x00007ffc5c0c0000 - 0x00007ffc5c830000 	C:\Windows\System32\SHELL32.dll
0x00007ffc58090000 - 0x00007ffc58835000 	C:\Windows\SYSTEM32\windows.storage.dll
0x00007ffc5bc80000 - 0x00007ffc5bfd4000 	C:\Windows\System32\combase.dll
0x00007ffc599d0000 - 0x00007ffc599fb000 	C:\Windows\SYSTEM32\Wldp.dll
0x00007ffc5c8e0000 - 0x00007ffc5c9ad000 	C:\Windows\System32\OLEAUT32.dll
0x00007ffc5bba0000 - 0x00007ffc5bc4d000 	C:\Windows\System32\SHCORE.dll
0x00007ffc5b6c0000 - 0x00007ffc5b71b000 	C:\Windows\System32\shlwapi.dll
0x00007ffc59fb0000 - 0x00007ffc59fd4000 	C:\Windows\SYSTEM32\profapi.dll
0x00007ffc3cbd0000 - 0x00007ffc3cbe8000 	C:\Users\DELL\.antigravity\extensions\redhat.java-1.53.0-win32-x64\jre\21.0.10-win32-x86_64\bin\zip.dll
0x00007ffc52a20000 - 0x00007ffc52a30000 	C:\Users\DELL\.antigravity\extensions\redhat.java-1.53.0-win32-x64\jre\21.0.10-win32-x86_64\bin\net.dll
0x00007ffc50530000 - 0x00007ffc5063a000 	C:\Windows\SYSTEM32\WINHTTP.dll
0x00007ffc596e0000 - 0x00007ffc5974a000 	C:\Windows\system32\mswsock.dll
0x00007ffc36d40000 - 0x00007ffc36d56000 	C:\Users\DELL\.antigravity\extensions\redhat.java-1.53.0-win32-x64\jre\21.0.10-win32-x86_64\bin\nio.dll
0x00007ffc4f9f0000 - 0x00007ffc4fa00000 	C:\Users\DELL\.antigravity\extensions\redhat.java-1.53.0-win32-x64\jre\21.0.10-win32-x86_64\bin\verify.dll
0x00007ffc26030000 - 0x00007ffc26057000 	C:\Users\DELL\.gradle\native\660c5614fbf4a5f2a75b1949f50a0caf5cd603558e7d8a26e50b933a0cfb79d1\windows-amd64\native-platform.dll
0x00007ffc1b1a0000 - 0x00007ffc1b217000 	C:\Users\DELL\.gradle\native\0.2.8\x86_64-windows-gnu\gradle-fileevents.dll
0x00007ffc4dde0000 - 0x00007ffc4ddea000 	C:\Users\DELL\.antigravity\extensions\redhat.java-1.53.0-win32-x64\jre\21.0.10-win32-x86_64\bin\management.dll
0x00007ffc4a100000 - 0x00007ffc4a10c000 	C:\Users\DELL\.antigravity\extensions\redhat.java-1.53.0-win32-x64\jre\21.0.10-win32-x86_64\bin\management_ext.dll
0x00007ffc5b280000 - 0x00007ffc5b288000 	C:\Windows\System32\PSAPI.DLL
0x00007ffc593d0000 - 0x00007ffc5940b000 	C:\Windows\SYSTEM32\IPHLPAPI.DLL
0x00007ffc5ba60000 - 0x00007ffc5ba68000 	C:\Windows\System32\NSI.dll
0x00007ffc496a0000 - 0x00007ffc496a9000 	C:\Users\DELL\.antigravity\extensions\redhat.java-1.53.0-win32-x64\jre\21.0.10-win32-x86_64\bin\extnet.dll
0x00007ffc598a0000 - 0x00007ffc598b8000 	C:\Windows\SYSTEM32\CRYPTSP.dll
0x00007ffc59010000 - 0x00007ffc59048000 	C:\Windows\system32\rsaenh.dll
0x00007ffc59f30000 - 0x00007ffc59f5e000 	C:\Windows\SYSTEM32\USERENV.dll
0x00007ffc598c0000 - 0x00007ffc598cc000 	C:\Windows\SYSTEM32\CRYPTBASE.dll
0x00007ffc49e20000 - 0x00007ffc49e2e000 	C:\Users\DELL\.antigravity\extensions\redhat.java-1.53.0-win32-x64\jre\21.0.10-win32-x86_64\bin\sunmscapi.dll
0x00007ffc5a380000 - 0x00007ffc5a4dd000 	C:\Windows\System32\CRYPT32.dll
0x00007ffc59a40000 - 0x00007ffc59a67000 	C:\Windows\SYSTEM32\ncrypt.dll
0x00007ffc59a00000 - 0x00007ffc59a3b000 	C:\Windows\SYSTEM32\NTASN1.dll
0x00007ffc33480000 - 0x00007ffc33487000 	C:\Windows\system32\wshunix.dll

JVMTI agents:
C:\Users\DELL\.gradle\wrapper\dists\gradle-9.3.1-bin\23ovyewtku6u96viwx3xl3oks\gradle-9.3.1\lib\agents\gradle-instrumentation-agent-9.3.1.jar path:C:\Users\DELL\.antigravity\extensions\redhat.java-1.53.0-win32-x64\jre\21.0.10-win32-x86_64\bin\instrument.dll, loaded, initialized, instrumentlib options:none

dbghelp: loaded successfully - version: 4.0.5 - missing functions: none
symbol engine: initialized successfully - sym options: 0x614 - pdb path: .;C:\Users\DELL\.antigravity\extensions\redhat.java-1.53.0-win32-x64\jre\21.0.10-win32-x86_64\bin;C:\Windows\SYSTEM32;C:\Windows\WinSxS\amd64_microsoft.windows.common-controls_6595b64144ccf1df_6.0.19041.6456_none_60b8a6cb71f64256;C:\Users\DELL\.antigravity\extensions\redhat.java-1.53.0-win32-x64\jre\21.0.10-win32-x86_64\bin\server;C:\Users\DELL\.gradle\native\660c5614fbf4a5f2a75b1949f50a0caf5cd603558e7d8a26e50b933a0cfb79d1\windows-amd64;C:\Users\DELL\.gradle\native\0.2.8\x86_64-windows-gnu

VM Arguments:
jvm_args: --add-opens=java.base/java.lang=ALL-UNNAMED --add-opens=java.base/java.lang.invoke=ALL-UNNAMED --add-opens=java.base/java.util=ALL-UNNAMED --add-opens=java.prefs/java.util.prefs=ALL-UNNAMED --add-exports=jdk.compiler/com.sun.tools.javac.api=ALL-UNNAMED --add-exports=jdk.compiler/com.sun.tools.javac.util=ALL-UNNAMED --add-opens=java.base/java.util=ALL-UNNAMED --add-opens=java.prefs/java.util.prefs=ALL-UNNAMED --add-opens=java.base/java.nio.charset=ALL-UNNAMED --add-opens=java.base/java.net=ALL-UNNAMED --add-opens=java.base/java.util.concurrent=ALL-UNNAMED --add-opens=java.base/java.util.concurrent.atomic=ALL-UNNAMED --add-opens=java.xml/javax.xml.namespace=ALL-UNNAMED --add-opens=java.base/java.time=ALL-UNNAMED -XX:MaxMetaspaceSize=512m -Xmx1024m -Dfile.encoding=UTF-8 -Duser.country=IN -Duser.language=en -Duser.variant -javaagent:C:\Users\DELL\.gradle\wrapper\dists\gradle-9.3.1-bin\23ovyewtku6u96viwx3xl3oks\gradle-9.3.1\lib\agents\gradle-instrumentation-agent-9.3.1.jar 
java_command: org.gradle.launcher.daemon.bootstrap.GradleDaemon 9.3.1
java_class_path (initial): C:\Users\DELL\.gradle\wrapper\dists\gradle-9.3.1-bin\23ovyewtku6u96viwx3xl3oks\gradle-9.3.1\lib\gradle-daemon-main-9.3.1.jar
Launcher Type: SUN_STANDARD

[Global flags]
     intx CICompilerCount                          = 3                                         {product} {ergonomic}
   size_t CompressedClassSpaceSize                 = 436207616                                 {product} {ergonomic}
     uint ConcGCThreads                            = 1                                         {product} {ergonomic}
     uint G1ConcRefinementThreads                  = 4                                         {product} {ergonomic}
   size_t G1HeapRegionSize                         = 1048576                                   {product} {ergonomic}
    uintx GCDrainStackTargetSize                   = 64                                        {product} {ergonomic}
   size_t InitialHeapSize                          = 65011712                                  {product} {ergonomic}
   size_t MarkStackSize                            = 4194304                                   {product} {ergonomic}
   size_t MaxHeapSize                              = 1073741824                                {product} {command line}
   size_t MaxMetaspaceSize                         = 536870912                                 {product} {command line}
   size_t MaxNewSize                               = 643825664                                 {product} {ergonomic}
   size_t MinHeapDeltaBytes                        = 1048576                                   {product} {ergonomic}
   size_t MinHeapSize                              = 8388608                                   {product} {ergonomic}
    uintx NonNMethodCodeHeapSize                   = 5832780                                {pd product} {ergonomic}
    uintx NonProfiledCodeHeapSize                  = 122912730                              {pd product} {ergonomic}
    uintx ProfiledCodeHeapSize                     = 122912730                              {pd product} {ergonomic}
    uintx ReservedCodeCacheSize                    = 251658240                              {pd product} {ergonomic}
     bool SegmentedCodeCache                       = true                                      {product} {ergonomic}
   size_t SoftMaxHeapSize                          = 1073741824                             {manageable} {ergonomic}
     bool UseCompressedOops                        = true                           {product lp64_product} {ergonomic}
     bool UseG1GC                                  = true                                      {product} {ergonomic}
     bool UseLargePagesIndividualAllocation        = false                                  {pd product} {ergonomic}

Logging:
Log output configuration:
 #0: stdout all=warning uptime,level,tags foldmultilines=false
 #1: stderr all=off uptime,level,tags foldmultilines=false

Release file:
JAVA_VERSION="21.0.10" 
MODULES="java.base java.compiler java.datatransfer java.xml java.prefs java.desktop java.instrument java.logging java.management java.security.sasl java.naming java.rmi java.management.rmi java.net.http java.scripting java.security.jgss java.transaction.xa java.sql java.sql.rowset java.xml.crypto java.se java.smartcardio jdk.accessibility jdk.internal.jvmstat jdk.attach jdk.charsets jdk.internal.opt jdk.zipfs jdk.compiler jdk.crypto.ec jdk.crypto.cryptoki jdk.crypto.mscapi jdk.dynalink jdk.internal.ed jdk.editpad jdk.hotspot.agent jdk.httpserver jdk.internal.le jdk.internal.vm.ci jdk.internal.vm.compiler jdk.internal.vm.compiler.management jdk.jartool jdk.javadoc jdk.jcmd jdk.management jdk.management.agent jdk.jconsole jdk.jdeps jdk.jdwp.agent jdk.jdi jdk.jfr jdk.jshell jdk.jsobject jdk.jstatd jdk.localedata jdk.management.jfr jdk.naming.dns jdk.naming.rmi jdk.net jdk.nio.mapmode jdk.random jdk.sctp jdk.security.auth jdk.security.jgss jdk.unsupported jdk.unsupported.desktop jdk.xml.dom" 

Environment Variables:
PATH=C:\Program Files\OpenLogic\jdk-22.0.2.9-hotspot\bin;C:\Windows\system32;C:\Windows;C:\Windows\System32\Wbem;C:\Windows\System32\WindowsPowerShell\v1.0\;C:\Windows\System32\OpenSSH\;C:\Program Files\dotnet\;C:\MinGW\bin;C:\Program Files\Git\cmd;C:\Users\DELL\AppData\Roaming\nvm;C:\Program Files\nodejs;C:\ProgramData\chocolatey\bin;C:\Program Files\nodejs\;C:\Users\DELL\AppData\Local\Programs\Python\Python313\Scripts;C:\Users\DELL\AppData\Local\Programs\Python\Python313\;C:\platform-tools;C:\MinGW\bin;C:\MinGW\bin;C:\Program Files\MySQL\MySQL Server 8.0\bin;C:\Users\DELL\AppData\Local\Programs\Python\Python310\Scripts\;C:\Users\DELL\AppData\Local\Programs\Python\Python310\;C:\Users\DELL\AppData\Local\Programs\Python\Python313\Scripts\;C:\Users\DELL\AppData\Local\Programs\Python\Python313\;C:\Users\DELL\AppData\Local\Programs\Python\Launcher\;C:\Users\DELL\AppData\Local\Microsoft\WindowsApps;C:\Users\DELL\AppData\Local\Programs\Microsoft VS Code\bin;C:\Users\DELL\AppData\Roaming\nvm;C:\Program Files\nodejs;C:\Users\DELL\AppData\Roaming\npm;C:\Program Files\heroku\bin;C:\Users\DELL\.dotnet\tools;C:\Users\DELL\Downloads\x64;C:\Users\DELL\AppData\Local\Programs\Python\Python310\;C:\Users\DELL\AppData\Local\Programs\Antigravity\bin
USERNAME=DELL
OS=Windows_NT
PROCESSOR_IDENTIFIER=Intel64 Family 6 Model 126 Stepping 5, GenuineIntel
TMP=C:\Users\DELL\AppData\Local\Temp
TEMP=C:\Users\DELL\AppData\Local\Temp




Periodic native trim disabled

---------------  S Y S T E M  ---------------

OS:
 Windows 10 , 64 bit Build 19041 (10.0.19041.5915)
OS uptime: 3 days 3:59 hours
Hyper-V role detected

CPU: total 4 (initial active 4) (2 cores per cpu, 2 threads per core) family 6 model 126 stepping 5 microcode 0xca, cx8, cmov, fxsr, ht, mmx, 3dnowpref, sse, sse2, sse3, ssse3, sse4.1, sse4.2, popcnt, lzcnt, tsc, tscinvbit, avx, avx2, aes, erms, clmul, bmi1, bmi2, adx, avx512f, avx512dq, avx512cd, avx512bw, avx512vl, sha, fma, vzeroupper, avx512_vpopcntdq, avx512_vpclmulqdq, avx512_vaes, avx512_vnni, clflush, clflushopt, avx512_vbmi2, avx512_vbmi, hv, rdtscp, rdpid, fsrm, gfni, avx512_bitalg, f16c, avx512_ifma
Processor Information for the first 4 processors :
  Max Mhz: 1190, Current Mhz: 1190, Mhz Limit: 1190

Memory: 4k page, system-wide physical 3862M (270M free)
TotalPageFile size 12054M (AvailPageFile size 414M)
current process WorkingSet (physical memory assigned to process): 338M, peak: 343M
current process commit charge ("private bytes"): 478M, peak: 478M

vm_info: OpenJDK 64-Bit Server VM (21.0.10+7-LTS) for windows-amd64 JRE (21.0.10+7-LTS), built on 2026-01-20T00:00:00Z by "admin" with MS VC++ 17.12 (VS2022)

END.
