version 2
JvmtiExport can_access_local_variables 0
JvmtiExport can_hotswap_or_post_breakpoint 0
JvmtiExport can_post_on_exceptions 0
# 444 ciObject found
instanceKlass org/jetbrains/kotlin/metadata/ProtoBuf$Type
ciInstanceKlass java/lang/Cloneable 1 0 7 100 1 100 1 1 1
instanceKlass org/jetbrains/kotlin/fir/scopes/CallableCopyTypeCalculator
instanceKlass org/jetbrains/kotlin/fir/resolve/transformers/ReturnTypeCalculatorForFullBodyResolve$Companion
instanceKlass org/jetbrains/kotlin/fir/resolve/transformers/ReturnTypeCalculator
instanceKlass org/jetbrains/kotlin/resolve/calls/mpp/ExpectActualMatchingContext$Companion
instanceKlass org/jetbrains/kotlin/fir/resolve/transformers/mpp/FirExpectActualMatchingContextImpl
instanceKlass org/jetbrains/kotlin/fir/FirExpectActualMatchingContext
instanceKlass org/jetbrains/kotlin/resolve/calls/mpp/ExpectActualMatchingContext
instanceKlass org/jetbrains/kotlin/fir/FirExpectActualMatchingContextKt
instanceKlass org/jetbrains/kotlin/fir/LanguageVersionUtilsKt
instanceKlass org/jetbrains/kotlin/fir/extensions/FirStatusTransformerExtensionKt
instanceKlass org/jetbrains/kotlin/fir/resolve/transformers/FirStatusResolver$Companion
instanceKlass org/jetbrains/kotlin/fir/resolve/transformers/FirStatusResolver
instanceKlass kotlin/collections/MutableMapWithDefaultImpl
instanceKlass kotlin/collections/MutableMapWithDefault
# instanceKlass org/jetbrains/kotlin/fir/resolve/transformers/StatusComputationSession$$Lambda+0x000002c314d06848
instanceKlass org/jetbrains/kotlin/fir/resolve/transformers/StatusComputationSession
instanceKlass kotlin/collections/ReversedListReadOnly$listIterator$1
instanceKlass kotlin/collections/ArrayDeque$Companion
instanceKlass org/jetbrains/kotlin/fir/extensions/FirSupertypeGenerationExtensionKt
instanceKlass org/jetbrains/kotlin/fir/resolve/SupertypeSupplier
instanceKlass org/jetbrains/kotlin/fir/resolve/transformers/SupertypeComputationSession
instanceKlass org/jetbrains/kotlin/fir/extensions/FirSwitchableExtensionDeclarationsSymbolProviderKt
instanceKlass org/jetbrains/kotlin/fir/resolve/transformers/FirResolveProcessor
instanceKlass org/jetbrains/kotlin/fir/resolve/transformers/FirTotalResolveProcessorKt$WhenMappings
instanceKlass org/jetbrains/kotlin/fir/resolve/transformers/FirTotalResolveProcessorKt
instanceKlass org/jetbrains/kotlin/fir/resolve/transformers/FirTotalResolveProcessor
instanceKlass org/jetbrains/kotlin/fir/pipeline/AnalyseKt
instanceKlass org/jetbrains/kotlin/utils/SortUtilsKt
instanceKlass  @bci org/jetbrains/kotlin/scripting/compiler/plugin/impl/ScriptJvmCompilerImplsKt doCompileWithK2 (Lorg/jetbrains/kotlin/scripting/compiler/plugin/impl/SharedScriptCompilationContext;Lkotlin/script/experimental/api/SourceCode;Ljava/util/List;Ljava/util/List;Lorg/jetbrains/kotlin/scripting/compiler/plugin/impl/ScriptDiagnosticsMessageCollector;Lkotlin/jvm/functions/Function1;)Lkotlin/script/experimental/api/ResultWithDiagnostics; 948 <appendix> member <vmtarget> ; # org/jetbrains/kotlin/scripting/compiler/plugin/impl/ScriptJvmCompilerImplsKt$$Lambda+0x000002c314cfadb8
instanceKlass org/jetbrains/kotlin/scripting/compiler/plugin/impl/ScriptJvmCompilerImplsKt$doCompileWithK2$orderedRawFir$1
instanceKlass org/jetbrains/kotlin/fir/resolve/providers/impl/FirProviderImplKt$sam$java_util_function_BiFunction$0
instanceKlass org/jetbrains/kotlin/fir/resolve/providers/impl/FirProviderImpl$FirRecorder$registerCallable$1
instanceKlass org/jetbrains/kotlin/fir/FirNameConflictsTrackerComponentKt
instanceKlass org/jetbrains/kotlin/fir/resolve/providers/impl/FirProviderImpl$FirRecorderData
instanceKlass  @bci org/jetbrains/kotlin/fir/resolve/providers/impl/FirProviderImpl recordFile (Lorg/jetbrains/kotlin/fir/declarations/FirFile;Lorg/jetbrains/kotlin/fir/resolve/providers/impl/FirProviderImpl$State;)V 31 <appendix> argL0 ; # org/jetbrains/kotlin/fir/resolve/providers/impl/FirProviderImpl$$Lambda+0x000002c314cf9358
instanceKlass  @bci org/jetbrains/kotlin/fir/resolve/providers/impl/FirProviderImpl recordFile (Lorg/jetbrains/kotlin/fir/declarations/FirFile;Lorg/jetbrains/kotlin/fir/resolve/providers/impl/FirProviderImpl$State;)V 19 <appendix> member <vmtarget> ; # org/jetbrains/kotlin/fir/resolve/providers/impl/FirProviderImpl$$Lambda+0x000002c314cf9128
instanceKlass  @bci org/jetbrains/kotlin/fir/resolve/providers/impl/FirProviderImpl recordFile (Lorg/jetbrains/kotlin/fir/declarations/FirFile;Lorg/jetbrains/kotlin/fir/resolve/providers/impl/FirProviderImpl$State;)V 14 <appendix> argL0 ; # org/jetbrains/kotlin/fir/resolve/providers/impl/FirProviderImpl$$Lambda+0x000002c314cf8f10
instanceKlass org/jetbrains/kotlin/fir/declarations/impl/FirDefaultPropertyAccessorKt
instanceKlass  @bci org/jetbrains/kotlin/fir/declarations/DeclarationUtilsKt constructors (Lorg/jetbrains/kotlin/fir/declarations/FirClass;Lorg/jetbrains/kotlin/fir/FirSession;)Ljava/util/List; 30 <appendix> member <vmtarget> ; # org/jetbrains/kotlin/fir/declarations/DeclarationUtilsKt$$Lambda+0x000002c314cf6bf0
instanceKlass  @bci org/jetbrains/kotlin/fir/scopes/impl/FirClassDeclaredMemberScopeImpl <init> (Lorg/jetbrains/kotlin/fir/FirSession;Lorg/jetbrains/kotlin/fir/declarations/FirClass;Ljava/util/List;)V 95 <appendix> member <vmtarget> ; # org/jetbrains/kotlin/fir/scopes/impl/FirClassDeclaredMemberScopeImpl$$Lambda+0x000002c314cf69d0
instanceKlass  @bci org/jetbrains/kotlin/fir/scopes/impl/FirNestedClassifierScopeImpl <init> (Lorg/jetbrains/kotlin/fir/declarations/FirClass;Lorg/jetbrains/kotlin/fir/FirSession;)V 23 <appendix> member <vmtarget> ; # org/jetbrains/kotlin/fir/scopes/impl/FirNestedClassifierScopeImpl$$Lambda+0x000002c314cf6138
instanceKlass org/jetbrains/kotlin/fir/declarations/utils/FirDeclarationUtilKt
instanceKlass org/jetbrains/kotlin/fir/scopes/impl/FirDeclaredMemberScopeProviderKt
instanceKlass org/jetbrains/kotlin/util/WeakPair
instanceKlass org/jetbrains/kotlin/fir/resolve/LookupTagUtilsKt
instanceKlass org/jetbrains/kotlin/utils/SmartList$SingletonIteratorBase
instanceKlass org/jetbrains/kotlin/cli/jvm/compiler/KotlinCliJavaFileManagerImpl$WhenMappings
instanceKlass  @bci org/jetbrains/kotlin/cli/jvm/compiler/KotlinCliJavaFileManagerImpl findVirtualFileForTopLevelClass (Lorg/jetbrains/kotlin/name/ClassId;Lorg/jetbrains/kotlin/com/intellij/psi/search/GlobalSearchScope;)Lorg/jetbrains/kotlin/com/intellij/openapi/vfs/VirtualFile; 139 <appendix> member <vmtarget> ; # org/jetbrains/kotlin/cli/jvm/compiler/KotlinCliJavaFileManagerImpl$$Lambda+0x000002c314cf46c8
instanceKlass  @bci org/jetbrains/kotlin/progress/ProgressIndicatorAndCompilationCanceledStatus <clinit> ()V 10 <appendix> argL0 ; # org/jetbrains/kotlin/progress/ProgressIndicatorAndCompilationCanceledStatus$$Lambda+0x000002c314cf3ea0
instanceKlass org/jetbrains/kotlin/progress/CompilationCanceledStatus
instanceKlass org/jetbrains/kotlin/progress/ProgressIndicatorAndCompilationCanceledStatus
instanceKlass org/jetbrains/kotlin/load/java/JavaClassFinder$Request
instanceKlass org/jetbrains/kotlin/util/WeakPairKt
instanceKlass org/jetbrains/kotlin/fir/resolve/TypeExpansionUtilsKt
instanceKlass org/jetbrains/kotlin/fir/resolve/ToSymbolUtilsKt
instanceKlass org/jetbrains/kotlin/fir/analysis/checkers/FirHelpersKt
instanceKlass org/jetbrains/kotlin/fir/declarations/builder/FirScriptReceiverParameterBuilder
instanceKlass org/jetbrains/kotlin/metadata/jvm/deserialization/JvmFlags
instanceKlass org/jetbrains/kotlin/fir/declarations/FirValueClassRepresentationKt
instanceKlass org/jetbrains/kotlin/fir/declarations/ValueClassesUtilsKt
instanceKlass org/jetbrains/kotlin/serialization/deserialization/ValueClassUtilKt
instanceKlass  @bci org/jetbrains/kotlin/fir/deserialization/ClassDeserializationKt deserializeClassToSymbol (Lorg/jetbrains/kotlin/name/ClassId;Lorg/jetbrains/kotlin/metadata/ProtoBuf$Class;Lorg/jetbrains/kotlin/fir/symbols/impl/FirRegularClassSymbol;Lorg/jetbrains/kotlin/metadata/deserialization/NameResolver;Lorg/jetbrains/kotlin/fir/FirSession;Lorg/jetbrains/kotlin/fir/FirModuleData;Lorg/jetbrains/kotlin/fir/deserialization/AbstractAnnotationDeserializer;Lorg/jetbrains/kotlin/fir/deserialization/FirTypeDeserializer$FlexibleTypeFactory;Lorg/jetbrains/kotlin/fir/scopes/FirScopeProvider;Lorg/jetbrains/kotlin/serialization/SerializerExtensionProtocol;Lorg/jetbrains/kotlin/fir/deserialization/FirDeserializationContext;Lorg/jetbrains/kotlin/serialization/deserialization/descriptors/DeserializedContainerSource;Lorg/jetbrains/kotlin/fir/declarations/FirDeclarationOrigin;Lkotlin/jvm/functions/Function2;Lkotlin/jvm/functions/Function2;)V 2849 <appendix> member <vmtarget> ; # org/jetbrains/kotlin/fir/deserialization/ClassDeserializationKt$$Lambda+0x000002c314cf07a0
instanceKlass org/jetbrains/kotlin/builtins/CompanionObjectMapping
instanceKlass org/jetbrains/kotlin/builtins/jvm/JavaToKotlinClassMap$PlatformMutabilityMapping
instanceKlass org/jetbrains/kotlin/builtins/jvm/JavaToKotlinClassMap
instanceKlass org/jetbrains/kotlin/builtins/jvm/JvmBuiltInsSignatures
instanceKlass org/jetbrains/kotlin/fir/declarations/builder/FirPrimaryConstructorBuilder
instanceKlass org/jetbrains/kotlin/fir/declarations/builder/FirAbstractConstructorBuilder
instanceKlass org/jetbrains/kotlin/fir/scopes/impl/FirAbstractImportingScopeKt
instanceKlass org/jetbrains/kotlin/fir/declarations/DeclarationUtilsKt
instanceKlass org/jetbrains/kotlin/fir/declarations/utils/DeclarationAttributesKt
instanceKlass org/jetbrains/kotlin/fir/ClassMembersKt
instanceKlass org/jetbrains/kotlin/fir/declarations/impl/FirDefaultPropertyAccessor$Companion
instanceKlass org/jetbrains/kotlin/load/kotlin/MemberSignature$Companion
instanceKlass org/jetbrains/kotlin/load/kotlin/MemberSignature
instanceKlass org/jetbrains/kotlin/metadata/jvm/deserialization/JvmMemberSignature
instanceKlass org/jetbrains/kotlin/metadata/jvm/deserialization/ClassMapperLite
instanceKlass org/jetbrains/kotlin/load/kotlin/AbstractBinaryClassAnnotationLoaderKt
instanceKlass org/jetbrains/kotlin/util/capitalizeDecapitalize/CapitalizeDecapitalizeKt
instanceKlass org/jetbrains/kotlin/fir/declarations/builder/FirPropertyBuilder
instanceKlass org/jetbrains/kotlin/fir/declarations/builder/FirVariableBuilder
instanceKlass org/jetbrains/kotlin/metadata/SerializationPluginMetadataExtensions
instanceKlass org/jetbrains/kotlin/fir/declarations/utils/FirDeclarationBuildingUtilsKt
instanceKlass  @bci org/jetbrains/kotlin/fir/resolve/transformers/PublishedApiEffectiveVisibilityKt setLazyPublishedVisibility (Lorg/jetbrains/kotlin/fir/declarations/FirMemberDeclaration;ZLorg/jetbrains/kotlin/fir/declarations/FirProperty;Lorg/jetbrains/kotlin/fir/FirSession;)V 20 <appendix> member <vmtarget> ; # org/jetbrains/kotlin/fir/resolve/transformers/PublishedApiEffectiveVisibilityKt$$Lambda+0x000002c314ce46e8
instanceKlass org/jetbrains/kotlin/fir/resolve/transformers/PublishedApiEffectiveVisibilityKt
instanceKlass org/jetbrains/kotlin/fir/declarations/FirVersionRequirementsTableKeyKt
instanceKlass org/jetbrains/kotlin/fir/declarations/DeprecationAnnotationInfoPerUseSiteStorage
instanceKlass org/jetbrains/kotlin/fir/declarations/DeprecationAnnotationInfoPerUseSiteStorageBuilder
instanceKlass org/jetbrains/kotlin/fir/declarations/FirAnnotationsPlatformSpecificSupportComponentKt
instanceKlass org/jetbrains/kotlin/fir/declarations/DeprecationUtilsKt
instanceKlass org/jetbrains/kotlin/mpp/ValueParameterSymbolMarker
instanceKlass org/jetbrains/kotlin/fir/types/ConeTypeUtilsKt$WhenMappings
instanceKlass org/jetbrains/kotlin/fir/types/ConeTypeUtilsKt
instanceKlass org/jetbrains/kotlin/fir/types/FirTypeUtilsKt
instanceKlass org/jetbrains/kotlin/fir/expressions/builder/FirAnnotationArgumentMappingBuilder
instanceKlass org/jetbrains/kotlin/fir/symbols/FirLazyDeclarationResolverKt
instanceKlass org/jetbrains/kotlin/fir/expressions/builder/FirAnnotationBuilder
instanceKlass org/jetbrains/kotlin/fir/declarations/builder/FirValueParameterBuilder
instanceKlass org/jetbrains/kotlin/fir/types/CustomAnnotationTypeAttributeKt
instanceKlass org/jetbrains/kotlin/types/model/TypeParameterMarker
instanceKlass org/jetbrains/kotlin/fir/CopyUtilsKt
instanceKlass org/jetbrains/kotlin/metadata/deserialization/ProtoTypeTableUtilKt
instanceKlass org/jetbrains/kotlin/fir/deserialization/FirDeserializationUtilsKt
instanceKlass org/jetbrains/kotlin/metadata/deserialization/VersionRequirement$Companion
instanceKlass org/jetbrains/kotlin/metadata/deserialization/VersionRequirement
instanceKlass org/jetbrains/kotlin/fir/resolve/ScopeSessionKey
instanceKlass org/jetbrains/kotlin/fir/resolve/ScopeUtilsKt
instanceKlass org/jetbrains/kotlin/descriptors/EffectiveVisibility$WhenMappings
instanceKlass  @bci org/jetbrains/kotlin/fir/deserialization/FirMemberDeserializerKt toLazyEffectiveVisibility (Lorg/jetbrains/kotlin/descriptors/Visibility;Lorg/jetbrains/kotlin/fir/symbols/impl/FirClassLikeSymbol;Lorg/jetbrains/kotlin/fir/FirSession;Z)Lkotlin/Lazy; 19 <appendix> member <vmtarget> ; # org/jetbrains/kotlin/fir/deserialization/FirMemberDeserializerKt$$Lambda+0x000002c314cdb630
instanceKlass org/jetbrains/kotlin/fir/deserialization/FirMemberDeserializerKt
instanceKlass org/jetbrains/kotlin/serialization/deserialization/ProtoEnumFlags$WhenMappings
instanceKlass org/jetbrains/kotlin/serialization/deserialization/ProtoEnumFlags
instanceKlass org/jetbrains/kotlin/metadata/ProtoBuf$MemberKind$1
instanceKlass org/jetbrains/kotlin/metadata/ProtoBuf$Class$Kind$1
instanceKlass org/jetbrains/kotlin/metadata/ProtoBuf$Modality$1
instanceKlass org/jetbrains/kotlin/metadata/ProtoBuf$Visibility$1
instanceKlass org/jetbrains/kotlin/metadata/deserialization/Flags$FlagField
instanceKlass org/jetbrains/kotlin/metadata/deserialization/Flags
instanceKlass org/jetbrains/kotlin/fir/declarations/FirDeclarationDataRegistry$DeclarationDataAccessor
instanceKlass org/jetbrains/kotlin/fir/declarations/FirDeclarationDataKey
instanceKlass org/jetbrains/kotlin/fir/deserialization/ClassDeserializationKt
instanceKlass org/jetbrains/kotlin/load/kotlin/KotlinJvmBinarySourceElement
instanceKlass org/jetbrains/kotlin/fir/deserialization/AbstractFirDeserializedSymbolProvider$ClassMetadataFindResult
instanceKlass org/jetbrains/kotlin/fir/resolve/providers/FirSymbolNamesProviderKt
instanceKlass org/jetbrains/kotlin/serialization/deserialization/ClassData
instanceKlass org/jetbrains/kotlin/fir/resolve/providers/impl/FirBuiltinSymbolProvidersKt
instanceKlass org/jetbrains/kotlin/metadata/ProtoBuf$VersionRequirement$VersionKind$1
instanceKlass org/jetbrains/kotlin/metadata/ProtoBuf$VersionRequirement$Level$1
instanceKlass org/jetbrains/kotlin/metadata/ProtoBuf$VersionRequirementOrBuilder
instanceKlass org/jetbrains/kotlin/load/kotlin/FileBasedKotlinClass$OuterAndInnerName
instanceKlass  @bci org/jetbrains/kotlin/fir/deserialization/PackagePartsCacheData <init> (Lorg/jetbrains/kotlin/metadata/ProtoBuf$Package;Lorg/jetbrains/kotlin/fir/deserialization/FirDeserializationContext;Lorg/jetbrains/kotlin/fir/deserialization/PackagePartsCacheData$Extra;)V 59 <appendix> member <vmtarget> ; # org/jetbrains/kotlin/fir/deserialization/PackagePartsCacheData$$Lambda+0x000002c314cd4ab0
instanceKlass  @bci org/jetbrains/kotlin/fir/deserialization/PackagePartsCacheData <init> (Lorg/jetbrains/kotlin/metadata/ProtoBuf$Package;Lorg/jetbrains/kotlin/fir/deserialization/FirDeserializationContext;Lorg/jetbrains/kotlin/fir/deserialization/PackagePartsCacheData$Extra;)V 46 <appendix> member <vmtarget> ; # org/jetbrains/kotlin/fir/deserialization/PackagePartsCacheData$$Lambda+0x000002c314cd4890
instanceKlass  @bci org/jetbrains/kotlin/fir/deserialization/PackagePartsCacheData <init> (Lorg/jetbrains/kotlin/metadata/ProtoBuf$Package;Lorg/jetbrains/kotlin/fir/deserialization/FirDeserializationContext;Lorg/jetbrains/kotlin/fir/deserialization/PackagePartsCacheData$Extra;)V 33 <appendix> member <vmtarget> ; # org/jetbrains/kotlin/fir/deserialization/PackagePartsCacheData$$Lambda+0x000002c314cd4670
instanceKlass org/jetbrains/kotlin/serialization/deserialization/ProtoBufContractDeserializer
instanceKlass org/jetbrains/kotlin/fir/deserialization/FirMemberDeserializer
instanceKlass org/jetbrains/kotlin/fir/deserialization/FirTypeDeserializer
instanceKlass org/jetbrains/kotlin/metadata/deserialization/VersionRequirementTable$Companion
instanceKlass org/jetbrains/kotlin/metadata/deserialization/VersionRequirementTable
instanceKlass org/jetbrains/kotlin/metadata/deserialization/TypeTable
instanceKlass org/jetbrains/kotlin/fir/deserialization/FirConstDeserializer
instanceKlass org/jetbrains/kotlin/fir/java/deserialization/JvmClassFileBasedSymbolProvider$JavaAwareFlexibleTypeFactory
instanceKlass org/jetbrains/kotlin/fir/deserialization/FirTypeDeserializer$FlexibleTypeFactory
instanceKlass  @bci org/jetbrains/kotlin/fir/java/deserialization/JvmBinaryAnnotationDeserializer <init> (Lorg/jetbrains/kotlin/fir/FirSession;Lorg/jetbrains/kotlin/load/kotlin/KotlinJvmBinaryClass;Lorg/jetbrains/kotlin/load/kotlin/KotlinClassFinder;[B)V 84 <appendix> member <vmtarget> ; # org/jetbrains/kotlin/fir/java/deserialization/JvmBinaryAnnotationDeserializer$$Lambda+0x000002c314cd2da0
instanceKlass org/jetbrains/kotlin/fir/java/deserialization/AnnotationsLoader
instanceKlass  @bci org/jetbrains/kotlin/fir/java/deserialization/JvmBinaryAnnotationDeserializer <init> (Lorg/jetbrains/kotlin/fir/FirSession;Lorg/jetbrains/kotlin/load/kotlin/KotlinJvmBinaryClass;Lorg/jetbrains/kotlin/load/kotlin/KotlinClassFinder;[B)V 51 <appendix> member <vmtarget> ; # org/jetbrains/kotlin/fir/java/deserialization/JvmBinaryAnnotationDeserializer$$Lambda+0x000002c314cd2978
instanceKlass org/jetbrains/kotlin/fir/java/deserialization/MemberAnnotations
instanceKlass org/jetbrains/kotlin/fir/deserialization/FirDeserializationContext$Companion
instanceKlass org/jetbrains/kotlin/fir/deserialization/PackagePartsCacheData
instanceKlass org/jetbrains/kotlin/metadata/jvm/deserialization/JvmNameResolverBase$WhenMappings
instanceKlass org/jetbrains/kotlin/metadata/deserialization/ProtoBufUtilKt
instanceKlass org/jetbrains/kotlin/serialization/deserialization/descriptors/PreReleaseInfo$Companion
instanceKlass org/jetbrains/kotlin/serialization/deserialization/descriptors/PreReleaseInfo
instanceKlass org/jetbrains/kotlin/load/kotlin/JvmPackagePartSource
instanceKlass org/jetbrains/kotlin/serialization/deserialization/descriptors/DeserializedContainerSource
instanceKlass org/jetbrains/kotlin/load/kotlin/FacadeClassSource
instanceKlass org/jetbrains/kotlin/metadata/jvm/deserialization/JvmNameResolverKt
instanceKlass org/jetbrains/kotlin/metadata/jvm/JvmProtoBuf$StringTableTypes$Record$Operation$1
instanceKlass org/jetbrains/kotlin/metadata/jvm/JvmProtoBuf$StringTableTypes$RecordOrBuilder
instanceKlass org/jetbrains/kotlin/metadata/jvm/JvmProtoBuf$StringTableTypesOrBuilder
instanceKlass kotlin/collections/IndexedValue
instanceKlass kotlin/collections/IndexingIterator
instanceKlass  @bci kotlin/collections/CollectionsKt___CollectionsKt withIndex (Ljava/lang/Iterable;)Ljava/lang/Iterable; 11 <appendix> member <vmtarget> ; # kotlin/collections/CollectionsKt___CollectionsKt$$Lambda+0x000002c314cce678
instanceKlass kotlin/collections/IndexingIterable
instanceKlass org/jetbrains/kotlin/metadata/jvm/deserialization/JvmNameResolverBase$Companion
instanceKlass org/jetbrains/kotlin/metadata/jvm/deserialization/JvmNameResolverBase
instanceKlass org/jetbrains/kotlin/metadata/jvm/deserialization/UtfEncodingKt
instanceKlass org/jetbrains/kotlin/metadata/jvm/deserialization/BitEncoding
instanceKlass org/jetbrains/kotlin/metadata/jvm/JvmProtoBuf$JvmFieldSignatureOrBuilder
instanceKlass org/jetbrains/kotlin/metadata/jvm/JvmProtoBuf$JvmPropertySignatureOrBuilder
instanceKlass org/jetbrains/kotlin/metadata/jvm/JvmProtoBuf$JvmMethodSignatureOrBuilder
instanceKlass org/jetbrains/kotlin/metadata/jvm/JvmProtoBuf
instanceKlass org/jetbrains/kotlin/metadata/jvm/deserialization/JvmProtoBufUtil
instanceKlass  @bci org/jetbrains/kotlin/fir/deserialization/LibraryPathFilter$LibraryList accepts (Ljava/nio/file/Path;)Z 17 <appendix> member <vmtarget> ; # org/jetbrains/kotlin/fir/deserialization/LibraryPathFilter$LibraryList$$Lambda+0x000002c314ccb720
instanceKlass org/jetbrains/kotlin/load/kotlin/PathHolder
instanceKlass org/jetbrains/kotlin/fir/java/deserialization/JvmClassFileBasedSymbolProvider$WhenMappings
instanceKlass org/jetbrains/kotlin/load/kotlin/header/ReadKotlinClassHeaderAnnotationVisitor$CollectStringArrayAnnotationVisitor
instanceKlass org/jetbrains/kotlin/load/kotlin/KotlinJvmBinaryClass$AnnotationArrayArgumentVisitor
instanceKlass org/jetbrains/kotlin/load/kotlin/header/ReadKotlinClassHeaderAnnotationVisitor$KotlinMetadataArgumentVisitor
instanceKlass org/jetbrains/kotlin/load/java/JvmAnnotationNames
instanceKlass org/jetbrains/kotlin/descriptors/SourceElement$1
instanceKlass org/jetbrains/kotlin/com/intellij/openapi/util/Ref
instanceKlass org/jetbrains/kotlin/load/kotlin/header/KotlinClassHeader$Kind$Companion
instanceKlass org/jetbrains/kotlin/load/kotlin/KotlinJvmBinaryClass$AnnotationArgumentVisitor
instanceKlass org/jetbrains/kotlin/load/kotlin/header/ReadKotlinClassHeaderAnnotationVisitor
instanceKlass org/jetbrains/kotlin/load/kotlin/KotlinJvmBinaryClass$AnnotationVisitor
instanceKlass  @bci org/jetbrains/kotlin/load/kotlin/VirtualFileKotlinClass$Factory create$lambda$0 (Lorg/jetbrains/kotlin/com/intellij/openapi/vfs/VirtualFile;[BLorg/jetbrains/kotlin/metadata/deserialization/MetadataVersion;)Lorg/jetbrains/kotlin/load/kotlin/KotlinClassFinder$Result; 122 <appendix> member <vmtarget> ; # org/jetbrains/kotlin/load/kotlin/VirtualFileKotlinClass$Factory$$Lambda+0x000002c314cc8e70
instanceKlass org/jetbrains/kotlin/load/kotlin/FileBasedKotlinClass$InnerClassesInfo
instanceKlass org/jetbrains/kotlin/load/kotlin/header/KotlinClassHeader
instanceKlass org/jetbrains/kotlin/util/PerformanceManagerKt
instanceKlass  @bci org/jetbrains/kotlin/load/kotlin/VirtualFileKotlinClass$Factory create$frontend_common_jvm (Lorg/jetbrains/kotlin/com/intellij/openapi/vfs/VirtualFile;Lorg/jetbrains/kotlin/metadata/deserialization/MetadataVersion;[BLorg/jetbrains/kotlin/util/PerformanceManager;)Lorg/jetbrains/kotlin/load/kotlin/KotlinClassFinder$Result; 20 <appendix> member <vmtarget> ; # org/jetbrains/kotlin/load/kotlin/VirtualFileKotlinClass$Factory$$Lambda+0x000002c314cc8630
instanceKlass org/jetbrains/kotlin/load/kotlin/VirtualFileKotlinClass$Factory
instanceKlass org/jetbrains/kotlin/load/kotlin/FileBasedKotlinClass
instanceKlass org/jetbrains/kotlin/load/kotlin/KotlinJvmBinaryClass
instanceKlass  @bci org/jetbrains/kotlin/load/kotlin/KotlinBinaryClassCache$Companion getKotlinBinaryClassOrClassFileContent (Lorg/jetbrains/kotlin/com/intellij/openapi/vfs/VirtualFile;Lorg/jetbrains/kotlin/metadata/deserialization/MetadataVersion;[BLorg/jetbrains/kotlin/util/PerformanceManager;)Lorg/jetbrains/kotlin/load/kotlin/KotlinClassFinder$Result; 126 <appendix> member <vmtarget> ; # org/jetbrains/kotlin/load/kotlin/KotlinBinaryClassCache$Companion$$Lambda+0x000002c314cc6b88
instanceKlass org/jetbrains/kotlin/load/kotlin/KotlinClassFinder$Result
instanceKlass org/jetbrains/kotlin/util/PerformanceManager
instanceKlass org/jetbrains/kotlin/load/kotlin/KotlinBinaryClassCache$RequestCache
instanceKlass  @bci org/jetbrains/kotlin/cli/jvm/compiler/CliVirtualFileFinder findBinaryOrSigClass (Lorg/jetbrains/kotlin/name/ClassId;Ljava/lang/String;Ljava/util/Set;)Lorg/jetbrains/kotlin/com/intellij/openapi/vfs/VirtualFile; 8 <appendix> member <vmtarget> ; # org/jetbrains/kotlin/cli/jvm/compiler/CliVirtualFileFinder$$Lambda+0x000002c314cc6340
instanceKlass org/jetbrains/kotlin/fir/java/FirJavaFacadeKt
instanceKlass org/jetbrains/kotlin/fir/caches/NullableMap$NullValue
instanceKlass org/jetbrains/kotlin/resolve/jvm/JvmClassName
instanceKlass org/jetbrains/kotlin/it/unimi/dsi/fastutil/objects/ObjectList
instanceKlass org/jetbrains/kotlin/it/unimi/dsi/fastutil/objects/ObjectOpenHashSet$a
instanceKlass  @bci org/jetbrains/kotlin/cli/jvm/compiler/KotlinCliJavaFileManagerImpl knownClassNamesInPackage (Lorg/jetbrains/kotlin/name/FqName;)Ljava/util/Set; 33 <appendix> member <vmtarget> ; # org/jetbrains/kotlin/cli/jvm/compiler/KotlinCliJavaFileManagerImpl$$Lambda+0x000002c314cc4570
instanceKlass  @bci org/jetbrains/kotlin/resolve/jvm/KotlinJavaPsiFacade calcFinders ()[Lorg/jetbrains/kotlin/resolve/jvm/KotlinJavaPsiFacade$KotlinPsiElementFinderWrapper; 149 <appendix> argL0 ; # org/jetbrains/kotlin/resolve/jvm/KotlinJavaPsiFacade$$Lambda+0x000002c314cc4168
instanceKlass org/jetbrains/kotlin/resolve/jvm/KotlinSafeClassFinder
instanceKlass org/jetbrains/kotlin/resolve/jvm/KotlinJavaPsiFacade$CliFinder
instanceKlass org/jetbrains/kotlin/fir/resolve/providers/FirCachedSymbolNamesProvider$topLevelClassifierNamesByPackage_delegate$lambda$0$$inlined$createCache$1
instanceKlass org/jetbrains/kotlin/fir/caches/FirCacheWithPostComputeKt
instanceKlass org/jetbrains/kotlin/scripting/compiler/plugin/services/FirScriptConfigurationExtensionImplKt
instanceKlass org/jetbrains/kotlin/fir/expressions/builder/FirAnonymousFunctionExpressionBuilder
instanceKlass org/jetbrains/kotlin/fir/UtilsKt
instanceKlass org/jetbrains/kotlin/fir/expressions/builder/FirPropertyAccessExpressionBuilder
instanceKlass  @bci org/jetbrains/kotlin/psi/psiUtil/KtPsiUtilKt <clinit> ()V 73 <appendix> argL0 ; # org/jetbrains/kotlin/psi/psiUtil/KtPsiUtilKt$$Lambda+0x000002c314cbe200
instanceKlass org/jetbrains/kotlin/psi/UserDataProperty
instanceKlass  @bci java/util/regex/CharPredicates range (II)Ljava/util/regex/Pattern$CharPredicate; 2 <appendix> member <vmtarget> ; # java/util/regex/CharPredicates$$Lambda+0x000002c31467a480
instanceKlass org/jetbrains/kotlin/psi/psiUtil/KtPsiUtilKt
instanceKlass org/jetbrains/kotlin/psi/psiUtil/PsiUtilsKt$siblings$1$iterator$1
instanceKlass org/jetbrains/kotlin/psi/psiUtil/PsiUtilsKt$siblings$1
instanceKlass org/jetbrains/kotlin/fir/expressions/builder/FirBlockBuilder
instanceKlass org/jetbrains/kotlin/fir/FirAbstractTarget
instanceKlass org/jetbrains/kotlin/fir/FirTarget
instanceKlass org/jetbrains/kotlin/fir/builder/FirLabelBuilder
instanceKlass org/jetbrains/kotlin/KtSourceElementKt
instanceKlass org/jetbrains/kotlin/fir/declarations/builder/FirReceiverParameterBuilder
instanceKlass org/jetbrains/kotlin/fir/expressions/FirOperation$Companion
instanceKlass org/jetbrains/kotlin/fir/builder/CharacterWithDiagnostic
instanceKlass org/jetbrains/kotlin/fir/builder/ConversionUtilsKt
instanceKlass kotlin/properties/NotNullVar
instanceKlass org/jetbrains/kotlin/fir/declarations/builder/FirAnonymousFunctionBuilder
instanceKlass  @bci org/jetbrains/kotlin/fir/builder/PsiRawFirBuilder$Visitor toFirExpression (Lorg/jetbrains/kotlin/psi/ValueArgument;)Lorg/jetbrains/kotlin/fir/expressions/FirExpression; 74 <appendix> member <vmtarget> ; # org/jetbrains/kotlin/fir/builder/PsiRawFirBuilder$Visitor$$Lambda+0x000002c314cb9460
instanceKlass org/jetbrains/kotlin/fir/builder/PsiRawFirBuilder$Visitor$buildOrLazyExpression$1
instanceKlass org/jetbrains/kotlin/com/google/common/collect/Lists
instanceKlass org/jetbrains/kotlin/fir/expressions/builder/FirArgumentListBuilder
instanceKlass org/jetbrains/kotlin/fir/expressions/builder/FirFunctionCallBuilder
instanceKlass org/jetbrains/kotlin/fir/expressions/builder/FirExpressionBuilder
instanceKlass org/jetbrains/kotlin/fir/builder/CalleeAndReceiver
instanceKlass org/jetbrains/kotlin/psi/KtPsiUtil
instanceKlass org/jetbrains/kotlin/psi/KtSimpleNameExpressionImpl$Companion
instanceKlass org/jetbrains/kotlin/fir/references/builder/FirSimpleNamedReferenceBuilder
instanceKlass org/jetbrains/kotlin/fir/declarations/builder/FirAnonymousInitializerBuilder
instanceKlass  @bci org/jetbrains/kotlin/fir/builder/AbstractRawFirBuilder convertScriptOrSnippets (Ljava/lang/Object;Lorg/jetbrains/kotlin/fir/declarations/builder/FirFileBuilder;)Lorg/jetbrains/kotlin/fir/declarations/FirDeclaration; 439 <appendix> member <vmtarget> ; # org/jetbrains/kotlin/fir/builder/AbstractRawFirBuilder$$Lambda+0x000002c314caf388
instanceKlass org/jetbrains/kotlin/fir/declarations/builder/FirScriptBuilder
instanceKlass org/jetbrains/kotlin/fir/builder/FirScriptConfiguratorExtensionKt
instanceKlass org/jetbrains/kotlin/fir/builder/FirReplSnippetConfiguratorExtensionKt
instanceKlass org/jetbrains/kotlin/psi/KtCodeFragmentBase
instanceKlass org/jetbrains/kotlin/com/intellij/psi/JavaCodeFragment
instanceKlass org/jetbrains/kotlin/com/intellij/psi/PsiCodeFragment
instanceKlass org/jetbrains/kotlin/fir/builder/FirPackageDirectiveBuilder
instanceKlass  @bci org/jetbrains/kotlin/KtPsiSourceFileLinesMapping <init> (Lorg/jetbrains/kotlin/com/intellij/psi/PsiFile;)V 17 <appendix> member <vmtarget> ; # org/jetbrains/kotlin/KtPsiSourceFileLinesMapping$$Lambda+0x000002c314cade38
instanceKlass org/jetbrains/kotlin/KtPsiSourceFileLinesMapping
instanceKlass org/jetbrains/kotlin/KtSourceFileLinesMapping
instanceKlass org/jetbrains/kotlin/KtPsiSourceElement$Companion
instanceKlass org/jetbrains/kotlin/AbstractKtSourceElement
instanceKlass org/jetbrains/kotlin/fir/declarations/builder/FirFileBuilder
instanceKlass org/jetbrains/kotlin/fir/builder/PsiRawFirBuilder$Visitor$WhenMappings
instanceKlass org/jetbrains/kotlin/fir/expressions/builder/FirAbstractFunctionCallBuilder
instanceKlass org/jetbrains/kotlin/fir/expressions/builder/FirQualifiedAccessExpressionBuilder
instanceKlass org/jetbrains/kotlin/fir/expressions/builder/FirCallBuilder
instanceKlass org/jetbrains/kotlin/fir/builder/DestructuringContext
instanceKlass org/jetbrains/kotlin/fir/builder/PsiRawFirBuilder$WhenMappings
instanceKlass org/jetbrains/kotlin/fir/builder/Context
instanceKlass org/jetbrains/kotlin/fir/builder/BodyBuildingMode$Companion
instanceKlass org/jetbrains/kotlin/fir/builder/AbstractRawFirBuilder$Companion
instanceKlass org/jetbrains/kotlin/fir/builder/AbstractRawFirBuilder
instanceKlass org/jetbrains/kotlin/fir/pipeline/FirUtilsKt
instanceKlass org/jetbrains/kotlin/scripting/compiler/plugin/services/FirScriptDefinitionProviderServiceKt
instanceKlass org/jetbrains/kotlin/cli/common/SessionWithSources
instanceKlass  @bci org/jetbrains/kotlin/cli/jvm/compiler/VfsBasedProjectEnvironment registerAsJavaElementFinder (Lorg/jetbrains/kotlin/fir/FirSession;)V 299 <appendix> member <vmtarget> ; # org/jetbrains/kotlin/cli/jvm/compiler/VfsBasedProjectEnvironment$$Lambda+0x000002c314ca9698
instanceKlass org/jetbrains/kotlin/fir/java/FirJavaElementFinder$fileCache$1
instanceKlass org/jetbrains/kotlin/fir/java/FirJavaElementFinderKt
instanceKlass org/jetbrains/kotlin/fir/resolve/providers/FirProviderKt
instanceKlass  @bci org/jetbrains/kotlin/com/intellij/openapi/extensions/impl/ExtensionPointImpl unregisterExtensions (Ljava/util/function/BiPredicate;Z)Z 46 <appendix> member <vmtarget> ; # org/jetbrains/kotlin/com/intellij/openapi/extensions/impl/ExtensionPointImpl$$Lambda+0x000002c314ca8ba0
instanceKlass  @bci org/jetbrains/kotlin/com/intellij/openapi/extensions/impl/ExtensionPointImpl unregisterExtension (Ljava/lang/Class;)V 14 <appendix> member <vmtarget> ; # org/jetbrains/kotlin/com/intellij/openapi/extensions/impl/ExtensionPointImpl$$Lambda+0x000002c314ca8710
instanceKlass org/jetbrains/kotlin/com/intellij/openapi/vfs/VirtualFileSetEx
instanceKlass org/jetbrains/kotlin/com/intellij/psi/search/impl/VirtualFileEnumeration$1
instanceKlass org/jetbrains/kotlin/KtPsiSourceFile
instanceKlass org/jetbrains/kotlin/KtSourceFile
instanceKlass  @bci org/jetbrains/kotlin/fir/java/JavaSymbolProvider <init> (Lorg/jetbrains/kotlin/fir/FirSession;Lorg/jetbrains/kotlin/fir/java/FirJavaFacade;)V 28 <appendix> member <vmtarget> ; # org/jetbrains/kotlin/fir/java/JavaSymbolProvider$$Lambda+0x000002c314ca7428
instanceKlass org/jetbrains/kotlin/fir/java/JavaSymbolProvider$ClassCacheContext
instanceKlass org/jetbrains/kotlin/fir/extensions/FirDeclarationGenerationExtensionKt
instanceKlass org/jetbrains/kotlin/fir/extensions/FirExtensionDeclarationsSymbolProvider$Companion
instanceKlass org/jetbrains/kotlin/fir/extensions/FirSwitchableExtensionDeclarationsSymbolProvider$Companion
instanceKlass org/jetbrains/kotlin/fir/session/FirAbstractSessionFactory$WhenMappings
instanceKlass org/jetbrains/kotlin/fir/session/StructuredProvidersKt
instanceKlass org/jetbrains/kotlin/fir/session/FirAbstractSessionFactory$computeDependencyProviderList$$inlined$sortedBy$1
instanceKlass org/jetbrains/kotlin/fir/analysis/extensions/FirAdditionalCheckersExtensionKt
instanceKlass org/jetbrains/kotlin/fir/extensions/FirAssignExpressionAltererExtension$Companion
instanceKlass  @bci org/jetbrains/kotlin/scripting/compiler/plugin/FirScriptingSamWithReceiverExtensionRegistrar$FirScriptSamWithReceiverConventionTransformer <init> (Lorg/jetbrains/kotlin/fir/FirSession;)V 13 <appendix> member <vmtarget> ; # org/jetbrains/kotlin/scripting/compiler/plugin/FirScriptingSamWithReceiverExtensionRegistrar$FirScriptSamWithReceiverConventionTransformer$$Lambda+0x000002c314ca5658
instanceKlass org/jetbrains/kotlin/fir/resolve/FirSamConversionTransformerExtension$Companion
instanceKlass org/jetbrains/kotlin/assignment/plugin/k2/FirAssignAnnotationMatchingService$cache$1
instanceKlass org/jetbrains/kotlin/fir/analysis/extensions/FirAdditionalCheckersExtension$Companion
instanceKlass  @bci kotlin/text/StringsKt__IndentKt getIndentFunction$StringsKt__IndentKt (Ljava/lang/String;)Lkotlin/jvm/functions/Function1; 21 <appendix> argL0 ; # kotlin/text/StringsKt__IndentKt$$Lambda+0x000002c314ca4838
instanceKlass kotlin/text/LinesIterator$State
instanceKlass kotlin/text/LinesIterator
instanceKlass kotlin/text/StringsKt__StringsKt$lineSequence$$inlined$Sequence$1
instanceKlass org/jetbrains/kotlin/fir/analysis/checkers/config/FirLanguageVersionSettingsChecker
instanceKlass  @bci org/jetbrains/kotlin/fir/analysis/diagnostics/jvm/FirJvmErrorsDefaultMessages <clinit> ()V 13 <appendix> argL0 ; # org/jetbrains/kotlin/fir/analysis/diagnostics/jvm/FirJvmErrorsDefaultMessages$$Lambda+0x000002c314ca33a0
instanceKlass org/jetbrains/kotlin/name/JvmStandardClassIds$Callables
instanceKlass org/jetbrains/kotlin/builtins/StandardNames$FqNames
instanceKlass org/jetbrains/kotlin/fir/analysis/checkers/expression/AbstractFirReflectionApiCallChecker$Companion
instanceKlass org/jetbrains/kotlin/load/kotlin/SignatureBuildingComponents
instanceKlass org/jetbrains/kotlin/load/java/SpecialGenericSignatures$Companion$NameAndSignature
instanceKlass org/jetbrains/kotlin/builtins/PrimitiveType$Companion
instanceKlass  @bci org/jetbrains/kotlin/builtins/PrimitiveType <init> (Ljava/lang/String;ILjava/lang/String;)V 73 <appendix> member <vmtarget> ; # org/jetbrains/kotlin/builtins/PrimitiveType$$Lambda+0x000002c314c97cb0
instanceKlass  @bci org/jetbrains/kotlin/builtins/PrimitiveType <init> (Ljava/lang/String;ILjava/lang/String;)V 57 <appendix> member <vmtarget> ; # org/jetbrains/kotlin/builtins/PrimitiveType$$Lambda+0x000002c314c97a90
instanceKlass org/jetbrains/kotlin/load/java/SpecialGenericSignatures$Companion
instanceKlass org/jetbrains/kotlin/load/java/SpecialGenericSignatures
instanceKlass  @bci org/jetbrains/kotlin/fir/builder/FirSyntaxErrorsDefaultMessages <clinit> ()V 12 <appendix> argL0 ; # org/jetbrains/kotlin/fir/builder/FirSyntaxErrorsDefaultMessages$$Lambda+0x000002c314c94d30
instanceKlass org/jetbrains/kotlin/diagnostics/KtDiagnosticFactoryForDeprecation
instanceKlass  @bci org/jetbrains/kotlin/fir/analysis/diagnostics/FirErrorsDefaultMessages <clinit> ()V 13 <appendix> argL0 ; # org/jetbrains/kotlin/fir/analysis/diagnostics/FirErrorsDefaultMessages$$Lambda+0x000002c314c934a0
instanceKlass org/jetbrains/kotlin/KtSourceElementKind
instanceKlass org/jetbrains/kotlin/mpp/PropertySymbolMarker
instanceKlass org/jetbrains/kotlin/fir/diagnostics/FirDiagnosticHolder
instanceKlass org/jetbrains/kotlin/fir/analysis/CheckersComponentKt
instanceKlass org/jetbrains/kotlin/fir/analysis/checkers/expression/FirMissingDependencyClassProxy
instanceKlass org/jetbrains/kotlin/fir/analysis/cfa/AbstractFirPropertyInitializationChecker
instanceKlass org/jetbrains/kotlin/fir/analysis/checkers/cfa/FirControlFlowChecker
instanceKlass org/jetbrains/kotlin/fir/analysis/checkers/declaration/FirValueClassDeclarationChecker$Companion
instanceKlass org/jetbrains/kotlin/fir/expressions/FirCall
instanceKlass org/jetbrains/kotlin/fir/expressions/FirResolvable
instanceKlass org/jetbrains/kotlin/fir/expressions/FirContextArgumentListOwner
instanceKlass org/jetbrains/kotlin/resolve/checkers/OptInNames
instanceKlass org/jetbrains/kotlin/fir/analysis/checkers/syntax/FirSyntaxChecker
instanceKlass org/jetbrains/kotlin/fir/checkers/CheckersContainersKt
instanceKlass org/jetbrains/kotlin/fir/resolve/providers/impl/FirProviderImpl$State
instanceKlass  @bci org/jetbrains/kotlin/fir/session/FirJvmSessionFactory createKotlinScopeProviderForSourceSession (Lorg/jetbrains/kotlin/fir/FirModuleData;Lorg/jetbrains/kotlin/config/LanguageVersionSettings;)Lorg/jetbrains/kotlin/fir/scopes/FirKotlinScopeProvider; 53 <appendix> member <vmtarget> ; # org/jetbrains/kotlin/fir/session/FirJvmSessionFactory$$Lambda+0x000002c314c63818
instanceKlass org/jetbrains/kotlin/fir/resolve/ScopeSession
instanceKlass org/jetbrains/kotlin/fir/java/FirJvmTargetProvider
instanceKlass org/jetbrains/kotlin/fir/resolve/transformers/mpp/FirExpectActualMatchingContextImpl$Factory
instanceKlass org/jetbrains/kotlin/fir/FirExpectActualMatchingContextFactory
instanceKlass org/jetbrains/kotlin/fir/session/SourcesToPathsMapper
instanceKlass org/jetbrains/kotlin/fir/FirModuleDataKt
instanceKlass org/jetbrains/kotlin/fir/FirModuleVisibilityChecker
instanceKlass org/jetbrains/kotlin/fir/FirNameConflictsTrackerComponent
instanceKlass org/jetbrains/kotlin/fir/analysis/checkers/LanguageVersionSettingsCheckers$Companion
instanceKlass org/jetbrains/kotlin/fir/analysis/checkers/LanguageVersionSettingsCheckers
instanceKlass  @bci org/jetbrains/kotlin/fir/analysis/checkers/type/ComposedTypeCheckers <init> (Lorg/jetbrains/kotlin/fir/analysis/checkers/MppCheckerKind;)V 8 <appendix> member <vmtarget> ; # org/jetbrains/kotlin/fir/analysis/checkers/type/ComposedTypeCheckers$$Lambda+0x000002c314c61970
instanceKlass  @bci org/jetbrains/kotlin/fir/analysis/checkers/type/TypeCheckers <init> ()V 73 <appendix> member <vmtarget> ; # org/jetbrains/kotlin/fir/analysis/checkers/type/TypeCheckers$$Lambda+0x000002c314c61750
instanceKlass  @bci org/jetbrains/kotlin/fir/analysis/checkers/type/TypeCheckers <init> ()V 60 <appendix> member <vmtarget> ; # org/jetbrains/kotlin/fir/analysis/checkers/type/TypeCheckers$$Lambda+0x000002c314c61530
instanceKlass  @bci org/jetbrains/kotlin/fir/analysis/checkers/type/TypeCheckers <init> ()V 47 <appendix> member <vmtarget> ; # org/jetbrains/kotlin/fir/analysis/checkers/type/TypeCheckers$$Lambda+0x000002c314c61310
instanceKlass  @bci org/jetbrains/kotlin/fir/analysis/checkers/type/TypeCheckers <init> ()V 34 <appendix> member <vmtarget> ; # org/jetbrains/kotlin/fir/analysis/checkers/type/TypeCheckers$$Lambda+0x000002c314c610f0
instanceKlass org/jetbrains/kotlin/fir/analysis/checkers/type/FirTypeChecker
instanceKlass org/jetbrains/kotlin/fir/analysis/checkers/type/TypeCheckers$Companion
instanceKlass org/jetbrains/kotlin/fir/analysis/checkers/type/TypeCheckers
instanceKlass  @bci org/jetbrains/kotlin/fir/analysis/checkers/expression/ComposedExpressionCheckers <init> (Lorg/jetbrains/kotlin/fir/analysis/checkers/MppCheckerKind;)V 9 <appendix> member <vmtarget> ; # org/jetbrains/kotlin/fir/analysis/checkers/expression/ComposedExpressionCheckers$$Lambda+0x000002c314c60440
instanceKlass  @bci org/jetbrains/kotlin/fir/analysis/checkers/expression/ExpressionCheckers <init> ()V 693 <appendix> member <vmtarget> ; # org/jetbrains/kotlin/fir/analysis/checkers/expression/ExpressionCheckers$$Lambda+0x000002c314c60220
instanceKlass  @bci org/jetbrains/kotlin/fir/analysis/checkers/expression/ExpressionCheckers <init> ()V 680 <appendix> member <vmtarget> ; # org/jetbrains/kotlin/fir/analysis/checkers/expression/ExpressionCheckers$$Lambda+0x000002c314c60000
instanceKlass  @bci org/jetbrains/kotlin/fir/analysis/checkers/expression/ExpressionCheckers <init> ()V 667 <appendix> member <vmtarget> ; # org/jetbrains/kotlin/fir/analysis/checkers/expression/ExpressionCheckers$$Lambda+0x000002c314c5fbc8
instanceKlass  @bci org/jetbrains/kotlin/fir/analysis/checkers/expression/ExpressionCheckers <init> ()V 654 <appendix> member <vmtarget> ; # org/jetbrains/kotlin/fir/analysis/checkers/expression/ExpressionCheckers$$Lambda+0x000002c314c5f9a8
instanceKlass  @bci org/jetbrains/kotlin/fir/analysis/checkers/expression/ExpressionCheckers <init> ()V 641 <appendix> member <vmtarget> ; # org/jetbrains/kotlin/fir/analysis/checkers/expression/ExpressionCheckers$$Lambda+0x000002c314c5f788
instanceKlass  @bci org/jetbrains/kotlin/fir/analysis/checkers/expression/ExpressionCheckers <init> ()V 628 <appendix> member <vmtarget> ; # org/jetbrains/kotlin/fir/analysis/checkers/expression/ExpressionCheckers$$Lambda+0x000002c314c5f568
instanceKlass  @bci org/jetbrains/kotlin/fir/analysis/checkers/expression/ExpressionCheckers <init> ()V 615 <appendix> member <vmtarget> ; # org/jetbrains/kotlin/fir/analysis/checkers/expression/ExpressionCheckers$$Lambda+0x000002c314c5f348
instanceKlass  @bci org/jetbrains/kotlin/fir/analysis/checkers/expression/ExpressionCheckers <init> ()V 602 <appendix> member <vmtarget> ; # org/jetbrains/kotlin/fir/analysis/checkers/expression/ExpressionCheckers$$Lambda+0x000002c314c5f128
instanceKlass  @bci org/jetbrains/kotlin/fir/analysis/checkers/expression/ExpressionCheckers <init> ()V 589 <appendix> member <vmtarget> ; # org/jetbrains/kotlin/fir/analysis/checkers/expression/ExpressionCheckers$$Lambda+0x000002c314c5ef08
instanceKlass  @bci org/jetbrains/kotlin/fir/analysis/checkers/expression/ExpressionCheckers <init> ()V 576 <appendix> member <vmtarget> ; # org/jetbrains/kotlin/fir/analysis/checkers/expression/ExpressionCheckers$$Lambda+0x000002c314c5ece8
instanceKlass  @bci org/jetbrains/kotlin/fir/analysis/checkers/expression/ExpressionCheckers <init> ()V 563 <appendix> member <vmtarget> ; # org/jetbrains/kotlin/fir/analysis/checkers/expression/ExpressionCheckers$$Lambda+0x000002c314c5eac8
instanceKlass  @bci org/jetbrains/kotlin/fir/analysis/checkers/expression/ExpressionCheckers <init> ()V 550 <appendix> member <vmtarget> ; # org/jetbrains/kotlin/fir/analysis/checkers/expression/ExpressionCheckers$$Lambda+0x000002c314c5e8a8
instanceKlass  @bci org/jetbrains/kotlin/fir/analysis/checkers/expression/ExpressionCheckers <init> ()V 537 <appendix> member <vmtarget> ; # org/jetbrains/kotlin/fir/analysis/checkers/expression/ExpressionCheckers$$Lambda+0x000002c314c5e688
instanceKlass  @bci org/jetbrains/kotlin/fir/analysis/checkers/expression/ExpressionCheckers <init> ()V 524 <appendix> member <vmtarget> ; # org/jetbrains/kotlin/fir/analysis/checkers/expression/ExpressionCheckers$$Lambda+0x000002c314c5e468
instanceKlass  @bci org/jetbrains/kotlin/fir/analysis/checkers/expression/ExpressionCheckers <init> ()V 511 <appendix> member <vmtarget> ; # org/jetbrains/kotlin/fir/analysis/checkers/expression/ExpressionCheckers$$Lambda+0x000002c314c5e248
instanceKlass  @bci org/jetbrains/kotlin/fir/analysis/checkers/expression/ExpressionCheckers <init> ()V 498 <appendix> member <vmtarget> ; # org/jetbrains/kotlin/fir/analysis/checkers/expression/ExpressionCheckers$$Lambda+0x000002c314c5e028
instanceKlass  @bci org/jetbrains/kotlin/fir/analysis/checkers/expression/ExpressionCheckers <init> ()V 485 <appendix> member <vmtarget> ; # org/jetbrains/kotlin/fir/analysis/checkers/expression/ExpressionCheckers$$Lambda+0x000002c314c5de08
instanceKlass  @bci org/jetbrains/kotlin/fir/analysis/checkers/expression/ExpressionCheckers <init> ()V 472 <appendix> member <vmtarget> ; # org/jetbrains/kotlin/fir/analysis/checkers/expression/ExpressionCheckers$$Lambda+0x000002c314c5dbe8
instanceKlass  @bci org/jetbrains/kotlin/fir/analysis/checkers/expression/ExpressionCheckers <init> ()V 459 <appendix> member <vmtarget> ; # org/jetbrains/kotlin/fir/analysis/checkers/expression/ExpressionCheckers$$Lambda+0x000002c314c5d9c8
instanceKlass  @bci org/jetbrains/kotlin/fir/analysis/checkers/expression/ExpressionCheckers <init> ()V 446 <appendix> member <vmtarget> ; # org/jetbrains/kotlin/fir/analysis/checkers/expression/ExpressionCheckers$$Lambda+0x000002c314c5d7a8
instanceKlass  @bci org/jetbrains/kotlin/fir/analysis/checkers/expression/ExpressionCheckers <init> ()V 433 <appendix> member <vmtarget> ; # org/jetbrains/kotlin/fir/analysis/checkers/expression/ExpressionCheckers$$Lambda+0x000002c314c5d588
instanceKlass  @bci org/jetbrains/kotlin/fir/analysis/checkers/expression/ExpressionCheckers <init> ()V 420 <appendix> member <vmtarget> ; # org/jetbrains/kotlin/fir/analysis/checkers/expression/ExpressionCheckers$$Lambda+0x000002c314c5d368
instanceKlass  @bci org/jetbrains/kotlin/fir/analysis/checkers/expression/ExpressionCheckers <init> ()V 407 <appendix> member <vmtarget> ; # org/jetbrains/kotlin/fir/analysis/checkers/expression/ExpressionCheckers$$Lambda+0x000002c314c5d148
instanceKlass  @bci org/jetbrains/kotlin/fir/analysis/checkers/expression/ExpressionCheckers <init> ()V 394 <appendix> member <vmtarget> ; # org/jetbrains/kotlin/fir/analysis/checkers/expression/ExpressionCheckers$$Lambda+0x000002c314c5cf28
instanceKlass  @bci org/jetbrains/kotlin/fir/analysis/checkers/expression/ExpressionCheckers <init> ()V 381 <appendix> member <vmtarget> ; # org/jetbrains/kotlin/fir/analysis/checkers/expression/ExpressionCheckers$$Lambda+0x000002c314c5cd08
instanceKlass  @bci org/jetbrains/kotlin/fir/analysis/checkers/expression/ExpressionCheckers <init> ()V 368 <appendix> member <vmtarget> ; # org/jetbrains/kotlin/fir/analysis/checkers/expression/ExpressionCheckers$$Lambda+0x000002c314c5cae8
instanceKlass  @bci org/jetbrains/kotlin/fir/analysis/checkers/expression/ExpressionCheckers <init> ()V 355 <appendix> member <vmtarget> ; # org/jetbrains/kotlin/fir/analysis/checkers/expression/ExpressionCheckers$$Lambda+0x000002c314c5c8c8
instanceKlass  @bci org/jetbrains/kotlin/fir/analysis/checkers/expression/ExpressionCheckers <init> ()V 342 <appendix> member <vmtarget> ; # org/jetbrains/kotlin/fir/analysis/checkers/expression/ExpressionCheckers$$Lambda+0x000002c314c5c6a8
instanceKlass  @bci org/jetbrains/kotlin/fir/analysis/checkers/expression/ExpressionCheckers <init> ()V 329 <appendix> member <vmtarget> ; # org/jetbrains/kotlin/fir/analysis/checkers/expression/ExpressionCheckers$$Lambda+0x000002c314c5c488
instanceKlass  @bci org/jetbrains/kotlin/fir/analysis/checkers/expression/ExpressionCheckers <init> ()V 316 <appendix> member <vmtarget> ; # org/jetbrains/kotlin/fir/analysis/checkers/expression/ExpressionCheckers$$Lambda+0x000002c314c5c268
instanceKlass  @bci org/jetbrains/kotlin/fir/analysis/checkers/expression/ExpressionCheckers <init> ()V 303 <appendix> member <vmtarget> ; # org/jetbrains/kotlin/fir/analysis/checkers/expression/ExpressionCheckers$$Lambda+0x000002c314c5c048
instanceKlass  @bci org/jetbrains/kotlin/fir/analysis/checkers/expression/ExpressionCheckers <init> ()V 290 <appendix> member <vmtarget> ; # org/jetbrains/kotlin/fir/analysis/checkers/expression/ExpressionCheckers$$Lambda+0x000002c314c5be28
instanceKlass  @bci org/jetbrains/kotlin/fir/analysis/checkers/expression/ExpressionCheckers <init> ()V 277 <appendix> member <vmtarget> ; # org/jetbrains/kotlin/fir/analysis/checkers/expression/ExpressionCheckers$$Lambda+0x000002c314c5bc08
instanceKlass  @bci org/jetbrains/kotlin/fir/analysis/checkers/expression/ExpressionCheckers <init> ()V 264 <appendix> member <vmtarget> ; # org/jetbrains/kotlin/fir/analysis/checkers/expression/ExpressionCheckers$$Lambda+0x000002c314c5b9e8
instanceKlass  @bci org/jetbrains/kotlin/fir/analysis/checkers/expression/ExpressionCheckers <init> ()V 251 <appendix> member <vmtarget> ; # org/jetbrains/kotlin/fir/analysis/checkers/expression/ExpressionCheckers$$Lambda+0x000002c314c5b7c8
instanceKlass org/jetbrains/kotlin/fir/analysis/checkers/expression/FirExpressionChecker
instanceKlass org/jetbrains/kotlin/fir/analysis/checkers/expression/ExpressionCheckers$Companion
instanceKlass org/jetbrains/kotlin/fir/analysis/checkers/expression/ExpressionCheckers
instanceKlass  @bci org/jetbrains/kotlin/fir/analysis/checkers/declaration/ComposedDeclarationCheckers <init> (Lorg/jetbrains/kotlin/fir/analysis/checkers/MppCheckerKind;)V 8 <appendix> member <vmtarget> ; # org/jetbrains/kotlin/fir/analysis/checkers/declaration/ComposedDeclarationCheckers$$Lambda+0x000002c314c5a630
instanceKlass  @bci org/jetbrains/kotlin/fir/analysis/checkers/declaration/DeclarationCheckers <init> ()V 447 <appendix> member <vmtarget> ; # org/jetbrains/kotlin/fir/analysis/checkers/declaration/DeclarationCheckers$$Lambda+0x000002c314c59fe0
instanceKlass  @bci org/jetbrains/kotlin/fir/analysis/checkers/declaration/DeclarationCheckers <init> ()V 434 <appendix> member <vmtarget> ; # org/jetbrains/kotlin/fir/analysis/checkers/declaration/DeclarationCheckers$$Lambda+0x000002c314c59dc0
instanceKlass  @bci org/jetbrains/kotlin/fir/analysis/checkers/declaration/DeclarationCheckers <init> ()V 421 <appendix> member <vmtarget> ; # org/jetbrains/kotlin/fir/analysis/checkers/declaration/DeclarationCheckers$$Lambda+0x000002c314c59ba0
instanceKlass  @bci org/jetbrains/kotlin/fir/analysis/checkers/declaration/DeclarationCheckers <init> ()V 408 <appendix> member <vmtarget> ; # org/jetbrains/kotlin/fir/analysis/checkers/declaration/DeclarationCheckers$$Lambda+0x000002c314c59980
instanceKlass  @bci org/jetbrains/kotlin/fir/analysis/checkers/declaration/DeclarationCheckers <init> ()V 395 <appendix> member <vmtarget> ; # org/jetbrains/kotlin/fir/analysis/checkers/declaration/DeclarationCheckers$$Lambda+0x000002c314c59760
instanceKlass  @bci org/jetbrains/kotlin/fir/analysis/checkers/declaration/DeclarationCheckers <init> ()V 382 <appendix> member <vmtarget> ; # org/jetbrains/kotlin/fir/analysis/checkers/declaration/DeclarationCheckers$$Lambda+0x000002c314c59540
instanceKlass  @bci org/jetbrains/kotlin/fir/analysis/checkers/declaration/DeclarationCheckers <init> ()V 369 <appendix> member <vmtarget> ; # org/jetbrains/kotlin/fir/analysis/checkers/declaration/DeclarationCheckers$$Lambda+0x000002c314c59320
instanceKlass  @bci org/jetbrains/kotlin/fir/analysis/checkers/declaration/DeclarationCheckers <init> ()V 356 <appendix> member <vmtarget> ; # org/jetbrains/kotlin/fir/analysis/checkers/declaration/DeclarationCheckers$$Lambda+0x000002c314c59100
instanceKlass  @bci org/jetbrains/kotlin/fir/analysis/checkers/declaration/DeclarationCheckers <init> ()V 343 <appendix> member <vmtarget> ; # org/jetbrains/kotlin/fir/analysis/checkers/declaration/DeclarationCheckers$$Lambda+0x000002c314c58ee0
instanceKlass  @bci org/jetbrains/kotlin/fir/analysis/checkers/declaration/DeclarationCheckers <init> ()V 330 <appendix> member <vmtarget> ; # org/jetbrains/kotlin/fir/analysis/checkers/declaration/DeclarationCheckers$$Lambda+0x000002c314c58cc0
instanceKlass  @bci org/jetbrains/kotlin/fir/analysis/checkers/declaration/DeclarationCheckers <init> ()V 317 <appendix> member <vmtarget> ; # org/jetbrains/kotlin/fir/analysis/checkers/declaration/DeclarationCheckers$$Lambda+0x000002c314c58aa0
instanceKlass  @bci org/jetbrains/kotlin/fir/analysis/checkers/declaration/DeclarationCheckers <init> ()V 304 <appendix> member <vmtarget> ; # org/jetbrains/kotlin/fir/analysis/checkers/declaration/DeclarationCheckers$$Lambda+0x000002c314c58880
instanceKlass  @bci org/jetbrains/kotlin/fir/analysis/checkers/declaration/DeclarationCheckers <init> ()V 291 <appendix> member <vmtarget> ; # org/jetbrains/kotlin/fir/analysis/checkers/declaration/DeclarationCheckers$$Lambda+0x000002c314c58660
instanceKlass  @bci org/jetbrains/kotlin/fir/analysis/checkers/declaration/DeclarationCheckers <init> ()V 278 <appendix> member <vmtarget> ; # org/jetbrains/kotlin/fir/analysis/checkers/declaration/DeclarationCheckers$$Lambda+0x000002c314c58440
instanceKlass  @bci org/jetbrains/kotlin/fir/analysis/checkers/declaration/DeclarationCheckers <init> ()V 265 <appendix> member <vmtarget> ; # org/jetbrains/kotlin/fir/analysis/checkers/declaration/DeclarationCheckers$$Lambda+0x000002c314c58220
instanceKlass  @bci org/jetbrains/kotlin/fir/analysis/checkers/declaration/DeclarationCheckers <init> ()V 252 <appendix> member <vmtarget> ; # org/jetbrains/kotlin/fir/analysis/checkers/declaration/DeclarationCheckers$$Lambda+0x000002c314c58000
instanceKlass  @bci org/jetbrains/kotlin/fir/analysis/checkers/declaration/DeclarationCheckers <init> ()V 239 <appendix> member <vmtarget> ; # org/jetbrains/kotlin/fir/analysis/checkers/declaration/DeclarationCheckers$$Lambda+0x000002c314c54400
instanceKlass  @bci org/jetbrains/kotlin/fir/analysis/checkers/declaration/DeclarationCheckers <init> ()V 226 <appendix> member <vmtarget> ; # org/jetbrains/kotlin/fir/analysis/checkers/declaration/DeclarationCheckers$$Lambda+0x000002c314c54c40
instanceKlass  @bci org/jetbrains/kotlin/fir/analysis/checkers/declaration/DeclarationCheckers <init> ()V 213 <appendix> member <vmtarget> ; # org/jetbrains/kotlin/fir/analysis/checkers/declaration/DeclarationCheckers$$Lambda+0x000002c314c54a20
instanceKlass  @bci org/jetbrains/kotlin/fir/analysis/checkers/declaration/DeclarationCheckers <init> ()V 200 <appendix> member <vmtarget> ; # org/jetbrains/kotlin/fir/analysis/checkers/declaration/DeclarationCheckers$$Lambda+0x000002c314c54800
instanceKlass  @bci org/jetbrains/kotlin/fir/analysis/checkers/declaration/DeclarationCheckers <init> ()V 187 <appendix> member <vmtarget> ; # org/jetbrains/kotlin/fir/analysis/checkers/declaration/DeclarationCheckers$$Lambda+0x000002c314c55ce8
instanceKlass  @bci org/jetbrains/kotlin/fir/analysis/checkers/declaration/DeclarationCheckers <init> ()V 174 <appendix> member <vmtarget> ; # org/jetbrains/kotlin/fir/analysis/checkers/declaration/DeclarationCheckers$$Lambda+0x000002c314c55ac8
instanceKlass org/jetbrains/kotlin/fir/analysis/checkers/declaration/FirDeclarationChecker
instanceKlass org/jetbrains/kotlin/fir/analysis/checkers/FirCheckerWithMppKind
instanceKlass org/jetbrains/kotlin/fir/analysis/checkers/declaration/DeclarationCheckers$Companion
instanceKlass org/jetbrains/kotlin/fir/analysis/checkers/declaration/DeclarationCheckers
instanceKlass org/jetbrains/kotlin/fir/analysis/CheckersComponent
instanceKlass org/jetbrains/kotlin/fir/resolve/FirTypeResolver
instanceKlass org/jetbrains/kotlin/fir/resolve/FirQualifierResolver
instanceKlass  @bci org/jetbrains/kotlin/fir/session/FirJvmSessionFactory createSourceSession (Lorg/jetbrains/kotlin/fir/FirModuleData;Lorg/jetbrains/kotlin/fir/session/environment/AbstractProjectFileSearchScope;Lorg/jetbrains/kotlin/fir/session/environment/AbstractProjectEnvironment;Lkotlin/jvm/functions/Function1;Ljava/util/List;Lorg/jetbrains/kotlin/config/CompilerConfiguration;Lorg/jetbrains/kotlin/fir/session/FirSharableJavaComponents;ZZLkotlin/jvm/functions/Function1;)Lorg/jetbrains/kotlin/fir/FirSession; 92 <appendix> member <vmtarget> ; # org/jetbrains/kotlin/fir/session/FirJvmSessionFactory$$Lambda+0x000002c314c56a98
instanceKlass org/jetbrains/kotlin/fir/session/FirAbstractSessionFactory$SourceProviders
instanceKlass org/jetbrains/kotlin/fir/session/FirJvmSessionFactory$SourceContext
instanceKlass org/jetbrains/kotlin/config/JVMConfigurationKeysKt
instanceKlass  @bci org/jetbrains/kotlin/cli/pipeline/jvm/JvmFrontendPipelinePhase prepareJvmSessions$lambda$2 (Lorg/jetbrains/kotlin/fir/session/environment/AbstractProjectFileSearchScope;Lorg/jetbrains/kotlin/cli/jvm/compiler/VfsBasedProjectEnvironment;Ljava/util/List;Lorg/jetbrains/kotlin/config/CompilerConfiguration;Lorg/jetbrains/kotlin/fir/session/FirSharableJavaComponents;Lkotlin/jvm/internal/Ref$BooleanRef;Lkotlin/jvm/internal/Ref$ObjectRef;Lkotlin/jvm/functions/Function1;Ljava/util/List;Lorg/jetbrains/kotlin/fir/FirModuleData;ZLkotlin/jvm/functions/Function1;)Lorg/jetbrains/kotlin/fir/FirSession; 45 <appendix> member <vmtarget> ; # org/jetbrains/kotlin/cli/pipeline/jvm/JvmFrontendPipelinePhase$$Lambda+0x000002c314c56000
instanceKlass org/jetbrains/kotlin/fir/session/FirJvmIncrementalCompilationSymbolProviders
instanceKlass  @bci org/jetbrains/kotlin/cli/common/SessionConstructionUtils createSingleSession (Ljava/util/List;Lorg/jetbrains/kotlin/name/Name;Lorg/jetbrains/kotlin/fir/DependencyListForCliModule;Lorg/jetbrains/kotlin/platform/TargetPlatform;Lkotlin/jvm/functions/Function1;Lorg/jetbrains/kotlin/cli/common/FirSessionProducer;)Lorg/jetbrains/kotlin/cli/common/SessionWithSources; 39 <appendix> member <vmtarget> ; # org/jetbrains/kotlin/cli/common/SessionConstructionUtils$$Lambda+0x000002c314c53aa8
instanceKlass org/jetbrains/kotlin/container/DataStructuresKt
instanceKlass  @bci org/jetbrains/kotlin/fir/FirSourceModuleData <init> (Lorg/jetbrains/kotlin/name/Name;Ljava/util/List;Ljava/util/List;Ljava/util/List;Lorg/jetbrains/kotlin/platform/TargetPlatform;Z)V 78 <appendix> argL0 ; # org/jetbrains/kotlin/fir/FirSourceModuleData$$Lambda+0x000002c314c53690
instanceKlass  @bci org/jetbrains/kotlin/cli/common/SessionConstructionUtils prepareSessions (Ljava/util/List;Lorg/jetbrains/kotlin/config/CompilerConfiguration;Lorg/jetbrains/kotlin/name/Name;Lorg/jetbrains/kotlin/platform/TargetPlatform;ZLorg/jetbrains/kotlin/fir/DependencyListForCliModule;Ljava/util/List;Lkotlin/jvm/functions/Function1;Lkotlin/jvm/functions/Function1;Lkotlin/jvm/functions/Function2;Lkotlin/jvm/functions/Function0;Lkotlin/jvm/functions/Function1;Lorg/jetbrains/kotlin/cli/common/FirSessionProducer;)Ljava/util/List; 316 <appendix> member <vmtarget> ; # org/jetbrains/kotlin/cli/common/SessionConstructionUtils$$Lambda+0x000002c314c53210
instanceKlass  @cpi org/jetbrains/kotlin/cli/common/SessionConstructionUtils 239 form vmentry <vmtarget> ; # java/lang/invoke/LambdaForm$DMH+0x000002c314c54000
instanceKlass org/jetbrains/kotlin/fir/resolve/providers/FirCompositeSymbolNamesProvider$Companion
instanceKlass  @bci org/jetbrains/kotlin/fir/session/FirAbstractSessionFactory flattenAndFilterOwnProviders (Lorg/jetbrains/kotlin/fir/resolve/providers/FirSymbolProvider;)Ljava/util/List; 39 <appendix> member <vmtarget> ; # org/jetbrains/kotlin/fir/session/FirAbstractSessionFactory$$Lambda+0x000002c314c529a0
instanceKlass org/jetbrains/kotlin/fir/resolve/providers/FirSymbolProviderKt
instanceKlass org/jetbrains/kotlin/fir/session/StructuredProviders
instanceKlass org/jetbrains/kotlin/cli/jvm/index/JvmDependenciesIndexImpl$WhenMappings
instanceKlass org/jetbrains/kotlin/cli/jvm/index/JvmDependenciesIndexImpl$ClassSearchRequest
instanceKlass org/jetbrains/kotlin/cli/jvm/index/JvmDependenciesIndexImpl$ClassSearchResult
instanceKlass org/jetbrains/kotlin/com/intellij/util/containers/IntArrayList
instanceKlass  @bci org/jetbrains/kotlin/cli/jvm/index/JvmDependenciesDynamicCompoundIndex findClasses (Lorg/jetbrains/kotlin/name/ClassId;Ljava/util/Set;Lkotlin/jvm/functions/Function2;)Ljava/util/Collection; 56 <appendix> member <vmtarget> ; # org/jetbrains/kotlin/cli/jvm/index/JvmDependenciesDynamicCompoundIndex$$Lambda+0x000002c314c51760
instanceKlass  @bci org/jetbrains/kotlin/cli/jvm/compiler/CliVirtualFileFinder findClass (Lorg/jetbrains/kotlin/name/ClassId;Ljava/lang/String;Ljava/util/Set;)Lorg/jetbrains/kotlin/com/intellij/openapi/vfs/VirtualFile; 7 <appendix> member <vmtarget> ; # org/jetbrains/kotlin/cli/jvm/compiler/CliVirtualFileFinder$$Lambda+0x000002c314c51540
instanceKlass  @bci org/jetbrains/kotlin/fir/session/FirJvmSessionFactory initializeBuiltinsProvider (Lorg/jetbrains/kotlin/fir/FirSession;Lorg/jetbrains/kotlin/fir/FirModuleData;Lorg/jetbrains/kotlin/fir/scopes/FirKotlinScopeProvider;Lorg/jetbrains/kotlin/load/kotlin/KotlinClassFinder;)Lorg/jetbrains/kotlin/fir/java/deserialization/FirJvmBuiltinsSymbolProvider; 17 <appendix> member <vmtarget> ; # org/jetbrains/kotlin/fir/session/FirJvmSessionFactory$$Lambda+0x000002c314c510b8
instanceKlass  @bci org/jetbrains/kotlin/fir/resolve/providers/impl/AbstractFirBuiltinSymbolProvider <init> (Lorg/jetbrains/kotlin/fir/FirSession;Lorg/jetbrains/kotlin/fir/FirModuleData;Lorg/jetbrains/kotlin/fir/scopes/FirKotlinScopeProvider;Z)V 41 <appendix> member <vmtarget> ; # org/jetbrains/kotlin/fir/resolve/providers/impl/AbstractFirBuiltinSymbolProvider$$Lambda+0x000002c314c50c38
instanceKlass kotlin/Triple
instanceKlass org/jetbrains/kotlin/metadata/deserialization/NameResolverImpl$WhenMappings
instanceKlass org/jetbrains/kotlin/serialization/deserialization/NameResolverUtilKt
instanceKlass  @bci org/jetbrains/kotlin/fir/resolve/providers/impl/AbstractFirBuiltinSymbolProvider$BuiltInsPackageFragment <init> (Ljava/io/InputStream;)V 81 <appendix> argL0 ; # org/jetbrains/kotlin/fir/resolve/providers/impl/AbstractFirBuiltinSymbolProvider$BuiltInsPackageFragment$$Lambda+0x000002c314c50418
instanceKlass org/jetbrains/kotlin/serialization/deserialization/ProtoBasedClassDataFinder
instanceKlass org/jetbrains/kotlin/serialization/deserialization/ClassDataFinder
instanceKlass org/jetbrains/kotlin/metadata/ProtoBuf$Type$Argument$Projection$1
instanceKlass org/jetbrains/kotlin/metadata/ProtoBuf$Type$ArgumentOrBuilder
instanceKlass org/jetbrains/kotlin/protobuf/SmallSortedMap$Entry
instanceKlass org/jetbrains/kotlin/protobuf/FieldSet$1
instanceKlass org/jetbrains/kotlin/protobuf/AbstractMessageLite$Builder
instanceKlass org/jetbrains/kotlin/protobuf/GeneratedMessageLite$1
instanceKlass org/jetbrains/kotlin/metadata/ProtoBuf$PackageFragmentOrBuilder
instanceKlass kotlin/collections/IntIterator
instanceKlass org/jetbrains/kotlin/metadata/builtins/BuiltInsBinaryVersion$Companion
instanceKlass org/jetbrains/kotlin/fir/resolve/providers/impl/BinaryVersionAndPackageFragment$Companion
instanceKlass org/jetbrains/kotlin/fir/resolve/providers/impl/BinaryVersionAndPackageFragment
instanceKlass org/jetbrains/kotlin/fir/resolve/providers/impl/AbstractFirBuiltinSymbolProvider$BuiltInsPackageFragment
instanceKlass  @bci org/jetbrains/kotlin/fir/resolve/providers/impl/FirFallbackBuiltinSymbolProvider <clinit> ()V 24 <appendix> member <vmtarget> ; # org/jetbrains/kotlin/fir/resolve/providers/impl/FirFallbackBuiltinSymbolProvider$$Lambda+0x000002c314c4b5d8
instanceKlass org/jetbrains/kotlin/fir/resolve/providers/impl/FirFallbackBuiltinSymbolProvider$Companion
instanceKlass org/jetbrains/kotlin/fir/java/FirJavaFacade$special$$inlined$createCache$2
instanceKlass org/jetbrains/kotlin/fir/java/FirJavaFacade$special$$inlined$createCache$1
instanceKlass org/jetbrains/kotlin/resolve/jvm/TopPackageNamesProvider
instanceKlass org/jetbrains/kotlin/load/java/AbstractJavaClassFinder
instanceKlass org/jetbrains/kotlin/load/java/JavaClassFinder
instanceKlass org/jetbrains/kotlin/load/java/JavaClassFinderImplKt
instanceKlass org/jetbrains/kotlin/fir/java/FirJavaFacade$Companion
instanceKlass org/jetbrains/kotlin/fir/java/FirJavaFacade
instanceKlass org/jetbrains/kotlin/fir/java/FirJavaAwareSymbolProvider
instanceKlass org/jetbrains/kotlin/fir/resolve/providers/impl/FirExtensionSyntheticFunctionInterfaceProviderKt
instanceKlass  @bci org/jetbrains/kotlin/fir/session/FirJvmSessionFactory createLibrarySession (Lorg/jetbrains/kotlin/fir/FirSession;Lorg/jetbrains/kotlin/fir/deserialization/ModuleDataProvider;Lorg/jetbrains/kotlin/fir/session/environment/AbstractProjectEnvironment;Ljava/util/List;Lorg/jetbrains/kotlin/fir/session/environment/AbstractProjectFileSearchScope;Lorg/jetbrains/kotlin/load/kotlin/PackagePartProvider;Lorg/jetbrains/kotlin/config/LanguageVersionSettings;Lorg/jetbrains/kotlin/fir/session/FirSharableJavaComponents;)Lorg/jetbrains/kotlin/fir/FirSession; 90 <appendix> member <vmtarget> ; # org/jetbrains/kotlin/fir/session/FirJvmSessionFactory$$Lambda+0x000002c314c48b88
instanceKlass org/jetbrains/kotlin/load/kotlin/VirtualFileFinder$SERVICE
instanceKlass org/jetbrains/kotlin/load/kotlin/VirtualFileFinderFactory$SERVICE
instanceKlass org/jetbrains/kotlin/fir/resolve/providers/FirProvider
instanceKlass org/jetbrains/kotlin/fir/resolve/providers/FirCompositeCachedSymbolNamesProvider$Companion
instanceKlass org/jetbrains/kotlin/fir/resolve/providers/impl/FirCachingCompositeSymbolProvider$special$$inlined$createCache$5
instanceKlass org/jetbrains/kotlin/fir/resolve/providers/impl/FirCachingCompositeSymbolProvider$special$$inlined$createCache$4
instanceKlass org/jetbrains/kotlin/fir/resolve/providers/impl/FirCachingCompositeSymbolProvider$special$$inlined$createCache$3
instanceKlass org/jetbrains/kotlin/fir/resolve/providers/impl/FirCachingCompositeSymbolProvider$special$$inlined$createCache$2
instanceKlass org/jetbrains/kotlin/fir/resolve/providers/impl/FirCachingCompositeSymbolProvider$special$$inlined$createCache$1
instanceKlass  @bci org/jetbrains/kotlin/fir/java/deserialization/OptionalAnnotationClassesProvider <init> (Lorg/jetbrains/kotlin/fir/FirSession;Lorg/jetbrains/kotlin/fir/deserialization/ModuleDataProvider;Lorg/jetbrains/kotlin/fir/scopes/FirKotlinScopeProvider;Lorg/jetbrains/kotlin/load/kotlin/PackagePartProvider;Lorg/jetbrains/kotlin/fir/declarations/FirDeclarationOrigin;)V 86 <appendix> member <vmtarget> ; # org/jetbrains/kotlin/fir/java/deserialization/OptionalAnnotationClassesProvider$$Lambda+0x000002c314c46990
instanceKlass  @bci org/jetbrains/kotlin/fir/java/deserialization/OptionalAnnotationClassesProvider <init> (Lorg/jetbrains/kotlin/fir/FirSession;Lorg/jetbrains/kotlin/fir/deserialization/ModuleDataProvider;Lorg/jetbrains/kotlin/fir/scopes/FirKotlinScopeProvider;Lorg/jetbrains/kotlin/load/kotlin/PackagePartProvider;Lorg/jetbrains/kotlin/fir/declarations/FirDeclarationOrigin;)V 70 <appendix> member <vmtarget> ; # org/jetbrains/kotlin/fir/java/deserialization/OptionalAnnotationClassesProvider$$Lambda+0x000002c314c46770
instanceKlass org/jetbrains/kotlin/fir/deserialization/AbstractAnnotationDeserializer
instanceKlass org/jetbrains/kotlin/fir/deserialization/AbstractFirDeserializedSymbolProvider$special$$inlined$createCache$4
instanceKlass org/jetbrains/kotlin/fir/deserialization/AbstractFirDeserializedSymbolProvider$special$$inlined$createCache$3
instanceKlass  @bci org/jetbrains/kotlin/fir/deserialization/AbstractFirDeserializedSymbolProvider <init> (Lorg/jetbrains/kotlin/fir/FirSession;Lorg/jetbrains/kotlin/fir/deserialization/ModuleDataProvider;Lorg/jetbrains/kotlin/fir/scopes/FirKotlinScopeProvider;Lorg/jetbrains/kotlin/fir/declarations/FirDeclarationOrigin;Lorg/jetbrains/kotlin/serialization/SerializerExtensionProtocol;)V 189 <appendix> argL0 ; # org/jetbrains/kotlin/fir/deserialization/AbstractFirDeserializedSymbolProvider$$Lambda+0x000002c314c45718
instanceKlass  @bci org/jetbrains/kotlin/fir/deserialization/AbstractFirDeserializedSymbolProvider <init> (Lorg/jetbrains/kotlin/fir/FirSession;Lorg/jetbrains/kotlin/fir/deserialization/ModuleDataProvider;Lorg/jetbrains/kotlin/fir/scopes/FirKotlinScopeProvider;Lorg/jetbrains/kotlin/fir/declarations/FirDeclarationOrigin;Lorg/jetbrains/kotlin/serialization/SerializerExtensionProtocol;)V 184 <appendix> member <vmtarget> ; # org/jetbrains/kotlin/fir/deserialization/AbstractFirDeserializedSymbolProvider$$Lambda+0x000002c314c454f8
instanceKlass org/jetbrains/kotlin/fir/deserialization/FirDeserializationContext
instanceKlass  @bci org/jetbrains/kotlin/fir/deserialization/AbstractFirDeserializedSymbolProvider <init> (Lorg/jetbrains/kotlin/fir/FirSession;Lorg/jetbrains/kotlin/fir/deserialization/ModuleDataProvider;Lorg/jetbrains/kotlin/fir/scopes/FirKotlinScopeProvider;Lorg/jetbrains/kotlin/fir/declarations/FirDeclarationOrigin;Lorg/jetbrains/kotlin/serialization/SerializerExtensionProtocol;)V 167 <appendix> argL0 ; # org/jetbrains/kotlin/fir/deserialization/AbstractFirDeserializedSymbolProvider$$Lambda+0x000002c314c44ec0
instanceKlass org/jetbrains/kotlin/mpp/TypeAliasSymbolMarker
instanceKlass org/jetbrains/kotlin/fir/deserialization/AbstractFirDeserializedSymbolProvider$special$$inlined$createCache$2
instanceKlass org/jetbrains/kotlin/fir/deserialization/AbstractFirDeserializedSymbolProvider$special$$inlined$createCache$1
instanceKlass  @bci org/jetbrains/kotlin/fir/resolve/providers/FirCachedSymbolNamesProvider <init> (Lorg/jetbrains/kotlin/fir/FirSession;)V 92 <appendix> member <vmtarget> ; # org/jetbrains/kotlin/fir/resolve/providers/FirCachedSymbolNamesProvider$$Lambda+0x000002c314c44050
instanceKlass  @bci org/jetbrains/kotlin/fir/resolve/providers/FirCachedSymbolNamesProvider <init> (Lorg/jetbrains/kotlin/fir/FirSession;)V 72 <appendix> member <vmtarget> ; # org/jetbrains/kotlin/fir/resolve/providers/FirCachedSymbolNamesProvider$$Lambda+0x000002c314c43e30
instanceKlass org/jetbrains/kotlin/fir/caches/FirLazyValue
instanceKlass  @bci org/jetbrains/kotlin/fir/resolve/providers/FirCachedSymbolNamesProvider <init> (Lorg/jetbrains/kotlin/fir/FirSession;)V 56 <appendix> member <vmtarget> ; # org/jetbrains/kotlin/fir/resolve/providers/FirCachedSymbolNamesProvider$$Lambda+0x000002c314c437f8
instanceKlass  @bci org/jetbrains/kotlin/fir/resolve/providers/FirCachedSymbolNamesProvider <init> (Lorg/jetbrains/kotlin/fir/FirSession;)V 36 <appendix> member <vmtarget> ; # org/jetbrains/kotlin/fir/resolve/providers/FirCachedSymbolNamesProvider$$Lambda+0x000002c314c435d8
instanceKlass  @bci org/jetbrains/kotlin/fir/resolve/providers/FirCachedSymbolNamesProvider <init> (Lorg/jetbrains/kotlin/fir/FirSession;)V 20 <appendix> member <vmtarget> ; # org/jetbrains/kotlin/fir/resolve/providers/FirCachedSymbolNamesProvider$$Lambda+0x000002c314c433b8
instanceKlass  @bci org/jetbrains/kotlin/fir/deserialization/AbstractFirDeserializedSymbolProvider <init> (Lorg/jetbrains/kotlin/fir/FirSession;Lorg/jetbrains/kotlin/fir/deserialization/ModuleDataProvider;Lorg/jetbrains/kotlin/fir/scopes/FirKotlinScopeProvider;Lorg/jetbrains/kotlin/fir/declarations/FirDeclarationOrigin;Lorg/jetbrains/kotlin/serialization/SerializerExtensionProtocol;)V 64 <appendix> member <vmtarget> ; # org/jetbrains/kotlin/fir/deserialization/AbstractFirDeserializedSymbolProvider$$Lambda+0x000002c314c42c88
instanceKlass org/jetbrains/kotlin/serialization/SerializerExtensionProtocol
instanceKlass org/jetbrains/kotlin/fir/java/deserialization/OptionalAnnotationClassesProvider$Companion
instanceKlass org/jetbrains/kotlin/fir/declarations/FirResolvedToPhaseState$Companion
instanceKlass org/jetbrains/kotlin/fir/declarations/FirResolveState
instanceKlass org/jetbrains/kotlin/fir/declarations/FirResolveStateKt
instanceKlass org/jetbrains/kotlin/fir/FirTargetElement
instanceKlass org/jetbrains/kotlin/fir/declarations/FirTypeParametersOwner
instanceKlass org/jetbrains/kotlin/fir/declarations/FirContractDescriptionOwner
instanceKlass org/jetbrains/kotlin/name/SpecialNames
instanceKlass org/jetbrains/kotlin/name/CallableId$Companion
instanceKlass org/jetbrains/kotlin/name/CallableId
instanceKlass org/jetbrains/kotlin/name/StandardClassIds$Callables
instanceKlass org/jetbrains/kotlin/descriptors/EffectiveVisibilityKt
instanceKlass org/jetbrains/kotlin/fir/EffectiveVisibilityUtilsKt
instanceKlass org/jetbrains/kotlin/fir/declarations/builder/FirSimpleFunctionBuilder
instanceKlass org/jetbrains/kotlin/fir/declarations/builder/FirTypeParametersOwnerBuilder
instanceKlass org/jetbrains/kotlin/fir/declarations/builder/FirFunctionBuilder
instanceKlass org/jetbrains/kotlin/mpp/RegularClassSymbolMarker
instanceKlass org/jetbrains/kotlin/descriptors/EffectiveVisibility
instanceKlass org/jetbrains/kotlin/descriptors/Modality$Companion
instanceKlass org/jetbrains/kotlin/descriptors/Visibility
instanceKlass org/jetbrains/kotlin/fir/declarations/impl/FirResolvedDeclarationStatusImpl$Companion
instanceKlass org/jetbrains/kotlin/fir/declarations/FirResolvedDeclarationStatus
instanceKlass org/jetbrains/kotlin/fir/declarations/FirDeclarationStatus
instanceKlass org/jetbrains/kotlin/fir/declarations/FirDeclarationOrigin
instanceKlass org/jetbrains/kotlin/fir/declarations/DeprecationsProvider
instanceKlass org/jetbrains/kotlin/fir/declarations/FirResolvePhase$Companion
instanceKlass org/jetbrains/kotlin/fir/declarations/builder/FirRegularClassBuilder
instanceKlass org/jetbrains/kotlin/fir/declarations/builder/FirTypeParameterRefsOwnerBuilder
instanceKlass org/jetbrains/kotlin/fir/declarations/builder/FirClassBuilder
instanceKlass org/jetbrains/kotlin/fir/declarations/builder/FirDeclarationBuilder
instanceKlass org/jetbrains/kotlin/builtins/functions/FunctionTypeKindKt
instanceKlass org/jetbrains/kotlin/fir/types/FirFunctionTypeKindServiceKt
instanceKlass org/jetbrains/kotlin/fir/resolve/providers/impl/FirExtensionSyntheticFunctionInterfaceProvider$Companion
instanceKlass org/jetbrains/kotlin/fir/resolve/providers/FirSymbolNamesProvider
instanceKlass org/jetbrains/kotlin/fir/resolve/providers/impl/FirSyntheticFunctionInterfaceProviderBase$Companion
instanceKlass org/jetbrains/kotlin/fir/resolve/providers/FirSymbolProvider
instanceKlass org/jetbrains/kotlin/fir/serialization/FirProvidedDeclarationsForMetadataService$Companion
instanceKlass org/jetbrains/kotlin/fir/serialization/FirProvidedDeclarationsForMetadataService
instanceKlass org/jetbrains/kotlin/builtins/functions/FunctionTypeKindExtractor$Companion
instanceKlass org/jetbrains/kotlin/builtins/functions/FunctionTypeKindExtractor
instanceKlass kotlin/collections/builders/ListBuilder$Itr
instanceKlass org/jetbrains/kotlin/fir/extensions/FirFunctionTypeKindExtensionKt
instanceKlass org/jetbrains/kotlin/fir/types/FirFunctionTypeKindServiceImpl$extractor$1$kinds$1$registrar$1
instanceKlass org/jetbrains/kotlin/fir/extensions/FirFunctionTypeKindExtension$FunctionTypeKindRegistrar
instanceKlass org/jetbrains/kotlin/builtins/StandardNames
instanceKlass kotlin/collections/builders/ListBuilder$Companion
instanceKlass org/jetbrains/kotlin/fir/types/FirFunctionTypeKindService
instanceKlass org/jetbrains/kotlin/fir/analysis/diagnostics/FirComposedDiagnosticRendererFactoryKt
instanceKlass kotlin/collections/AbstractIterator
instanceKlass org/jetbrains/kotlin/fir/extensions/FirDeclarationPredicateRegistrar
instanceKlass org/jetbrains/kotlin/fir/extensions/FirExtensionSessionComponentKt
instanceKlass org/jetbrains/kotlin/fir/extensions/FirExtensionRegistrarKt
instanceKlass org/jetbrains/kotlin/fir/extensions/FirExtensionServiceKt
instanceKlass kotlin/collections/builders/MapBuilder$EntryRef
instanceKlass kotlin/jvm/internal/markers/KMutableMap$Entry
instanceKlass kotlin/collections/builders/MapBuilder$Itr
instanceKlass kotlin/collections/builders/ListBuilderKt
instanceKlass kotlin/collections/builders/MapBuilder$Companion
instanceKlass kotlin/collections/builders/MapBuilder
instanceKlass kotlin/jvm/internal/markers/KMutableMap
instanceKlass  @bci org/jetbrains/kotlin/diagnostics/KtDiagnosticFactoryToRendererMapKt KtDiagnosticFactoryToRendererMap (Ljava/lang/String;Lkotlin/jvm/functions/Function1;)Lkotlin/Lazy; 17 <appendix> member <vmtarget> ; # org/jetbrains/kotlin/diagnostics/KtDiagnosticFactoryToRendererMapKt$$Lambda+0x000002c314c30c78
instanceKlass org/jetbrains/kotlin/diagnostics/KtDiagnosticFactoryToRendererMapKt
instanceKlass  @bci org/jetbrains/kotlin/assignment/plugin/k2/diagnostics/FirDefaultErrorMessagesAssignmentPlugin <clinit> ()V 12 <appendix> argL0 ; # org/jetbrains/kotlin/assignment/plugin/k2/diagnostics/FirDefaultErrorMessagesAssignmentPlugin$$Lambda+0x000002c314c30860
instanceKlass org/jetbrains/kotlin/diagnostics/KtDiagnosticFactoryToRendererMap
instanceKlass org/jetbrains/kotlin/diagnostics/rendering/BaseDiagnosticRendererFactory
instanceKlass org/jetbrains/kotlin/diagnostics/AbstractKtDiagnosticFactory
instanceKlass org/jetbrains/kotlin/utils/DummyDelegate
instanceKlass org/jetbrains/kotlin/diagnostics/DiagnosticFactory0DelegateProvider
instanceKlass org/jetbrains/kotlin/diagnostics/PsiPositioningStrategies
instanceKlass  @bci org/jetbrains/kotlin/diagnostics/LightTreePositioningStrategies <clinit> ()V 922 <appendix> argL0 ; # org/jetbrains/kotlin/diagnostics/LightTreePositioningStrategies$$Lambda+0x000002c314c28c88
instanceKlass org/jetbrains/kotlin/diagnostics/LightTreePositioningStrategiesKt
instanceKlass  @bci org/jetbrains/kotlin/diagnostics/LightTreePositioningStrategies <clinit> ()V 911 <appendix> argL0 ; # org/jetbrains/kotlin/diagnostics/LightTreePositioningStrategies$$Lambda+0x000002c314c28650
instanceKlass org/jetbrains/kotlin/diagnostics/LightTreePositioningStrategy
instanceKlass org/jetbrains/kotlin/diagnostics/LightTreePositioningStrategies
instanceKlass org/jetbrains/kotlin/diagnostics/AbstractSourceElementPositioningStrategy
instanceKlass org/jetbrains/kotlin/diagnostics/SourceElementPositioningStrategies
instanceKlass org/jetbrains/kotlin/diagnostics/KtDiagnosticsContainer
instanceKlass  @bci org/jetbrains/kotlin/assignment/plugin/k2/FirAssignAnnotationMatchingService$Companion getFactory (Ljava/util/List;)Lorg/jetbrains/kotlin/fir/extensions/FirExtensionSessionComponent$Factory; 7 <appendix> member <vmtarget> ; # org/jetbrains/kotlin/assignment/plugin/k2/FirAssignAnnotationMatchingService$Companion$$Lambda+0x000002c314c25198
instanceKlass org/jetbrains/kotlin/assignment/plugin/k2/FirAssignAnnotationMatchingService$Companion
instanceKlass  @bci org/jetbrains/kotlin/fir/extensions/FirExtensionRegistrar$ExtensionRegistrarContext plusAdditionalCheckersExtension (Lkotlin/jvm/functions/Function1;)V 8 <appendix> member <vmtarget> ; # org/jetbrains/kotlin/fir/extensions/FirExtensionRegistrar$ExtensionRegistrarContext$$Lambda+0x000002c314c24b40
instanceKlass org/jetbrains/kotlin/fir/analysis/extensions/FirAdditionalCheckersExtension$Factory
instanceKlass  @bci org/jetbrains/kotlin/fir/extensions/FirExtensionRegistrar$ExtensionRegistrarContext plusAssignExpressionAltererExtension (Lkotlin/jvm/functions/Function1;)V 8 <appendix> member <vmtarget> ; # org/jetbrains/kotlin/fir/extensions/FirExtensionRegistrar$ExtensionRegistrarContext$$Lambda+0x000002c314c24128
instanceKlass org/jetbrains/kotlin/fir/extensions/FirAssignExpressionAltererExtension$Factory
instanceKlass  @bci org/jetbrains/kotlin/fir/extensions/FirExtensionRegistrar$ExtensionRegistrarContext bindLeft (Lkotlin/jvm/functions/Function2;Ljava/lang/Object;)Lkotlin/jvm/functions/Function1; 8 <appendix> member <vmtarget> ; # org/jetbrains/kotlin/fir/extensions/FirExtensionRegistrar$ExtensionRegistrarContext$$Lambda+0x000002c314c23738
instanceKlass  @bci org/jetbrains/kotlin/fir/extensions/FirExtensionRegistrar$ExtensionRegistrarContext plusSamConversionTransformerExtension (Lkotlin/jvm/functions/Function1;)V 8 <appendix> member <vmtarget> ; # org/jetbrains/kotlin/fir/extensions/FirExtensionRegistrar$ExtensionRegistrarContext$$Lambda+0x000002c314c22f30
instanceKlass org/jetbrains/kotlin/fir/resolve/FirSamConversionTransformerExtension$Factory
instanceKlass  @bci org/jetbrains/kotlin/scripting/compiler/plugin/services/Fir2IrScriptConfiguratorExtensionImpl$Companion getFactory (Lkotlin/script/experimental/host/ScriptingHostConfiguration;)Lorg/jetbrains/kotlin/fir/backend/Fir2IrScriptConfiguratorExtension$Factory; 7 <appendix> member <vmtarget> ; # org/jetbrains/kotlin/scripting/compiler/plugin/services/Fir2IrScriptConfiguratorExtensionImpl$Companion$$Lambda+0x000002c314c22530
instanceKlass org/jetbrains/kotlin/fir/backend/Fir2IrScriptConfiguratorExtension$Factory
instanceKlass org/jetbrains/kotlin/scripting/compiler/plugin/services/Fir2IrScriptConfiguratorExtensionImpl$Companion
instanceKlass org/jetbrains/kotlin/fir/backend/Fir2IrScriptConfiguratorExtension$Companion
instanceKlass  @bci org/jetbrains/kotlin/scripting/compiler/plugin/services/FirScriptResolutionConfigurationExtensionImpl$Companion getFactory (Lkotlin/script/experimental/host/ScriptingHostConfiguration;)Lorg/jetbrains/kotlin/fir/extensions/FirScriptResolutionConfigurationExtension$Factory; 7 <appendix> member <vmtarget> ; # org/jetbrains/kotlin/scripting/compiler/plugin/services/FirScriptResolutionConfigurationExtensionImpl$Companion$$Lambda+0x000002c314c21ae0
instanceKlass org/jetbrains/kotlin/fir/extensions/FirScriptResolutionConfigurationExtension$Factory
instanceKlass org/jetbrains/kotlin/scripting/compiler/plugin/services/FirScriptResolutionConfigurationExtensionImpl$Companion
instanceKlass org/jetbrains/kotlin/fir/extensions/FirScriptResolutionConfigurationExtension$Companion
instanceKlass  @bci org/jetbrains/kotlin/scripting/compiler/plugin/services/FirScriptConfiguratorExtensionImpl$Companion getFactory (Lkotlin/script/experimental/host/ScriptingHostConfiguration;)Lorg/jetbrains/kotlin/fir/builder/FirScriptConfiguratorExtension$Factory; 7 <appendix> member <vmtarget> ; # org/jetbrains/kotlin/scripting/compiler/plugin/services/FirScriptConfiguratorExtensionImpl$Companion$$Lambda+0x000002c314c21090
instanceKlass org/jetbrains/kotlin/fir/builder/FirScriptConfiguratorExtension$Factory
instanceKlass org/jetbrains/kotlin/scripting/compiler/plugin/services/FirScriptConfiguratorExtensionImpl$Companion
instanceKlass org/jetbrains/kotlin/fir/builder/FirScriptConfiguratorExtension$Companion
instanceKlass  @bci org/jetbrains/kotlin/scripting/compiler/plugin/services/FirScriptDefinitionProviderService$Companion getFactory (Ljava/util/List;Ljava/util/List;Lorg/jetbrains/kotlin/scripting/definitions/ScriptDefinitionProvider;Lorg/jetbrains/kotlin/scripting/definitions/ScriptConfigurationsProvider;)Lorg/jetbrains/kotlin/fir/extensions/FirExtensionSessionComponent$Factory; 79 <appendix> member <vmtarget> ; # org/jetbrains/kotlin/scripting/compiler/plugin/services/FirScriptDefinitionProviderService$Companion$$Lambda+0x000002c314c20630
instanceKlass org/jetbrains/kotlin/fir/extensions/FirExtensionSessionComponent$Factory
instanceKlass org/jetbrains/kotlin/fir/extensions/FirExtension$Factory
instanceKlass  @bci org/jetbrains/kotlin/scripting/compiler/plugin/services/FirScriptDefinitionProviderService$Companion getFactory (Ljava/util/List;Ljava/util/List;Lorg/jetbrains/kotlin/scripting/definitions/ScriptDefinitionProvider;Lorg/jetbrains/kotlin/scripting/definitions/ScriptConfigurationsProvider;)Lorg/jetbrains/kotlin/fir/extensions/FirExtensionSessionComponent$Factory; 68 <appendix> argL0 ; # org/jetbrains/kotlin/scripting/compiler/plugin/services/FirScriptDefinitionProviderService$Companion$$Lambda+0x000002c314c20220
instanceKlass  @bci org/jetbrains/kotlin/scripting/compiler/plugin/services/FirScriptDefinitionProviderService$Companion getFactory (Ljava/util/List;Ljava/util/List;Lorg/jetbrains/kotlin/scripting/definitions/ScriptDefinitionProvider;Lorg/jetbrains/kotlin/scripting/definitions/ScriptConfigurationsProvider;)Lorg/jetbrains/kotlin/fir/extensions/FirExtensionSessionComponent$Factory; 37 <appendix> member <vmtarget> ; # org/jetbrains/kotlin/scripting/compiler/plugin/services/FirScriptDefinitionProviderService$Companion$$Lambda+0x000002c314c20000
instanceKlass org/jetbrains/kotlin/scripting/compiler/plugin/services/FirScriptDefinitionProviderService$Companion
instanceKlass org/jetbrains/kotlin/fir/extensions/FirExtensionPointName
instanceKlass org/jetbrains/kotlin/fir/extensions/FirExtensionSessionComponent$Companion
instanceKlass org/jetbrains/kotlin/fir/extensions/FirExtensionRegistrar$ExtensionRegistrarContext
instanceKlass org/jetbrains/kotlin/fir/extensions/BunchOfRegisteredExtensions$Companion
instanceKlass org/jetbrains/kotlin/fir/extensions/BunchOfRegisteredExtensions
instanceKlass org/jetbrains/kotlin/fir/session/FirSessionConfigurator
instanceKlass org/jetbrains/kotlin/fir/resolve/scopes/JvmMappedScopesKt
instanceKlass org/jetbrains/kotlin/fir/scopes/FirScopeProvider
instanceKlass org/jetbrains/kotlin/resolve/ImportPath$Companion
instanceKlass org/jetbrains/kotlin/resolve/ImportPath
instanceKlass org/jetbrains/kotlin/fir/resolve/substitution/AbstractConeSubstitutor$Companion
instanceKlass org/jetbrains/kotlin/fir/resolve/substitution/ConeSubstitutor
instanceKlass org/jetbrains/kotlin/types/model/TypeSubstitutorMarker
instanceKlass org/jetbrains/kotlin/fir/analysis/jvm/checkers/FirJavaNullabilityWarningUpperBoundsProvider
instanceKlass org/jetbrains/kotlin/fir/analysis/checkers/FirPlatformUpperBoundsProvider
instanceKlass org/jetbrains/kotlin/fir/scopes/jvm/FirJvmDelegatedMembersFilter$Companion
instanceKlass org/jetbrains/kotlin/fir/analysis/checkers/expression/FirGenericArrayClassLiteralSupport$Enabled
instanceKlass org/jetbrains/kotlin/fir/analysis/checkers/FirInlineCheckerPlatformSpecificComponent
instanceKlass org/jetbrains/kotlin/fir/resolve/calls/FirSyntheticNamesProvider
instanceKlass org/jetbrains/kotlin/resolve/jvm/JvmTypeSpecificityComparator
instanceKlass org/jetbrains/kotlin/fir/declarations/FirTypeSpecificityComparatorProvider
instanceKlass org/jetbrains/kotlin/name/JvmStandardClassIds
instanceKlass org/jetbrains/kotlin/name/JvmStandardClassIds$Annotations
instanceKlass org/jetbrains/kotlin/name/JvmStandardClassIds$Annotations$Java
instanceKlass org/jetbrains/kotlin/fir/java/deserialization/FirJvmDeserializationExtension$Companion
instanceKlass org/jetbrains/kotlin/fir/deserialization/FirDeserializationExtension
instanceKlass org/jetbrains/kotlin/fir/scopes/FirOverrideCheckerKt
instanceKlass org/jetbrains/kotlin/fir/java/scopes/JavaOverridabilityRules
instanceKlass org/jetbrains/kotlin/fir/scopes/PlatformSpecificOverridabilityRules
instanceKlass org/jetbrains/kotlin/name/JvmStandardClassIdsKt
instanceKlass org/jetbrains/kotlin/name/JvmStandardClassIds$Java
instanceKlass org/jetbrains/kotlin/fir/java/JvmSupertypeUpdater$DelegatedConstructorCallTransformer$Companion
instanceKlass org/jetbrains/kotlin/fir/visitors/FirVisitor
instanceKlass org/jetbrains/kotlin/fir/resolve/transformers/PlatformSupertypeUpdater
instanceKlass org/jetbrains/kotlin/config/JvmDefaultModeKt
instanceKlass org/jetbrains/kotlin/fir/java/FirJvmDefaultModeComponent
instanceKlass org/jetbrains/kotlin/fir/java/FirSyntheticPropertiesStorage$special$$inlined$createCache$1
instanceKlass org/jetbrains/kotlin/fir/java/FirSyntheticPropertiesStorage
instanceKlass org/jetbrains/kotlin/load/java/AbstractAnnotationTypeQualifierResolver$Companion
instanceKlass org/jetbrains/kotlin/load/java/AbstractAnnotationTypeQualifierResolver
instanceKlass org/jetbrains/kotlin/fir/modules/FirJavaModuleResolverProvider
instanceKlass org/jetbrains/kotlin/resolve/jvm/modules/JavaModuleResolver$SERVICE
instanceKlass org/jetbrains/kotlin/fir/analysis/checkers/FirIdentityLessPlatformDeterminer
instanceKlass org/jetbrains/kotlin/resolve/checkers/ClassifierUsageCheckerContext
instanceKlass org/jetbrains/kotlin/resolve/calls/context/ResolutionContext
instanceKlass kotlin/jvm/JvmStatic
instanceKlass org/jetbrains/kotlin/descriptors/ModuleDescriptor
instanceKlass org/jetbrains/kotlin/resolve/BindingTrace
instanceKlass org/jetbrains/kotlin/descriptors/SourceElement
instanceKlass org/jetbrains/kotlin/descriptors/ClassifierDescriptor
instanceKlass org/jetbrains/kotlin/resolve/calls/checkers/CallCheckerContext
instanceKlass org/jetbrains/kotlin/resolve/calls/model/ResolvedCall
instanceKlass org/jetbrains/kotlin/resolve/scopes/receivers/ReceiverValue
instanceKlass org/jetbrains/kotlin/resolve/scopes/receivers/Receiver
# instanceKlass java/lang/invoke/LambdaForm$MH+0x000002c314c14000
instanceKlass org/jetbrains/kotlin/descriptors/annotations/AnnotationDescriptor
instanceKlass org/jetbrains/kotlin/diagnostics/DiagnosticSink
instanceKlass org/jetbrains/kotlin/descriptors/VariableDescriptor
instanceKlass org/jetbrains/kotlin/descriptors/ValueDescriptor
instanceKlass org/jetbrains/kotlin/container/ConstructorInfo
instanceKlass  @bci org/jetbrains/kotlin/com/intellij/util/containers/MultiMap getModifiable (Ljava/lang/Object;)Ljava/util/Collection; 6 <appendix> member <vmtarget> ; # org/jetbrains/kotlin/com/intellij/util/containers/MultiMap$$Lambda+0x000002c314c123c8
instanceKlass org/jetbrains/kotlin/com/intellij/util/ObjectUtilsRt
instanceKlass org/jetbrains/kotlin/container/DefaultImplementation
instanceKlass  @bci org/jetbrains/kotlin/container/CacheKt getRegistrations (Ljava/lang/Class;)Ljava/util/List; 9 <appendix> argL0 ; # org/jetbrains/kotlin/container/CacheKt$$Lambda+0x000002c314c118b8
instanceKlass org/jetbrains/kotlin/resolve/checkers/DeclarationCheckerContext
instanceKlass org/jetbrains/kotlin/resolve/checkers/CheckerContext
instanceKlass org/jetbrains/kotlin/container/ClassInfo
instanceKlass org/jetbrains/kotlin/container/ClassTraversalCache
instanceKlass org/jetbrains/kotlin/container/CacheKt
instanceKlass org/jetbrains/kotlin/container/DynamicComponentDescriptor
instanceKlass org/jetbrains/kotlin/container/InstanceComponentDescriptor
instanceKlass org/jetbrains/kotlin/container/ComponentDescriptor
instanceKlass org/jetbrains/kotlin/container/ValueDescriptor
instanceKlass org/jetbrains/kotlin/container/ContainerKt
instanceKlass org/jetbrains/kotlin/resolve/checkers/PlatformDiagnosticSuppressor
instanceKlass org/jetbrains/kotlin/resolve/lazy/AbsentDescriptorHandler
instanceKlass org/jetbrains/kotlin/types/DynamicTypesSettings
instanceKlass org/jetbrains/kotlin/resolve/calls/results/TypeSpecificityComparator$NONE
instanceKlass org/jetbrains/kotlin/resolve/calls/results/TypeSpecificityComparator
instanceKlass org/jetbrains/kotlin/resolve/IdentifierChecker
instanceKlass org/jetbrains/kotlin/container/PlatformSpecificExtension
instanceKlass org/jetbrains/kotlin/container/PlatformExtensionsClashResolver
instanceKlass org/jetbrains/kotlin/resolve/checkers/ReturnValueAnnotationChecker
instanceKlass org/jetbrains/kotlin/resolve/AdditionalAnnotationChecker
instanceKlass org/jetbrains/kotlin/resolve/checkers/OptionalExpectationUsageChecker
instanceKlass org/jetbrains/kotlin/resolve/checkers/MissingDependencyClassChecker$ClassifierUsage
instanceKlass org/jetbrains/kotlin/resolve/checkers/ApiVersionClassifierUsageChecker
instanceKlass org/jetbrains/kotlin/resolve/checkers/DeprecatedClassifierUsageChecker
instanceKlass org/jetbrains/kotlin/resolve/checkers/ClassifierUsageChecker
instanceKlass org/jetbrains/kotlin/resolve/calls/checkers/EnumEntriesUnsupportedChecker
instanceKlass org/jetbrains/kotlin/resolve/calls/checkers/CustomEnumEntriesMigrationCallChecker
instanceKlass org/jetbrains/kotlin/resolve/calls/checkers/CompanionIncorrectlyUnboundedWhenUsedAsLHSCallChecker
instanceKlass org/jetbrains/kotlin/resolve/calls/checkers/IncorrectCapturedApproximationCallChecker
instanceKlass org/jetbrains/kotlin/resolve/calls/checkers/BuilderInferenceAssignmentChecker
instanceKlass org/jetbrains/kotlin/resolve/calls/checkers/UnsupportedUntilOperatorChecker
instanceKlass org/jetbrains/kotlin/resolve/calls/checkers/EqualityCallChecker
instanceKlass org/jetbrains/kotlin/resolve/calls/checkers/ResolutionToPrivateConstructorOfSealedClassChecker
instanceKlass org/jetbrains/kotlin/resolve/calls/checkers/CompanionInParenthesesLHSCallChecker
instanceKlass org/jetbrains/kotlin/resolve/calls/checkers/EnumEntryVsCompanionPriorityCallChecker
instanceKlass org/jetbrains/kotlin/resolve/calls/checkers/NewSchemeOfIntegerOperatorResolutionChecker
instanceKlass org/jetbrains/kotlin/resolve/calls/checkers/SelfCallInNestedObjectConstructorChecker
instanceKlass org/jetbrains/kotlin/resolve/calls/checkers/VarargWrongExecutionOrderChecker
instanceKlass org/jetbrains/kotlin/resolve/calls/checkers/ReferencingToUnderscoreNamedParameterOfCatchBlockChecker
instanceKlass org/jetbrains/kotlin/resolve/checkers/NullableExtensionOperatorWithSafeCallChecker
instanceKlass org/jetbrains/kotlin/resolve/calls/checkers/FunInterfaceConstructorReferenceChecker
instanceKlass org/jetbrains/kotlin/resolve/calls/checkers/UnitConversionCallChecker
instanceKlass org/jetbrains/kotlin/resolve/calls/checkers/SuspendConversionCallChecker
instanceKlass org/jetbrains/kotlin/resolve/calls/checkers/AbstractClassInstantiationChecker
instanceKlass org/jetbrains/kotlin/resolve/checkers/MissingDependencySupertypeChecker$ForCalls
instanceKlass org/jetbrains/kotlin/diagnostics/Diagnostic
instanceKlass org/jetbrains/kotlin/resolve/calls/checkers/ReifiedTypeParameterSubstitutionChecker
instanceKlass org/jetbrains/kotlin/resolve/calls/checkers/ContractNotAllowedCallChecker
instanceKlass org/jetbrains/kotlin/resolve/calls/checkers/NamedFunAsExpressionChecker
instanceKlass org/jetbrains/kotlin/resolve/calls/checkers/NullableVarargArgumentCallChecker
instanceKlass org/jetbrains/kotlin/resolve/calls/checkers/ResultTypeWithNullableOperatorsChecker
instanceKlass org/jetbrains/kotlin/resolve/calls/checkers/UselessElvisCallChecker
instanceKlass org/jetbrains/kotlin/resolve/calls/checkers/LambdaWithSuspendModifierCallChecker
instanceKlass org/jetbrains/kotlin/resolve/checkers/PrimitiveNumericComparisonCallChecker
instanceKlass org/jetbrains/kotlin/resolve/calls/checkers/ImplicitNothingAsTypeParameterCallChecker
instanceKlass org/jetbrains/kotlin/resolve/calls/checkers/AssigningNamedArgumentToVarargChecker
instanceKlass org/jetbrains/kotlin/resolve/calls/checkers/UnderscoreUsageChecker
instanceKlass org/jetbrains/kotlin/resolve/calls/checkers/CallableReferenceCompatibilityChecker
instanceKlass org/jetbrains/kotlin/resolve/checkers/MissingDependencyClassChecker
instanceKlass org/jetbrains/kotlin/resolve/calls/checkers/DslScopeViolationCallChecker
instanceKlass org/jetbrains/kotlin/resolve/calls/checkers/BuilderFunctionsCallChecker
instanceKlass org/jetbrains/kotlin/resolve/calls/checkers/CoroutineSuspendCallChecker
instanceKlass org/jetbrains/kotlin/resolve/calls/checkers/ApiVersionCallChecker
instanceKlass org/jetbrains/kotlin/descriptors/ConstructorDescriptor
instanceKlass org/jetbrains/kotlin/descriptors/FunctionDescriptor
instanceKlass org/jetbrains/kotlin/descriptors/CallableMemberDescriptor
instanceKlass org/jetbrains/kotlin/descriptors/MemberDescriptor
instanceKlass org/jetbrains/kotlin/descriptors/CallableDescriptor
instanceKlass org/jetbrains/kotlin/descriptors/Substitutable
instanceKlass org/jetbrains/kotlin/descriptors/DeclarationDescriptorWithVisibility
instanceKlass org/jetbrains/kotlin/descriptors/DeclarationDescriptorNonRoot
instanceKlass org/jetbrains/kotlin/descriptors/DeclarationDescriptorWithSource
instanceKlass org/jetbrains/kotlin/descriptors/DeclarationDescriptor
instanceKlass org/jetbrains/kotlin/descriptors/ValidateableDescriptor
instanceKlass org/jetbrains/kotlin/descriptors/Named
instanceKlass org/jetbrains/kotlin/resolve/calls/checkers/ProtectedConstructorCallChecker
instanceKlass org/jetbrains/kotlin/resolve/calls/checkers/ConstructorHeaderCallChecker
instanceKlass org/jetbrains/kotlin/resolve/calls/checkers/OperatorCallChecker$Companion
instanceKlass org/jetbrains/kotlin/resolve/calls/checkers/OperatorCallChecker
instanceKlass org/jetbrains/kotlin/resolve/calls/checkers/InfixCallChecker
instanceKlass org/jetbrains/kotlin/resolve/calls/checkers/CallReturnsArrayOfNothingChecker
instanceKlass kotlin/jvm/internal/SpreadBuilder
instanceKlass org/jetbrains/kotlin/resolve/calls/checkers/DeprecatedCallChecker
instanceKlass org/jetbrains/kotlin/resolve/checkers/TrailingCommaCallChecker
instanceKlass org/jetbrains/kotlin/resolve/calls/checkers/SafeCallChecker
instanceKlass org/jetbrains/kotlin/resolve/calls/checkers/SynchronizedByValueChecker
instanceKlass org/jetbrains/kotlin/resolve/calls/checkers/InlineCheckerWrapper
instanceKlass org/jetbrains/kotlin/resolve/calls/checkers/CapturingInClosureChecker
instanceKlass org/jetbrains/kotlin/resolve/calls/checkers/CallChecker
instanceKlass org/jetbrains/kotlin/resolve/checkers/StubForBuilderInferenceParameterTypeChecker
instanceKlass org/jetbrains/kotlin/resolve/checkers/ActualTypealiasToSpecialAnnotationChecker
instanceKlass org/jetbrains/kotlin/resolve/checkers/VolatileAnnotationChecker
instanceKlass org/jetbrains/kotlin/resolve/checkers/EnumEntriesRedeclarationChecker
instanceKlass org/jetbrains/kotlin/resolve/checkers/DataObjectContentChecker
instanceKlass org/jetbrains/kotlin/resolve/calls/checkers/UnsupportedUntilRangeDeclarationChecker
instanceKlass org/jetbrains/kotlin/resolve/checkers/CyclicAnnotationsChecker
instanceKlass org/jetbrains/kotlin/resolve/checkers/ValueParameterUsageInDefaultArgumentChecker
instanceKlass org/jetbrains/kotlin/resolve/checkers/SubtypingBetweenContextReceiversChecker
instanceKlass org/jetbrains/kotlin/resolve/checkers/ContextualDeclarationChecker
instanceKlass org/jetbrains/kotlin/resolve/checkers/EnumCompanionInEnumConstructorCallChecker
instanceKlass org/jetbrains/kotlin/resolve/checkers/SuspendFunctionAsSupertypeChecker
instanceKlass org/jetbrains/kotlin/resolve/checkers/SealedInterfaceAllowedChecker
instanceKlass org/jetbrains/kotlin/resolve/checkers/SealedInheritorInSameModuleChecker
instanceKlass org/jetbrains/kotlin/types/KotlinType
instanceKlass org/jetbrains/kotlin/resolve/checkers/SealedInheritorInSamePackageChecker
instanceKlass org/jetbrains/kotlin/resolve/checkers/PrivateInlineFunctionsReturningAnonymousObjectsChecker
instanceKlass org/jetbrains/kotlin/resolve/checkers/ContractDescriptionBlockChecker
instanceKlass org/jetbrains/kotlin/resolve/checkers/DeprecatedSinceKotlinAnnotationChecker
instanceKlass org/jetbrains/kotlin/resolve/checkers/DeprecationInheritanceChecker
instanceKlass org/jetbrains/kotlin/resolve/checkers/FunInterfaceDeclarationChecker
instanceKlass org/jetbrains/kotlin/resolve/checkers/MissingDependencySupertypeChecker$ForDeclarations
instanceKlass org/jetbrains/kotlin/resolve/checkers/TrailingCommaDeclarationChecker
instanceKlass org/jetbrains/kotlin/resolve/checkers/TailrecFunctionChecker
instanceKlass org/jetbrains/kotlin/resolve/checkers/ExplicitApiDeclarationChecker$Companion
instanceKlass org/jetbrains/kotlin/resolve/checkers/ExplicitApiDeclarationChecker
instanceKlass org/jetbrains/kotlin/resolve/checkers/LocalVariableTypeParametersChecker
instanceKlass org/jetbrains/kotlin/resolve/checkers/ResultClassInReturnTypeChecker
instanceKlass org/jetbrains/kotlin/resolve/checkers/ReservedMembersAndConstructsForValueClass$Companion
instanceKlass org/jetbrains/kotlin/resolve/checkers/ReservedMembersAndConstructsForValueClass
instanceKlass org/jetbrains/kotlin/resolve/checkers/AnnotationClassTargetAndRetentionChecker
instanceKlass org/jetbrains/kotlin/resolve/checkers/InnerClassInsideValueClass
instanceKlass org/jetbrains/kotlin/resolve/checkers/PropertiesWithBackingFieldsInsideValueClass
instanceKlass org/jetbrains/kotlin/resolve/checkers/MultiFieldValueClassAnnotationsChecker
instanceKlass org/jetbrains/kotlin/resolve/checkers/ValueClassDeclarationChecker
instanceKlass org/jetbrains/kotlin/resolve/checkers/SuspendLimitationsChecker
instanceKlass org/jetbrains/kotlin/resolve/checkers/KClassWithIncorrectTypeArgumentChecker
instanceKlass org/jetbrains/kotlin/resolve/checkers/DelegationChecker
instanceKlass org/jetbrains/kotlin/resolve/checkers/DynamicReceiverChecker
instanceKlass org/jetbrains/kotlin/resolve/checkers/ReifiedTypeParameterAnnotationChecker
instanceKlass org/jetbrains/kotlin/resolve/RequireKotlinConstants
instanceKlass org/jetbrains/kotlin/resolve/AnnotationsKt
instanceKlass org/jetbrains/kotlin/resolve/checkers/KotlinVersionStringAnnotationValueChecker
instanceKlass org/jetbrains/kotlin/resolve/checkers/InfixModifierChecker
instanceKlass org/jetbrains/kotlin/descriptors/annotations/Annotated
instanceKlass org/jetbrains/kotlin/resolve/checkers/InlineParameterChecker
instanceKlass org/jetbrains/kotlin/resolve/checkers/UnderscoreChecker
instanceKlass org/jetbrains/kotlin/resolve/checkers/ConstModifierChecker
instanceKlass org/jetbrains/kotlin/resolve/checkers/DataClassDeclarationChecker
instanceKlass org/jetbrains/kotlin/resolve/checkers/ExpectActualClassifiersAreInBetaChecker
instanceKlass org/jetbrains/kotlin/resolve/checkers/ActualClassifierMustHasTheSameMembersAsNonFinalExpectClassifierChecker
instanceKlass org/jetbrains/kotlin/resolve/checkers/ExpectActualInTheSameModuleChecker
instanceKlass org/jetbrains/kotlin/resolve/checkers/DeclarationChecker
instanceKlass org/jetbrains/kotlin/resolve/PlatformConfiguratorBaseKt
instanceKlass org/jetbrains/kotlin/container/ComponentRegistry
instanceKlass org/jetbrains/kotlin/com/intellij/util/containers/MultiMap
instanceKlass org/jetbrains/kotlin/container/ComponentStorage
instanceKlass org/jetbrains/kotlin/container/ValueResolver
instanceKlass  @bci org/jetbrains/kotlin/container/StorageComponentContainer <init> (Ljava/lang/String;Lorg/jetbrains/kotlin/container/StorageComponentContainer;)V 18 <appendix> member <vmtarget> ; # org/jetbrains/kotlin/container/StorageComponentContainer$$Lambda+0x000002c314bfbb48
instanceKlass org/jetbrains/kotlin/container/ComponentResolveContext
instanceKlass org/jetbrains/kotlin/container/ValueResolveContext
instanceKlass org/jetbrains/kotlin/container/DslKt
instanceKlass  @bci org/jetbrains/kotlin/resolve/PlatformConfiguratorBase <init> (Lorg/jetbrains/kotlin/types/DynamicTypesSettings;Ljava/util/List;Ljava/util/List;Ljava/util/List;Ljava/util/List;Ljava/util/List;Ljava/util/List;Ljava/util/List;Lorg/jetbrains/kotlin/resolve/IdentifierChecker;Lorg/jetbrains/kotlin/resolve/OverloadFilter;Lorg/jetbrains/kotlin/builtins/PlatformToKotlinClassMapper;Lorg/jetbrains/kotlin/builtins/PlatformSpecificCastChecker;Lorg/jetbrains/kotlin/resolve/lazy/DelegationFilter;Lorg/jetbrains/kotlin/resolve/OverridesBackwardCompatibilityHelper;Lorg/jetbrains/kotlin/resolve/DeclarationReturnTypeSanitizer;)V 154 <appendix> member <vmtarget> ; # org/jetbrains/kotlin/resolve/PlatformConfiguratorBase$$Lambda+0x000002c314bfb0b8
instanceKlass org/jetbrains/kotlin/container/StorageComponentContainer
instanceKlass org/jetbrains/kotlin/container/ComponentProvider
instanceKlass org/jetbrains/kotlin/container/ComponentContainer
instanceKlass org/jetbrains/kotlin/resolve/PlatformConfiguratorBase
instanceKlass org/jetbrains/kotlin/resolve/PlatformConfigurator
instanceKlass  @bci org/jetbrains/kotlin/resolve/DefaultImportProvider <init> ()V 21 <appendix> member <vmtarget> ; # org/jetbrains/kotlin/resolve/DefaultImportProvider$$Lambda+0x000002c314bf9f38
instanceKlass org/jetbrains/kotlin/resolve/DefaultImportProvider$DefaultImportsKey
instanceKlass org/jetbrains/kotlin/resolve/DefaultImportProvider
instanceKlass org/jetbrains/kotlin/fir/scopes/FirDefaultImportProviderHolder
instanceKlass org/jetbrains/kotlin/fir/scopes/impl/FirDelegatedMembersFilter
instanceKlass org/jetbrains/kotlin/fir/analysis/FirOverridesBackwardCompatibilityHelper
instanceKlass org/jetbrains/kotlin/fir/scopes/FirPlatformClassMapper
instanceKlass org/jetbrains/kotlin/fir/resolve/calls/overloads/ConeCallConflictResolverFactory
instanceKlass org/jetbrains/kotlin/fir/FirVisibilityChecker
instanceKlass org/jetbrains/kotlin/fir/declarations/FirMustUseReturnValueStatusComponent$Companion
instanceKlass org/jetbrains/kotlin/fir/declarations/FirMustUseReturnValueStatusComponent
instanceKlass org/jetbrains/kotlin/fir/analysis/diagnostics/FirComposedDiagnosticRendererFactory
instanceKlass org/jetbrains/kotlin/diagnostics/rendering/DiagnosticRendererFactory
instanceKlass org/jetbrains/kotlin/fir/FirPlatformSpecificCastChecker
instanceKlass org/jetbrains/kotlin/fir/types/FirMissingDependencyStorage$cache$1
instanceKlass org/jetbrains/kotlin/fir/types/FirMissingDependencyStorage
instanceKlass org/jetbrains/kotlin/fir/analysis/checkers/expression/FirGenericArrayClassLiteralSupport$Disabled
instanceKlass org/jetbrains/kotlin/fir/analysis/checkers/expression/FirGenericArrayClassLiteralSupport
instanceKlass org/jetbrains/kotlin/fir/analysis/checkers/FirPrimaryConstructorSuperTypeCheckerPlatformComponent
instanceKlass org/jetbrains/kotlin/name/StandardClassIds$Annotations
instanceKlass  @bci org/jetbrains/kotlin/fir/declarations/FirAnnotationsPlatformSpecificSupportComponent <init> ()V 45 <appendix> member <vmtarget> ; # org/jetbrains/kotlin/fir/declarations/FirAnnotationsPlatformSpecificSupportComponent$$Lambda+0x000002c314bf5f70
instanceKlass  @bci org/jetbrains/kotlin/fir/declarations/FirAnnotationsPlatformSpecificSupportComponent <init> ()V 32 <appendix> member <vmtarget> ; # org/jetbrains/kotlin/fir/declarations/FirAnnotationsPlatformSpecificSupportComponent$$Lambda+0x000002c314bf5d50
instanceKlass  @bci org/jetbrains/kotlin/fir/declarations/FirAnnotationsPlatformSpecificSupportComponent <init> ()V 19 <appendix> member <vmtarget> ; # org/jetbrains/kotlin/fir/declarations/FirAnnotationsPlatformSpecificSupportComponent$$Lambda+0x000002c314bf5b30
instanceKlass  @bci org/jetbrains/kotlin/fir/declarations/FirAnnotationsPlatformSpecificSupportComponent <init> ()V 6 <appendix> member <vmtarget> ; # org/jetbrains/kotlin/fir/declarations/FirAnnotationsPlatformSpecificSupportComponent$$Lambda+0x000002c314bf5910
instanceKlass org/jetbrains/kotlin/fir/declarations/FirAnnotationsPlatformSpecificSupportComponent
instanceKlass org/jetbrains/kotlin/fir/resolve/calls/overloads/FirDeclarationOverloadabilityHelperImpl
instanceKlass org/jetbrains/kotlin/fir/declarations/FirDeclarationOverloadabilityHelper
instanceKlass org/jetbrains/kotlin/fir/scopes/impl/FirAbstractOverrideChecker
instanceKlass org/jetbrains/kotlin/fir/scopes/FirOverrideChecker
instanceKlass  @bci org/jetbrains/kotlin/fir/scopes/impl/FirEnumEntriesSupport <init> (Lorg/jetbrains/kotlin/fir/FirSession;)V 17 <appendix> member <vmtarget> ; # org/jetbrains/kotlin/fir/scopes/impl/FirEnumEntriesSupport$$Lambda+0x000002c314bf47b8
instanceKlass org/jetbrains/kotlin/fir/scopes/impl/FirEnumEntriesSupport
instanceKlass kotlin/jvm/internal/TypeIntrinsics
instanceKlass org/jetbrains/kotlin/fir/MutableOrEmptyList$Companion
instanceKlass org/jetbrains/kotlin/fir/MutableOrEmptyList
instanceKlass org/jetbrains/kotlin/fir/builder/FirBuilderDslKt
instanceKlass org/jetbrains/kotlin/fir/types/TypeUtilsKt
instanceKlass org/jetbrains/kotlin/fir/types/ConeDynamicType$Companion
instanceKlass org/jetbrains/kotlin/types/model/DynamicTypeMarker
instanceKlass org/jetbrains/kotlin/types/model/FlexibleTypeMarker
instanceKlass org/jetbrains/kotlin/fir/types/builder/FirResolvedTypeRefBuilder
instanceKlass org/jetbrains/kotlin/fir/builder/FirAnnotationContainerBuilder
instanceKlass org/jetbrains/kotlin/fir/scopes/impl/FirDynamicMembersStorage$special$$inlined$createCache$3
instanceKlass org/jetbrains/kotlin/fir/scopes/impl/FirDynamicMembersStorage$special$$inlined$createCache$2
instanceKlass org/jetbrains/kotlin/fir/scopes/impl/FirDynamicMembersStorage$special$$inlined$createCache$1
instanceKlass org/jetbrains/kotlin/fir/scopes/impl/FirDynamicMembersStorage
instanceKlass org/jetbrains/kotlin/fir/scopes/FirOverrideService
instanceKlass  @bci org/jetbrains/kotlin/fir/resolve/FirSamConstructorStorage <init> (Lorg/jetbrains/kotlin/fir/FirSession;)V 15 <appendix> argL0 ; # org/jetbrains/kotlin/fir/resolve/FirSamConstructorStorage$$Lambda+0x000002c314bf1288
instanceKlass org/jetbrains/kotlin/fir/resolve/FirSamResolver
instanceKlass org/jetbrains/kotlin/fir/SessionAndScopeSessionHolder
instanceKlass org/jetbrains/kotlin/fir/SessionHolder
instanceKlass org/jetbrains/kotlin/fir/ScopeSessionHolder
instanceKlass org/jetbrains/kotlin/fir/resolve/FirSamConstructorStorage
instanceKlass  @bci org/jetbrains/kotlin/fir/scopes/impl/FirGeneratedMemberDeclarationsStorage <init> (Lorg/jetbrains/kotlin/fir/FirSession;)V 49 <appendix> member <vmtarget> ; # org/jetbrains/kotlin/fir/scopes/impl/FirGeneratedMemberDeclarationsStorage$$Lambda+0x000002c314bf0630
instanceKlass org/jetbrains/kotlin/fir/scopes/impl/FirGeneratedMemberDeclarationsStorage$ClassifierStorage
instanceKlass  @bci org/jetbrains/kotlin/fir/scopes/impl/FirGeneratedMemberDeclarationsStorage <init> (Lorg/jetbrains/kotlin/fir/FirSession;)V 32 <appendix> member <vmtarget> ; # org/jetbrains/kotlin/fir/scopes/impl/FirGeneratedMemberDeclarationsStorage$$Lambda+0x000002c314bf0208
instanceKlass org/jetbrains/kotlin/fir/scopes/impl/FirGeneratedMemberDeclarationsStorage$CallableStorage
instanceKlass org/jetbrains/kotlin/fir/scopes/impl/FirGeneratedMemberDeclarationsStorage$StorageContext
instanceKlass org/jetbrains/kotlin/fir/symbols/impl/FirThisOwnerSymbol
instanceKlass org/jetbrains/kotlin/mpp/ClassLikeSymbolMarker
instanceKlass org/jetbrains/kotlin/mpp/ClassifierSymbolMarker
instanceKlass org/jetbrains/kotlin/fir/scopes/impl/FirGeneratedMemberDeclarationsStorage
instanceKlass org/jetbrains/kotlin/fir/scopes/impl/FirSynthesizedStorage$special$$inlined$createCache$1
instanceKlass org/jetbrains/kotlin/fir/scopes/impl/FirSynthesizedStorage
instanceKlass  @bci org/jetbrains/kotlin/fir/scopes/impl/FirTypealiasConstructorStorage <init> (Lorg/jetbrains/kotlin/fir/FirSession;)V 31 <appendix> argL0 ; # org/jetbrains/kotlin/fir/scopes/impl/FirTypealiasConstructorStorage$$Lambda+0x000002c314bee830
instanceKlass org/jetbrains/kotlin/mpp/ConstructorSymbolMarker
instanceKlass org/jetbrains/kotlin/fir/scopes/impl/FirTypealiasConstructorStorage
instanceKlass org/jetbrains/kotlin/fir/scopes/impl/FirIntersectionOverrideStorage$special$$inlined$createCache$1
instanceKlass org/jetbrains/kotlin/fir/scopes/impl/FirIntersectionOverrideStorage
instanceKlass org/jetbrains/kotlin/fir/scopes/impl/FirSubstitutionOverrideStorage$special$$inlined$createCache$1
instanceKlass org/jetbrains/kotlin/fir/scopes/impl/FirSubstitutionOverrideStorage
instanceKlass org/jetbrains/kotlin/fir/resolve/FirDefaultParametersResolver
instanceKlass  @bci org/jetbrains/kotlin/fir/types/FirCorrespondingSupertypesCache <init> (Lorg/jetbrains/kotlin/fir/FirSession;)V 29 <appendix> member <vmtarget> ; # org/jetbrains/kotlin/fir/types/FirCorrespondingSupertypesCache$$Lambda+0x000002c314becec0
instanceKlass org/jetbrains/kotlin/types/TypeCheckerState
instanceKlass org/jetbrains/kotlin/fir/types/FirCorrespondingSupertypesCache
instanceKlass org/jetbrains/kotlin/fir/scopes/impl/FirDeclaredMemberScopeProvider$nestedClassifierCache$1
instanceKlass  @bci org/jetbrains/kotlin/fir/scopes/impl/FirDeclaredMemberScopeProvider <init> (Lorg/jetbrains/kotlin/fir/FirSession;)V 43 <appendix> member <vmtarget> ; # org/jetbrains/kotlin/fir/scopes/impl/FirDeclaredMemberScopeProvider$$Lambda+0x000002c314bec220
instanceKlass org/jetbrains/kotlin/fir/scopes/FirScope
instanceKlass org/jetbrains/kotlin/fir/scopes/impl/FirDeclaredMemberScopeProvider$DeclaredMemberScopeContext
instanceKlass kotlin/time/DurationUnitKt__DurationUnitJvmKt
instanceKlass kotlin/time/DurationKt
instanceKlass kotlin/time/DurationJvmKt
instanceKlass kotlin/time/Duration$Companion
instanceKlass kotlin/time/Duration
instanceKlass org/jetbrains/kotlin/fir/scopes/impl/FirDeclaredMemberScopeProvider
instanceKlass org/jetbrains/kotlin/fir/resolve/inference/InferenceComponents$ConstraintSystemFactory
instanceKlass org/jetbrains/kotlin/resolve/calls/inference/components/PostponedArgumentInputTypesResolver$Companion
instanceKlass org/jetbrains/kotlin/builtins/functions/FunctionTypeKind
instanceKlass org/jetbrains/kotlin/resolve/calls/inference/components/PostponedArgumentInputTypesResolver
instanceKlass org/jetbrains/kotlin/resolve/calls/inference/components/VariableFixationFinder
instanceKlass org/jetbrains/kotlin/resolve/calls/inference/components/ResultTypeResolver
instanceKlass org/jetbrains/kotlin/resolve/calls/inference/components/ConstraintInjector
instanceKlass org/jetbrains/kotlin/resolve/calls/inference/components/InferenceLogger
instanceKlass org/jetbrains/kotlin/fir/resolve/inference/FirInferenceLoggerKt
instanceKlass org/jetbrains/kotlin/fir/resolve/inference/ConeConstraintSystemUtilContext
instanceKlass org/jetbrains/kotlin/resolve/calls/inference/components/ConstraintSystemUtilContext
instanceKlass org/jetbrains/kotlin/resolve/calls/inference/components/ConstraintIncorporator
instanceKlass org/jetbrains/kotlin/resolve/calls/inference/components/TrivialConstraintTypeInferenceOracle$Companion
instanceKlass org/jetbrains/kotlin/resolve/calls/inference/components/TrivialConstraintTypeInferenceOracle
instanceKlass org/jetbrains/kotlin/fir/types/TypeComponentsKt
instanceKlass org/jetbrains/kotlin/fir/resolve/inference/InferenceComponents
instanceKlass org/jetbrains/kotlin/fir/FirLanguageSettingsComponentKt
instanceKlass org/jetbrains/kotlin/types/AbstractTypeApproximator$Companion
instanceKlass org/jetbrains/kotlin/types/AbstractTypeApproximator
instanceKlass org/jetbrains/kotlin/fir/types/TypeComponents$typeContext$1
instanceKlass org/jetbrains/kotlin/fir/types/ConeInferenceContext
instanceKlass org/jetbrains/kotlin/types/model/TypeSystemInferenceExtensionContext
instanceKlass org/jetbrains/kotlin/types/model/TypeSystemCommonSuperTypesContext
instanceKlass org/jetbrains/kotlin/types/model/TypeSystemTypeFactoryContext
instanceKlass org/jetbrains/kotlin/types/model/TypeSystemBuiltInsContext
instanceKlass org/jetbrains/kotlin/fir/types/ConeTypeContext
instanceKlass org/jetbrains/kotlin/types/model/TypeCheckerProviderContext
instanceKlass org/jetbrains/kotlin/types/TypeSystemCommonBackendContext
instanceKlass org/jetbrains/kotlin/types/model/TypeSystemContext
instanceKlass org/jetbrains/kotlin/types/model/TypeSystemOptimizationContext
instanceKlass org/jetbrains/kotlin/fir/types/TypeComponents
instanceKlass org/jetbrains/kotlin/fir/FirLanguageSettingsComponent
instanceKlass org/jetbrains/kotlin/fir/resolve/transformers/FirJumpingPhaseComputationSessionForLocalClassesProvider
instanceKlass org/jetbrains/kotlin/fir/declarations/FirHiddenDeprecationProvider
instanceKlass org/jetbrains/kotlin/fir/extensions/predicate/PredicateVisitor
instanceKlass org/jetbrains/kotlin/fir/extensions/FirPredicateBasedProviderImpl$Cache
instanceKlass org/jetbrains/kotlin/fir/extensions/FirRegisteredPluginAnnotationsKt
instanceKlass org/jetbrains/kotlin/fir/extensions/FirPredicateBasedProvider
instanceKlass org/jetbrains/kotlin/com/google/common/collect/LinkedHashMultimap$ValueSetLink
instanceKlass org/jetbrains/kotlin/com/google/common/collect/Maps$EntryTransformer
instanceKlass org/jetbrains/kotlin/com/google/common/base/Converter
instanceKlass org/jetbrains/kotlin/com/google/common/base/Function
instanceKlass org/jetbrains/kotlin/com/google/common/collect/SortedMapDifference
instanceKlass org/jetbrains/kotlin/com/google/common/collect/MapDifference
instanceKlass org/jetbrains/kotlin/com/google/common/collect/Maps
instanceKlass org/jetbrains/kotlin/com/google/common/collect/Platform
instanceKlass org/jetbrains/kotlin/com/google/common/collect/Multiset
instanceKlass org/jetbrains/kotlin/com/google/common/collect/AbstractMultimap
instanceKlass org/jetbrains/kotlin/com/google/common/collect/SetMultimap
instanceKlass org/jetbrains/kotlin/com/google/common/collect/Multimap
instanceKlass org/jetbrains/kotlin/fir/extensions/AbstractFirRegisteredPluginAnnotations$special$$inlined$createCache$1
instanceKlass org/jetbrains/kotlin/util/AbstractArrayMapOwner$AbstractArrayMapAccessor
instanceKlass org/jetbrains/kotlin/fir/caches/FirCachesFactoryKt
instanceKlass org/jetbrains/kotlin/fir/extensions/FirRegisteredPluginAnnotations
instanceKlass org/jetbrains/kotlin/fir/scopes/FirLookupDefaultStarImportsInSourcesSettingHolder$Companion
instanceKlass org/jetbrains/kotlin/fir/scopes/FirLookupDefaultStarImportsInSourcesSettingHolder
instanceKlass org/jetbrains/kotlin/fir/FirExceptionHandler
instanceKlass  @bci org/jetbrains/kotlin/fir/symbols/FirLazyDeclarationResolver <init> ()V 23 <appendix> argL0 ; # org/jetbrains/kotlin/fir/symbols/FirLazyDeclarationResolver$$Lambda+0x000002c314bd86a0
instanceKlass  @bci org/jetbrains/kotlin/fir/symbols/FirLazyDeclarationResolver <init> ()V 5 <appendix> argL0 ; # org/jetbrains/kotlin/fir/symbols/FirLazyDeclarationResolver$$Lambda+0x000002c314bd8488
instanceKlass org/jetbrains/kotlin/fir/symbols/FirLazyDeclarationResolver
instanceKlass org/jetbrains/kotlin/fir/declarations/SealedClassInheritorsProvider
instanceKlass  @bci org/jetbrains/kotlin/fir/util/ConeTypeRegistry customComputeIfAbsent (Ljava/util/concurrent/ConcurrentHashMap;Ljava/lang/String;Lkotlin/jvm/functions/Function1;)I 21 <appendix> member <vmtarget> ; # org/jetbrains/kotlin/fir/util/ConeTypeRegistry$$Lambda+0x000002c314bd2cf8
instanceKlass  @bci org/jetbrains/kotlin/util/TypeRegistry getId (Ljava/lang/String;)I 13 <appendix> member <vmtarget> ; # org/jetbrains/kotlin/util/TypeRegistry$$Lambda+0x000002c314bd2ad8
instanceKlass org/jetbrains/kotlin/fir/types/CompilerConeAttributes
instanceKlass org/jetbrains/kotlin/fir/types/ConeAttribute
instanceKlass org/jetbrains/kotlin/types/model/AnnotationMarker
instanceKlass org/jetbrains/kotlin/fir/types/ConeClassifierLookupTag
instanceKlass org/jetbrains/kotlin/fir/types/ConeTypeConstructorMarker
instanceKlass org/jetbrains/kotlin/types/model/TypeConstructorMarker
instanceKlass org/jetbrains/kotlin/fir/types/TypeConstructionUtilsKt
instanceKlass org/jetbrains/kotlin/fir/types/ConeTypeProjection$Companion
instanceKlass org/jetbrains/kotlin/types/model/TypeArgumentListMarker
instanceKlass org/jetbrains/kotlin/types/model/SimpleTypeMarker
instanceKlass org/jetbrains/kotlin/types/model/RigidTypeMarker
instanceKlass org/jetbrains/kotlin/fir/types/ConeTypeProjection
instanceKlass org/jetbrains/kotlin/types/model/TypeArgumentMarker
instanceKlass org/jetbrains/kotlin/name/ClassId$Companion
instanceKlass org/jetbrains/kotlin/name/StandardClassIdsKt
instanceKlass org/jetbrains/kotlin/name/StandardClassIds
instanceKlass org/jetbrains/kotlin/mpp/TypeRefMarker
instanceKlass org/jetbrains/kotlin/fir/BuiltinTypes
instanceKlass org/jetbrains/kotlin/util/ArrayMapImpl$Companion
instanceKlass org/jetbrains/kotlin/fir/session/FirJvmSessionFactory$LibraryContext
instanceKlass org/jetbrains/kotlin/fir/session/FirAbstractSessionFactory
instanceKlass  @bci org/jetbrains/kotlin/cli/pipeline/jvm/JvmFrontendPipelinePhase prepareJvmSessions (Ljava/util/List;Lorg/jetbrains/kotlin/name/Name;Lorg/jetbrains/kotlin/config/CompilerConfiguration;Lorg/jetbrains/kotlin/cli/jvm/compiler/VfsBasedProjectEnvironment;Lorg/jetbrains/kotlin/fir/session/environment/AbstractProjectFileSearchScope;Lorg/jetbrains/kotlin/fir/DependencyListForCliModule;Lkotlin/jvm/functions/Function1;Lkotlin/jvm/functions/Function1;Lkotlin/jvm/functions/Function2;Lkotlin/jvm/functions/Function1;)Ljava/util/List; 207 <appendix> member <vmtarget> ; # org/jetbrains/kotlin/cli/pipeline/jvm/JvmFrontendPipelinePhase$$Lambda+0x000002c314bcbc00
instanceKlass  @cpi org/jetbrains/kotlin/cli/pipeline/jvm/JvmFrontendPipelinePhase 987 form vmentry <vmtarget> ; # java/lang/invoke/LambdaForm$DMH+0x000002c314bcc000
instanceKlass org/jetbrains/kotlin/cli/common/FirSessionProducer
instanceKlass  @bci org/jetbrains/kotlin/cli/pipeline/jvm/JvmFrontendPipelinePhase prepareJvmSessions (Ljava/util/List;Lorg/jetbrains/kotlin/name/Name;Lorg/jetbrains/kotlin/config/CompilerConfiguration;Lorg/jetbrains/kotlin/cli/jvm/compiler/VfsBasedProjectEnvironment;Lorg/jetbrains/kotlin/fir/session/environment/AbstractProjectFileSearchScope;Lorg/jetbrains/kotlin/fir/DependencyListForCliModule;Lkotlin/jvm/functions/Function1;Lkotlin/jvm/functions/Function1;Lkotlin/jvm/functions/Function2;Lkotlin/jvm/functions/Function1;)Ljava/util/List; 187 <appendix> member <vmtarget> ; # org/jetbrains/kotlin/cli/pipeline/jvm/JvmFrontendPipelinePhase$$Lambda+0x000002c314bcb7e8
instanceKlass  @bci org/jetbrains/kotlin/cli/pipeline/jvm/JvmFrontendPipelinePhase prepareJvmSessions (Ljava/util/List;Lorg/jetbrains/kotlin/name/Name;Lorg/jetbrains/kotlin/config/CompilerConfiguration;Lorg/jetbrains/kotlin/cli/jvm/compiler/VfsBasedProjectEnvironment;Lorg/jetbrains/kotlin/fir/session/environment/AbstractProjectFileSearchScope;Lorg/jetbrains/kotlin/fir/DependencyListForCliModule;Lkotlin/jvm/functions/Function1;Lkotlin/jvm/functions/Function1;Lkotlin/jvm/functions/Function2;Lkotlin/jvm/functions/Function1;)Ljava/util/List; 169 <appendix> member <vmtarget> ; # org/jetbrains/kotlin/cli/pipeline/jvm/JvmFrontendPipelinePhase$$Lambda+0x000002c314bcb5c8
instanceKlass org/jetbrains/kotlin/resolve/jvm/platform/JvmPlatform
instanceKlass org/jetbrains/kotlin/resolve/TargetPlatform
instanceKlass org/jetbrains/kotlin/platform/TargetPlatform
instanceKlass org/jetbrains/kotlin/platform/TargetPlatformKt
instanceKlass org/jetbrains/kotlin/platform/TargetPlatformVersion$NoVersion
instanceKlass org/jetbrains/kotlin/platform/SimplePlatform
instanceKlass org/jetbrains/kotlin/platform/jvm/JvmPlatforms
instanceKlass org/jetbrains/kotlin/cli/common/SessionConstructionUtils
instanceKlass org/jetbrains/kotlin/cli/common/localfs/KotlinLocalVirtualFile$getChildren$$inlined$sortedBy$1
instanceKlass org/jetbrains/kotlin/metadata/ProtoBuf$Annotation$ArgumentOrBuilder
instanceKlass org/jetbrains/kotlin/metadata/ProtoBuf$QualifiedNameTable$QualifiedName$Kind$1
instanceKlass org/jetbrains/kotlin/metadata/ProtoBuf$QualifiedNameTable$QualifiedNameOrBuilder
instanceKlass org/jetbrains/kotlin/load/kotlin/JvmPackagePartProviderBase$ModuleMappingInfo
instanceKlass org/jetbrains/kotlin/metadata/jvm/deserialization/ModuleMappingKt
instanceKlass org/jetbrains/kotlin/protobuf/UnmodifiableLazyStringList$2
instanceKlass org/jetbrains/kotlin/metadata/jvm/deserialization/PackageParts
instanceKlass org/jetbrains/kotlin/protobuf/Utf8
instanceKlass org/jetbrains/kotlin/metadata/jvm/JvmModuleProtoBuf$PackagePartsOrBuilder
instanceKlass org/jetbrains/kotlin/protobuf/WireFormat
instanceKlass org/jetbrains/kotlin/protobuf/CodedOutputStream
instanceKlass org/jetbrains/kotlin/protobuf/CodedInputStream
instanceKlass org/jetbrains/kotlin/metadata/jvm/JvmModuleProtoBuf$ModuleOrBuilder
instanceKlass org/jetbrains/kotlin/protobuf/ExtensionRegistryLite$ObjectIntPair
instanceKlass org/jetbrains/kotlin/metadata/ProtoBuf$TypeParameter$Variance$1
instanceKlass org/jetbrains/kotlin/metadata/ProtoBuf$TypeParameterOrBuilder
instanceKlass org/jetbrains/kotlin/metadata/ProtoBuf$EnumEntryOrBuilder
instanceKlass org/jetbrains/kotlin/metadata/ProtoBuf$Annotation$Argument$Value$Type$1
instanceKlass org/jetbrains/kotlin/protobuf/Internal$EnumLiteMap
instanceKlass org/jetbrains/kotlin/metadata/ProtoBuf$Annotation$Argument$ValueOrBuilder
instanceKlass org/jetbrains/kotlin/metadata/ProtoBuf$ValueParameterOrBuilder
instanceKlass org/jetbrains/kotlin/metadata/ProtoBuf$PropertyOrBuilder
instanceKlass org/jetbrains/kotlin/metadata/ProtoBuf$ContractOrBuilder
instanceKlass org/jetbrains/kotlin/metadata/ProtoBuf$FunctionOrBuilder
instanceKlass org/jetbrains/kotlin/metadata/ProtoBuf$ConstructorOrBuilder
instanceKlass org/jetbrains/kotlin/metadata/ProtoBuf$AnnotationOrBuilder
instanceKlass org/jetbrains/kotlin/metadata/ProtoBuf$TypeOrBuilder
instanceKlass org/jetbrains/kotlin/metadata/ProtoBuf$ClassOrBuilder
instanceKlass org/jetbrains/kotlin/protobuf/Internal$EnumLite
instanceKlass org/jetbrains/kotlin/protobuf/GeneratedMessageLite$ExtensionDescriptor
instanceKlass org/jetbrains/kotlin/protobuf/GeneratedMessageLite$GeneratedExtension
instanceKlass org/jetbrains/kotlin/metadata/ProtoBuf$VersionRequirementTableOrBuilder
instanceKlass org/jetbrains/kotlin/metadata/ProtoBuf$TypeTableOrBuilder
instanceKlass org/jetbrains/kotlin/protobuf/SmallSortedMap$EmptySet$2
instanceKlass org/jetbrains/kotlin/protobuf/SmallSortedMap$EmptySet$1
instanceKlass org/jetbrains/kotlin/protobuf/SmallSortedMap$EmptySet
instanceKlass org/jetbrains/kotlin/protobuf/LazyFieldLite
instanceKlass org/jetbrains/kotlin/protobuf/FieldSet
instanceKlass org/jetbrains/kotlin/metadata/ProtoBuf$PackageOrBuilder
instanceKlass org/jetbrains/kotlin/protobuf/GeneratedMessageLite$ExtendableMessageOrBuilder
instanceKlass org/jetbrains/kotlin/metadata/builtins/BuiltInsProtoBuf
instanceKlass org/jetbrains/kotlin/metadata/deserialization/VersionSpecificBehaviorKt
instanceKlass org/jetbrains/kotlin/load/kotlin/ModuleMappingUtilKt
instanceKlass  @bci org/jetbrains/kotlin/cli/jvm/compiler/JvmPackagePartProviderKt tryLoadModuleMapping (Lkotlin/jvm/functions/Function0;Ljava/lang/String;Ljava/lang/String;Lorg/jetbrains/kotlin/resolve/JvmCompilerDeserializationConfiguration;Lorg/jetbrains/kotlin/cli/common/messages/MessageCollector;)Lorg/jetbrains/kotlin/metadata/jvm/deserialization/ModuleMapping; 52 <appendix> member <vmtarget> ; # org/jetbrains/kotlin/cli/jvm/compiler/JvmPackagePartProviderKt$$Lambda+0x000002c314bb7220
instanceKlass org/jetbrains/kotlin/com/intellij/util/containers/ShareableKey
instanceKlass  @bci org/jetbrains/kotlin/cli/jvm/compiler/jarfs/FastJarFileSystem$cachedOpenFileHandles$1 createAccessor (Ljava/io/File;)Lkotlin/Pair; 26 <appendix> member <vmtarget> ; # org/jetbrains/kotlin/cli/jvm/compiler/jarfs/FastJarFileSystem$cachedOpenFileHandles$1$$Lambda+0x000002c314bb6e08
instanceKlass org/jetbrains/kotlin/com/intellij/util/io/ResourceHandle
instanceKlass org/jetbrains/kotlin/metadata/ProtoBuf$QualifiedNameTableOrBuilder
instanceKlass org/jetbrains/kotlin/protobuf/ByteString$ByteIterator
instanceKlass org/jetbrains/kotlin/protobuf/ByteString
instanceKlass org/jetbrains/kotlin/protobuf/ExtensionRegistryLite
instanceKlass org/jetbrains/kotlin/protobuf/AbstractParser
instanceKlass org/jetbrains/kotlin/protobuf/MessageLite$Builder
instanceKlass org/jetbrains/kotlin/protobuf/Parser
instanceKlass org/jetbrains/kotlin/protobuf/LazyStringList
instanceKlass org/jetbrains/kotlin/protobuf/ProtocolStringList
instanceKlass org/jetbrains/kotlin/protobuf/FieldSet$FieldDescriptorLite
instanceKlass org/jetbrains/kotlin/protobuf/AbstractMessageLite
instanceKlass org/jetbrains/kotlin/protobuf/MessageLite
instanceKlass org/jetbrains/kotlin/metadata/ProtoBuf$StringTableOrBuilder
instanceKlass org/jetbrains/kotlin/protobuf/MessageLiteOrBuilder
instanceKlass org/jetbrains/kotlin/metadata/deserialization/NameResolverImpl
instanceKlass org/jetbrains/kotlin/metadata/deserialization/NameResolver
instanceKlass org/jetbrains/kotlin/metadata/jvm/deserialization/BinaryModuleData
instanceKlass org/jetbrains/kotlin/metadata/jvm/deserialization/ModuleMapping$Companion
instanceKlass org/jetbrains/kotlin/metadata/jvm/deserialization/ModuleMapping
instanceKlass org/jetbrains/kotlin/cli/jvm/compiler/JvmPackagePartProviderKt
instanceKlass  @bci org/jetbrains/kotlin/cli/jvm/compiler/JvmPackagePartProvider addRoots (Ljava/util/List;Lorg/jetbrains/kotlin/cli/common/messages/MessageCollector;)V 149 <appendix> member <vmtarget> ; # org/jetbrains/kotlin/cli/jvm/compiler/JvmPackagePartProvider$$Lambda+0x000002c314bb0a40
instanceKlass org/jetbrains/kotlin/config/LanguageFeature$Companion
instanceKlass org/jetbrains/kotlin/config/LanguageFeatureBehaviorAfterSinceVersion
instanceKlass org/jetbrains/kotlin/metadata/deserialization/MetadataVersion$Companion
instanceKlass org/jetbrains/kotlin/metadata/deserialization/BinaryVersion$Companion
instanceKlass org/jetbrains/kotlin/metadata/deserialization/BinaryVersion
instanceKlass org/jetbrains/kotlin/util/MetadataHelpersKt
instanceKlass org/jetbrains/kotlin/resolve/CommonCompilerDeserializationConfiguration
instanceKlass org/jetbrains/kotlin/serialization/deserialization/DeserializationConfiguration
instanceKlass  @bci org/jetbrains/kotlin/load/kotlin/JvmPackagePartProviderBase <init> ()V 6 <appendix> member <vmtarget> ; # org/jetbrains/kotlin/load/kotlin/JvmPackagePartProviderBase$$Lambda+0x000002c314bae260
instanceKlass org/jetbrains/kotlin/load/kotlin/JvmPackagePartProviderBase$Companion
instanceKlass org/jetbrains/kotlin/load/kotlin/JvmPackagePartProviderBase
instanceKlass org/jetbrains/kotlin/load/kotlin/PackageAndMetadataPartProvider
instanceKlass org/jetbrains/kotlin/serialization/deserialization/MetadataPartProvider
instanceKlass org/jetbrains/kotlin/fir/session/environment/AbstractProjectFileSearchScope$ANY
instanceKlass org/jetbrains/kotlin/fir/session/environment/AbstractProjectFileSearchScope$EMPTY
instanceKlass  @bci org/jetbrains/kotlin/fir/java/scopes/FirRenamedForOverrideSymbolsStorage <init> (Lorg/jetbrains/kotlin/fir/caches/FirCachesFactory;)V 51 <appendix> argL0 ; # org/jetbrains/kotlin/fir/java/scopes/FirRenamedForOverrideSymbolsStorage$$Lambda+0x000002c314bad098
instanceKlass org/jetbrains/kotlin/fir/FirPureAbstractElement
instanceKlass org/jetbrains/kotlin/fir/declarations/FirTypeParameterRefsOwner
instanceKlass org/jetbrains/kotlin/fir/expressions/FirStatement
instanceKlass org/jetbrains/kotlin/fir/FirAnnotationContainer
instanceKlass org/jetbrains/kotlin/fir/declarations/FirControlFlowGraphOwner
instanceKlass org/jetbrains/kotlin/fir/FirElement
instanceKlass  @bci org/jetbrains/kotlin/fir/java/scopes/FirRenamedForOverrideSymbolsStorage <init> (Lorg/jetbrains/kotlin/fir/caches/FirCachesFactory;)V 38 <appendix> argL0 ; # org/jetbrains/kotlin/fir/java/scopes/FirRenamedForOverrideSymbolsStorage$$Lambda+0x000002c314baa570
instanceKlass org/jetbrains/kotlin/fir/java/scopes/FirRenamedForOverrideSymbolsStorage$AccidentalOverrideWithDeclaredFunctionHiddenCopyCreationContext
instanceKlass  @bci org/jetbrains/kotlin/fir/java/scopes/FirRenamedForOverrideSymbolsStorage <init> (Lorg/jetbrains/kotlin/fir/caches/FirCachesFactory;)V 25 <appendix> argL0 ; # org/jetbrains/kotlin/fir/java/scopes/FirRenamedForOverrideSymbolsStorage$$Lambda+0x000002c314baa150
instanceKlass  @bci org/jetbrains/kotlin/fir/java/scopes/FirRenamedForOverrideSymbolsStorage <init> (Lorg/jetbrains/kotlin/fir/caches/FirCachesFactory;)V 12 <appendix> argL0 ; # org/jetbrains/kotlin/fir/java/scopes/FirRenamedForOverrideSymbolsStorage$$Lambda+0x000002c314ba9f38
instanceKlass org/jetbrains/kotlin/fir/symbols/FirBasedSymbol
instanceKlass org/jetbrains/kotlin/mpp/SimpleFunctionSymbolMarker
instanceKlass org/jetbrains/kotlin/mpp/FunctionSymbolMarker
instanceKlass org/jetbrains/kotlin/mpp/CallableSymbolMarker
instanceKlass org/jetbrains/kotlin/mpp/DeclarationSymbolMarker
instanceKlass org/jetbrains/kotlin/fir/java/scopes/FirRenamedForOverrideSymbolsStorage$RenamedFunctionCreationContext
instanceKlass org/jetbrains/kotlin/fir/java/scopes/FirRenamedForOverrideSymbolsStorage
instanceKlass org/jetbrains/kotlin/fir/scopes/jvm/JvmMappedScope$FirMappedSymbolStorage$special$$inlined$createCache$1
instanceKlass org/jetbrains/kotlin/fir/scopes/jvm/JvmMappedScope$FirMappedSymbolStorage
instanceKlass org/jetbrains/kotlin/fir/caches/NullableMap
instanceKlass org/jetbrains/kotlin/fir/caches/FirCache
instanceKlass org/jetbrains/kotlin/fir/java/enhancement/FirEnhancedSymbolsStorage$special$$inlined$createCache$1
instanceKlass org/jetbrains/kotlin/fir/java/enhancement/FirEnhancedSymbolsStorage
instanceKlass org/jetbrains/kotlin/fir/caches/FirCachesFactory
instanceKlass org/jetbrains/kotlin/fir/session/ComponentsContainersKt
instanceKlass org/jetbrains/kotlin/fir/session/FirSharableJavaComponents
instanceKlass  @bci org/jetbrains/kotlin/cli/pipeline/PipelinePhaseKt toPostAction (Lkotlin/jvm/functions/Function3;)Lkotlin/jvm/functions/Function3; 1 <appendix> member <vmtarget> ; # org/jetbrains/kotlin/cli/pipeline/PipelinePhaseKt$$Lambda+0x000002c314ba7128
instanceKlass org/jetbrains/kotlin/config/phaser/ActionState
instanceKlass org/jetbrains/kotlin/cli/pipeline/PipelinePhaseKt
instanceKlass org/jetbrains/kotlin/cli/pipeline/CheckCompilationErrors
instanceKlass org/jetbrains/kotlin/cli/pipeline/PerformanceNotifications$AbstractNotification
instanceKlass org/jetbrains/kotlin/config/phaser/NamedCompilerPhase
instanceKlass org/jetbrains/kotlin/config/phaser/CompilerPhase
instanceKlass org/jetbrains/kotlin/fir/deserialization/ModuleDataProvider
instanceKlass org/jetbrains/kotlin/fir/DependencyListForCliModule$Builder$build$$inlined$sortedBy$1
instanceKlass org/jetbrains/kotlin/fir/deserialization/LibraryPathFilter
instanceKlass org/jetbrains/kotlin/cli/jvm/config/JvmModulePathRoot
instanceKlass org/jetbrains/kotlin/cli/jvm/config/VirtualJvmClasspathRoot
instanceKlass sun/nio/fs/WindowsLinkSupport
instanceKlass org/jetbrains/kotlin/utils/fileUtils/FileUtilsKt
instanceKlass org/jetbrains/kotlin/util/ArrayMap
instanceKlass org/jetbrains/kotlin/util/TypeRegistry
instanceKlass org/jetbrains/kotlin/util/AbstractArrayMapOwner
instanceKlass org/jetbrains/kotlin/fir/FirModuleData
instanceKlass org/jetbrains/kotlin/fir/DependencyListForCliModule$Builder$BuilderForDefaultDependenciesModule
instanceKlass org/jetbrains/kotlin/fir/DependencyListForCliModule$Builder
instanceKlass org/jetbrains/kotlin/fir/DependencyListForCliModule$Companion
instanceKlass org/jetbrains/kotlin/fir/DependencyListForCliModule
instanceKlass org/jetbrains/kotlin/cli/jvm/compiler/CliCompilerUtilsKt
instanceKlass  @bci org/jetbrains/kotlin/cli/common/FirSessionConstructionUtilsKt <clinit> ()V 8 <appendix> argL0 ; # org/jetbrains/kotlin/cli/common/FirSessionConstructionUtilsKt$$Lambda+0x000002c314ba18b0
instanceKlass  @bci org/jetbrains/kotlin/cli/common/FirSessionConstructionUtilsKt <clinit> ()V 0 <appendix> argL0 ; # org/jetbrains/kotlin/cli/common/FirSessionConstructionUtilsKt$$Lambda+0x000002c314ba1698
instanceKlass org/jetbrains/kotlin/cli/common/FirSessionConstructionUtilsKt
instanceKlass org/jetbrains/kotlin/cli/jvm/compiler/legacy/pipeline/MinimizedFrontendContext
instanceKlass org/jetbrains/kotlin/cli/jvm/compiler/legacy/pipeline/FrontendContext
instanceKlass kotlin/jvm/internal/markers/KMutableListIterator
instanceKlass kotlin/jvm/internal/markers/KMutableIterator
instanceKlass org/jetbrains/kotlin/kotlinx/collections/immutable/PersistentList$Builder
instanceKlass kotlin/jvm/internal/markers/KMutableList
instanceKlass  @bci org/jetbrains/kotlin/scripting/compiler/plugin/impl/ScriptJvmCompilerImplsKt doCompileWithK2 (Lorg/jetbrains/kotlin/scripting/compiler/plugin/impl/SharedScriptCompilationContext;Lkotlin/script/experimental/api/SourceCode;Ljava/util/List;Ljava/util/List;Lorg/jetbrains/kotlin/scripting/compiler/plugin/impl/ScriptDiagnosticsMessageCollector;Lkotlin/jvm/functions/Function1;)Lkotlin/script/experimental/api/ResultWithDiagnostics; 299 <appendix> member <vmtarget> ; # org/jetbrains/kotlin/scripting/compiler/plugin/impl/ScriptJvmCompilerImplsKt$$Lambda+0x000002c314b9d858
instanceKlass org/jetbrains/kotlin/fir/session/IncrementalCompilationContext
instanceKlass  @bci org/jetbrains/kotlin/scripting/compiler/plugin/impl/ScriptJvmCompilerImplsKt doCompileWithK2 (Lorg/jetbrains/kotlin/scripting/compiler/plugin/impl/SharedScriptCompilationContext;Lkotlin/script/experimental/api/SourceCode;Ljava/util/List;Ljava/util/List;Lorg/jetbrains/kotlin/scripting/compiler/plugin/impl/ScriptDiagnosticsMessageCollector;Lkotlin/jvm/functions/Function1;)Lkotlin/script/experimental/api/ResultWithDiagnostics; 286 <appendix> argL0 ; # org/jetbrains/kotlin/scripting/compiler/plugin/impl/ScriptJvmCompilerImplsKt$$Lambda+0x000002c314b9d438
instanceKlass org/jetbrains/kotlin/cli/jvm/compiler/legacy/pipeline/JvmCompilerPipelineKt
instanceKlass org/jetbrains/kotlin/cli/jvm/compiler/PsiBasedProjectFileSearchScope
instanceKlass org/jetbrains/kotlin/fir/session/environment/AbstractProjectFileSearchScope
instanceKlass org/jetbrains/kotlin/cli/jvm/compiler/legacy/pipeline/ModuleCompilerEnvironment
instanceKlass  @bci org/jetbrains/kotlin/cli/jvm/compiler/VfsBasedProjectEnvironmentKt toVfsBasedProjectEnvironment (Lorg/jetbrains/kotlin/cli/jvm/compiler/KotlinCoreEnvironment;)Lorg/jetbrains/kotlin/cli/jvm/compiler/VfsBasedProjectEnvironment; 29 <appendix> member <vmtarget> ; # org/jetbrains/kotlin/cli/jvm/compiler/VfsBasedProjectEnvironmentKt$$Lambda+0x000002c314b9f998
instanceKlass org/jetbrains/kotlin/load/kotlin/PackagePartProvider
instanceKlass org/jetbrains/kotlin/cli/jvm/compiler/VfsBasedProjectEnvironment
instanceKlass org/jetbrains/kotlin/fir/session/environment/AbstractProjectEnvironment
instanceKlass org/jetbrains/kotlin/cli/jvm/compiler/VfsBasedProjectEnvironmentKt
instanceKlass org/jetbrains/kotlin/diagnostics/DiagnosticReporter
instanceKlass  @bci org/jetbrains/kotlin/diagnostics/impl/BaseDiagnosticsCollector$RawReporter$Companion <clinit> ()V 10 <appendix> argL0 ; # org/jetbrains/kotlin/diagnostics/impl/BaseDiagnosticsCollector$RawReporter$Companion$$Lambda+0x000002c314b9e838
instanceKlass org/jetbrains/kotlin/diagnostics/impl/BaseDiagnosticsCollector$RawReporter$Companion
instanceKlass  @bci org/jetbrains/kotlin/diagnostics/DiagnosticReporterFactory createPendingReporter (Lorg/jetbrains/kotlin/cli/common/messages/MessageCollector;)Lorg/jetbrains/kotlin/diagnostics/impl/PendingDiagnosticsCollectorWithSuppress; 8 <appendix> member <vmtarget> ; # org/jetbrains/kotlin/diagnostics/DiagnosticReporterFactory$$Lambda+0x000002c314b9e3f8
instanceKlass org/jetbrains/kotlin/diagnostics/impl/BaseDiagnosticsCollector$RawReporter
instanceKlass org/jetbrains/kotlin/diagnostics/DiagnosticReporterFactory
instanceKlass org/jetbrains/kotlin/modules/TargetId
instanceKlass kotlin/script/experimental/jvm/JvmDependencyFromClassLoader
instanceKlass kotlin/script/experimental/impl/CompilationInternalsKt
instanceKlass  @bci org/jetbrains/kotlin/scripting/compiler/plugin/impl/ScriptJvmCompilerImplsKt compileImpl$lambda$2 (Lorg/jetbrains/kotlin/scripting/definitions/ScriptConfigurationsProvider;Lorg/jetbrains/kotlin/scripting/compiler/plugin/impl/SharedScriptCompilationContext;Lorg/jetbrains/kotlin/psi/KtFile;)Lkotlin/script/experimental/api/ScriptCompilationConfiguration; 66 <appendix> member <vmtarget> ; # org/jetbrains/kotlin/scripting/compiler/plugin/impl/ScriptJvmCompilerImplsKt$$Lambda+0x000002c314b9b5e0
instanceKlass org/jetbrains/kotlin/cli/common/messages/AnalyzerWithCompilerReport$SyntaxErrorReport
instanceKlass org/jetbrains/kotlin/psi/KtDotQualifiedExpression$Companion
instanceKlass  @bci org/jetbrains/kotlin/com/intellij/lang/impl/MarkerProduction findMarkerAtLexeme (I)I 10 <appendix> member <vmtarget> ; # org/jetbrains/kotlin/com/intellij/lang/impl/MarkerProduction$$Lambda+0x000002c314b9afa0
instanceKlass  @cpi org/jetbrains/kotlin/com/intellij/lang/impl/MarkerProduction 102 form vmentry <vmtarget> ; # java/lang/invoke/LambdaForm$DMH+0x000002c314b9c000
instanceKlass org/jetbrains/kotlin/com/intellij/openapi/project/ProjectCoreUtil
instanceKlass org/jetbrains/kotlin/psi/KtNameReferenceExpression$Companion
instanceKlass org/jetbrains/kotlin/psi/KtExpressionImpl$Companion
instanceKlass  @bci org/jetbrains/kotlin/cli/common/messages/AnalyzerWithCompilerReport$Companion reportSyntaxErrors (Lorg/jetbrains/kotlin/com/intellij/psi/PsiElement;Lorg/jetbrains/kotlin/cli/common/messages/DiagnosticMessageReporter;)Lorg/jetbrains/kotlin/cli/common/messages/AnalyzerWithCompilerReport$SyntaxErrorReport; 16 <appendix> member <vmtarget> ; # org/jetbrains/kotlin/cli/common/messages/AnalyzerWithCompilerReport$Companion$$Lambda+0x000002c314b97728
instanceKlass org/jetbrains/kotlin/com/intellij/psi/PsiErrorElement
instanceKlass org/jetbrains/kotlin/cli/common/messages/DefaultDiagnosticReporter
instanceKlass org/jetbrains/kotlin/cli/common/messages/MessageCollectorBasedReporter
instanceKlass org/jetbrains/kotlin/cli/common/messages/DiagnosticMessageReporter
instanceKlass org/jetbrains/kotlin/diagnostics/PositioningStrategy
instanceKlass org/jetbrains/kotlin/diagnostics/PositioningStrategies
instanceKlass org/jetbrains/kotlin/diagnostics/DiagnosticFactory$Companion
instanceKlass org/jetbrains/kotlin/diagnostics/DiagnosticMarker
instanceKlass org/jetbrains/kotlin/diagnostics/UnboundDiagnostic
instanceKlass org/jetbrains/kotlin/diagnostics/DiagnosticFactory
instanceKlass org/jetbrains/kotlin/cli/common/messages/AnalyzerWithCompilerReport$Companion
instanceKlass org/jetbrains/kotlin/cli/common/messages/AnalyzerWithCompilerReport
instanceKlass org/jetbrains/kotlin/analyzer/AbstractAnalyzerWithCompilerReport
instanceKlass  @bci org/jetbrains/kotlin/scripting/compiler/plugin/impl/ScriptJvmCompilerImplsKt compileImpl (Lkotlin/script/experimental/api/SourceCode;Lorg/jetbrains/kotlin/scripting/compiler/plugin/impl/SharedScriptCompilationContext;Lkotlin/script/experimental/api/ScriptCompilationConfiguration;Lorg/jetbrains/kotlin/scripting/compiler/plugin/impl/ScriptDiagnosticsMessageCollector;)Lkotlin/script/experimental/api/ResultWithDiagnostics; 281 <appendix> member <vmtarget> ; # org/jetbrains/kotlin/scripting/compiler/plugin/impl/ScriptJvmCompilerImplsKt$$Lambda+0x000002c314b8a648
instanceKlass org/jetbrains/kotlin/name/FqNamesUtilKt
instanceKlass org/jetbrains/kotlin/psi/KtStubbedPsiUtil
instanceKlass  @bci org/jetbrains/kotlin/psi/KtExpression <clinit> ()V 7 <appendix> argL0 ; # org/jetbrains/kotlin/psi/KtExpression$$Lambda+0x000002c314b8a030
instanceKlass  @bci org/jetbrains/kotlin/cli/common/UtilsKt checkKotlinPackageUsageForPsi (Lorg/jetbrains/kotlin/config/CompilerConfiguration;Ljava/util/Collection;Lorg/jetbrains/kotlin/cli/common/messages/MessageCollector;)Z 26 <appendix> argL0 ; # org/jetbrains/kotlin/cli/common/UtilsKt$$Lambda+0x000002c314b89e18
instanceKlass org/jetbrains/kotlin/cli/common/messages/CompilerMessageSourceLocation
instanceKlass  @bci org/jetbrains/kotlin/cli/common/UtilsKt checkKotlinPackageUsageForPsi (Lorg/jetbrains/kotlin/config/CompilerConfiguration;Ljava/util/Collection;Lorg/jetbrains/kotlin/cli/common/messages/MessageCollector;)Z 21 <appendix> argL0 ; # org/jetbrains/kotlin/cli/common/UtilsKt$$Lambda+0x000002c314b89a08
instanceKlass org/jetbrains/kotlin/cli/common/UtilsKt
instanceKlass  @bci java/util/regex/Pattern union (Ljava/util/regex/Pattern$CharPredicate;Ljava/util/regex/Pattern$CharPredicate;Z)Ljava/util/regex/Pattern$CharPredicate; 14 <appendix> member <vmtarget> ; # java/util/regex/Pattern$$Lambda+0x000002c314679bd8
instanceKlass  @bci java/util/regex/CharPredicates category (I)Ljava/util/regex/Pattern$CharPredicate; 1 <appendix> member <vmtarget> ; # java/util/regex/CharPredicates$$Lambda+0x000002c314679980
instanceKlass org/jetbrains/kotlin/com/intellij/util/io/URLUtil
instanceKlass org/jetbrains/kotlin/com/intellij/util/PathUtil
instanceKlass org/jetbrains/kotlin/com/intellij/openapi/util/io/FileUtil$1
instanceKlass org/jetbrains/kotlin/com/intellij/openapi/util/io/FileUtilRt$SymlinkResolver
instanceKlass org/jetbrains/kotlin/com/intellij/openapi/util/io/FileUtil
instanceKlass  @bci org/jetbrains/kotlin/com/intellij/openapi/vfs/VfsUtilCore <clinit> ()V 8 <appendix> argL0 ; # org/jetbrains/kotlin/com/intellij/openapi/vfs/VfsUtilCore$$Lambda+0x000002c314b88bc8
instanceKlass org/jetbrains/kotlin/com/intellij/openapi/vfs/VirtualFileVisitor
instanceKlass org/jetbrains/kotlin/com/intellij/openapi/vfs/VfsUtilCore
instanceKlass  @bci org/jetbrains/kotlin/cli/jvm/compiler/KotlinCoreEnvironment updateClasspath (Ljava/util/List;)Ljava/util/List; 191 <appendix> argL0 ; # org/jetbrains/kotlin/cli/jvm/compiler/KotlinCoreEnvironment$$Lambda+0x000002c314b85a08
instanceKlass org/jetbrains/kotlin/utils/WrappedValues$ThrowableWrapper
# instanceKlass java/lang/invoke/LambdaForm$MH+0x000002c314b85400
# instanceKlass java/lang/invoke/LambdaForm$MH+0x000002c314b85000
instanceKlass org/jetbrains/kotlin/cli/jvm/compiler/jarfs/ZipImplementationKt$WhenMappings
instanceKlass  @bci org/jetbrains/kotlin/cli/jvm/compiler/jarfs/ZipImplementationKt contentsToByteArray (Lorg/jetbrains/kotlin/cli/jvm/compiler/jarfs/LargeDynamicMappedBuffer;Lorg/jetbrains/kotlin/cli/jvm/compiler/jarfs/ZipEntryDescription;)[B 18 <appendix> member <vmtarget> ; # org/jetbrains/kotlin/cli/jvm/compiler/jarfs/ZipImplementationKt$$Lambda+0x000002c314b879c0
instanceKlass org/jetbrains/kotlin/cli/jvm/config/JavaSourceRoot
instanceKlass org/jetbrains/kotlin/load/kotlin/LibraryContainerAwareVirtualFile
instanceKlass org/jetbrains/kotlin/cli/jvm/compiler/jarfs/ZipEntryDescription
instanceKlass org/jetbrains/kotlin/cli/jvm/compiler/jarfs/ByteArrayCharSequence
instanceKlass  @bci org/jetbrains/kotlin/cli/jvm/compiler/jarfs/ZipImplementationKt parseCentralDirectory (Lorg/jetbrains/kotlin/cli/jvm/compiler/jarfs/LargeDynamicMappedBuffer;)Ljava/util/List; 84 <adapter> ; # java/lang/invoke/LambdaForm$MH+0x000002c314b84c00
instanceKlass  @bci org/jetbrains/kotlin/cli/jvm/compiler/jarfs/ZipImplementationKt parseCentralDirectory (Lorg/jetbrains/kotlin/cli/jvm/compiler/jarfs/LargeDynamicMappedBuffer;)Ljava/util/List; 84 <appendix> form vmentry <vmtarget> ; # java/lang/invoke/LambdaForm$DMH+0x000002c314b84800
instanceKlass  @bci org/jetbrains/kotlin/cli/jvm/compiler/jarfs/ZipImplementationKt parseCentralDirectory (Lorg/jetbrains/kotlin/cli/jvm/compiler/jarfs/LargeDynamicMappedBuffer;)Ljava/util/List; 84 <appendix> member <vmtarget> ; # org/jetbrains/kotlin/cli/jvm/compiler/jarfs/ZipImplementationKt$$Lambda+0x000002c314b86618
instanceKlass  @cpi org/jetbrains/kotlin/cli/jvm/compiler/jarfs/ZipImplementationKt 135 form vmentry <vmtarget> ; # java/lang/invoke/LambdaForm$DMH+0x000002c314b84400
instanceKlass kotlin/jvm/internal/Ref$LongRef
instanceKlass kotlin/UInt$Companion
instanceKlass kotlin/UInt
instanceKlass org/jetbrains/kotlin/com/google/common/primitives/Longs
instanceKlass  @bci org/jetbrains/kotlin/cli/jvm/compiler/jarfs/ZipImplementationKt parseCentralDirectoryRecordsNumberAndOffset (Lorg/jetbrains/kotlin/cli/jvm/compiler/jarfs/LargeDynamicMappedBuffer;)Lkotlin/Pair; 1 <appendix> argL0 ; # org/jetbrains/kotlin/cli/jvm/compiler/jarfs/ZipImplementationKt$$Lambda+0x000002c314b83ba0
instanceKlass org/jetbrains/kotlin/cli/jvm/compiler/jarfs/LargeDynamicMappedBuffer$Mapping
instanceKlass org/jetbrains/kotlin/cli/jvm/compiler/jarfs/ZipImplementationKt
instanceKlass  @bci org/jetbrains/kotlin/cli/jvm/compiler/jarfs/FastJarHandler <init> (Lorg/jetbrains/kotlin/cli/jvm/compiler/jarfs/FastJarFileSystem;Ljava/lang/String;)V 79 <appendix> member <vmtarget> ; # org/jetbrains/kotlin/cli/jvm/compiler/jarfs/FastJarHandler$$Lambda+0x000002c314b83578
instanceKlass  @cpi org/jetbrains/kotlin/cli/jvm/compiler/jarfs/FastJarFileSystem$cachedOpenFileHandles$1 84 form vmentry <vmtarget> ; # java/lang/invoke/LambdaForm$DMH+0x000002c314b84000
instanceKlass org/jetbrains/kotlin/cli/jvm/compiler/jarfs/LargeDynamicMappedBuffer
instanceKlass org/jetbrains/kotlin/cli/jvm/config/JvmClasspathRoot
instanceKlass org/jetbrains/kotlin/cli/jvm/config/JvmContentRoot
instanceKlass org/jetbrains/kotlin/cli/jvm/config/JvmClasspathRootBase
instanceKlass org/jetbrains/kotlin/cli/jvm/config/JvmContentRootBase
instanceKlass org/jetbrains/kotlin/cli/common/config/ContentRoot
instanceKlass org/jetbrains/kotlin/scripting/compiler/plugin/dependencies/ScriptsCompilationDependencies
instanceKlass  @bci org/jetbrains/kotlin/scripting/resolve/ScriptCompilationConfigurationWrapper$FromCompilationConfiguration <init> (Lkotlin/script/experimental/api/SourceCode;Lkotlin/script/experimental/api/ScriptCompilationConfiguration;)V 31 <appendix> member <vmtarget> ; # org/jetbrains/kotlin/scripting/resolve/ScriptCompilationConfigurationWrapper$FromCompilationConfiguration$$Lambda+0x000002c314b82100
instanceKlass  @bci org/jetbrains/kotlin/scripting/resolve/ScriptCompilationConfigurationWrapper$FromCompilationConfiguration <init> (Lkotlin/script/experimental/api/SourceCode;Lkotlin/script/experimental/api/ScriptCompilationConfiguration;)V 18 <appendix> member <vmtarget> ; # org/jetbrains/kotlin/scripting/resolve/ScriptCompilationConfigurationWrapper$FromCompilationConfiguration$$Lambda+0x000002c314b81ee0
instanceKlass kotlin/script/experimental/jvm/impl/BridgeDependenciesResolverKt
instanceKlass org/jetbrains/kotlin/scripting/resolve/ScriptCompilationConfigurationWrapper
instanceKlass  @bci org/jetbrains/kotlin/scripting/resolve/RefineCompilationConfigurationKt resolveImportsToVirtualFiles (Lkotlin/script/experimental/api/ScriptCompilationConfiguration;Ljava/util/Map;)Lkotlin/script/experimental/api/ResultWithDiagnostics; 9 <appendix> argL0 ; # org/jetbrains/kotlin/scripting/resolve/RefineCompilationConfigurationKt$$Lambda+0x000002c314b81648
instanceKlass  @bci kotlin/script/experimental/api/ScriptDataKt <clinit> ()V 94 <appendix> argL0 ; # kotlin/script/experimental/api/ScriptDataKt$$Lambda+0x000002c314b81430
instanceKlass kotlin/script/experimental/api/ScriptDataKt
instanceKlass kotlin/script/experimental/api/ScriptCollectedData$Companion
instanceKlass kotlin/script/experimental/api/ScriptCollectedDataKeys
instanceKlass org/jetbrains/kotlin/com/intellij/util/text/ByteArrayCharSequence
instanceKlass org/jetbrains/kotlin/com/intellij/openapi/editor/impl/DocumentImpl$1
instanceKlass java/beans/PropertyChangeListener
instanceKlass java/beans/ChangeListenerMap
instanceKlass java/beans/PropertyChangeSupport
instanceKlass org/jetbrains/kotlin/it/unimi/dsi/fastutil/longs/LongSet
instanceKlass org/jetbrains/kotlin/it/unimi/dsi/fastutil/longs/LongCollection
instanceKlass org/jetbrains/kotlin/it/unimi/dsi/fastutil/longs/LongIterable
instanceKlass org/jetbrains/kotlin/com/intellij/openapi/editor/impl/RedBlackTree$Node
instanceKlass org/jetbrains/kotlin/com/intellij/openapi/editor/ex/PrioritizedDocumentListener$1
instanceKlass org/jetbrains/kotlin/com/intellij/openapi/editor/ex/PrioritizedDocumentListener
instanceKlass org/jetbrains/kotlin/com/intellij/openapi/editor/ex/DocumentEx$1
instanceKlass org/jetbrains/kotlin/com/intellij/openapi/fileEditor/impl/LoadTextUtil
instanceKlass org/jetbrains/kotlin/com/intellij/openapi/application/AccessToken
instanceKlass  @bci org/jetbrains/kotlin/com/intellij/openapi/project/ProjectLocatorKt <clinit> ()V 0 <appendix> argL0 ; # org/jetbrains/kotlin/com/intellij/openapi/project/ProjectLocatorKt$$Lambda+0x000002c314b7d658
instanceKlass org/jetbrains/kotlin/com/intellij/openapi/project/ProjectLocatorKt
instanceKlass  @bci org/jetbrains/kotlin/com/intellij/openapi/project/ProjectLocator <clinit> ()V 11 <appendix> argL0 ; # org/jetbrains/kotlin/com/intellij/openapi/project/ProjectLocator$$Lambda+0x000002c314b7d240
instanceKlass org/jetbrains/kotlin/com/intellij/openapi/project/ProjectLocator$Companion
instanceKlass org/jetbrains/kotlin/com/intellij/openapi/project/ProjectLocator
instanceKlass org/jetbrains/kotlin/com/intellij/util/concurrency/ThreadingAssertions
instanceKlass kotlin/sequences/GeneratorSequence$iterator$1
instanceKlass  @bci kotlin/sequences/SequencesKt__SequencesKt generateSequence (Ljava/lang/Object;Lkotlin/jvm/functions/Function1;)Lkotlin/sequences/Sequence; 24 <appendix> member <vmtarget> ; # kotlin/sequences/SequencesKt__SequencesKt$$Lambda+0x000002c314b7c7e0
instanceKlass kotlin/sequences/GeneratorSequence
instanceKlass  @bci org/jetbrains/kotlin/psi/psiUtil/PsiUtilsKt children (Lorg/jetbrains/kotlin/com/intellij/lang/ASTNode;)Lkotlin/sequences/Sequence; 12 <appendix> argL0 ; # org/jetbrains/kotlin/psi/psiUtil/PsiUtilsKt$$Lambda+0x000002c314b7c3a8
instanceKlass org/jetbrains/kotlin/psi/psiUtil/PsiUtilsKt
instanceKlass org/jetbrains/kotlin/scripting/resolve/RefineCompilationConfigurationKt$refineScriptCompilationConfiguration$$inlined$runReadAction$1
instanceKlass org/jetbrains/kotlin/com/intellij/openapi/util/Computable
instanceKlass org/jetbrains/kotlin/scripting/resolve/RefineCompilationConfigurationKt
instanceKlass kotlin/sequences/SequencesKt__SequencesKt$sequenceOf$1$1
instanceKlass kotlin/script/experimental/jvm/util/JvmClasspathUtilKt
instanceKlass  @bci org/jetbrains/kotlin/scripting/definitions/AutoloadedScriptDefinitions$definitions$1 invokeSuspend (Ljava/lang/Object;)Ljava/lang/Object; 51 <appendix> argL0 ; # org/jetbrains/kotlin/scripting/definitions/AutoloadedScriptDefinitions$definitions$1$$Lambda+0x000002c314b7af58
instanceKlass kotlin/script/experimental/jvm/impl/PathUtilKt
instanceKlass org/jetbrains/kotlin/scripting/definitions/CachingSequence$CachingIterator
instanceKlass org/jetbrains/kotlin/scripting/definitions/CachingSequence
instanceKlass kotlin/sequences/SequencesKt__SequencesKt$sequenceOf$$inlined$Sequence$1
instanceKlass  @bci org/jetbrains/kotlin/scripting/compiler/plugin/definitions/CliScriptDefinitionProvider getCurrentDefinitions ()Lkotlin/sequences/Sequence; 20 <appendix> argL0 ; # org/jetbrains/kotlin/scripting/compiler/plugin/definitions/CliScriptDefinitionProvider$$Lambda+0x000002c314b7a4c0
instanceKlass  @bci org/jetbrains/kotlin/scripting/resolve/KtFileScriptSource <init> (Lorg/jetbrains/kotlin/psi/KtFile;Ljava/lang/String;)V 57 <appendix> member <vmtarget> ; # org/jetbrains/kotlin/scripting/resolve/KtFileScriptSource$$Lambda+0x000002c314b7a2a0
instanceKlass  @bci org/jetbrains/kotlin/scripting/resolve/VirtualFileScriptSource <init> (Lorg/jetbrains/kotlin/com/intellij/openapi/vfs/VirtualFile;Ljava/lang/String;)V 22 <appendix> member <vmtarget> ; # org/jetbrains/kotlin/scripting/resolve/VirtualFileScriptSource$$Lambda+0x000002c314b7a080
instanceKlass org/jetbrains/kotlin/scripting/definitions/DefinitionsKt
instanceKlass  @bci org/jetbrains/kotlin/scripting/compiler/plugin/dependencies/ScriptsCompilationDependenciesKt collectScriptsCompilationDependencies (Lorg/jetbrains/kotlin/config/CompilerConfiguration;Lorg/jetbrains/kotlin/com/intellij/openapi/project/Project;Ljava/lang/Iterable;Lkotlin/script/experimental/api/ScriptCompilationConfiguration;)Lorg/jetbrains/kotlin/scripting/compiler/plugin/dependencies/ScriptsCompilationDependencies; 183 <appendix> member <vmtarget> ; # org/jetbrains/kotlin/scripting/compiler/plugin/dependencies/ScriptsCompilationDependenciesKt$$Lambda+0x000002c314b79780
instanceKlass org/jetbrains/kotlin/scripting/compiler/plugin/dependencies/ScriptsCompilationDependenciesKt
instanceKlass org/jetbrains/kotlin/com/google/common/math/IntMath$1
instanceKlass org/jetbrains/kotlin/com/google/common/math/MathPreconditions
instanceKlass org/jetbrains/kotlin/com/google/common/math/IntMath
instanceKlass org/jetbrains/kotlin/com/google/common/collect/ImmutableSet$SetBuilderImpl
instanceKlass org/jetbrains/kotlin/util/OperatorNameConventions
instanceKlass org/jetbrains/kotlin/com/intellij/concurrency/ThreadContext
instanceKlass org/jetbrains/kotlin/com/intellij/psi/impl/source/SourceTreeToPsiMap
instanceKlass  @bci org/jetbrains/kotlin/com/intellij/util/containers/Unsafe putObjectVolatile (Ljava/lang/Object;JLjava/lang/Object;)V 6 <adapter> ; # java/lang/invoke/LambdaForm$MH+0x000002c314b75000
instanceKlass org/jetbrains/kotlin/com/intellij/openapi/progress/WrappedProgressIndicator
instanceKlass  @bci org/jetbrains/kotlin/com/intellij/openapi/progress/impl/CoreProgressManager registerIndicatorAndRun (Lorg/jetbrains/kotlin/com/intellij/openapi/progress/ProgressIndicator;Ljava/lang/Thread;Lorg/jetbrains/kotlin/com/intellij/openapi/progress/ProgressIndicator;Lorg/jetbrains/kotlin/com/intellij/openapi/util/ThrowableComputable;)Ljava/lang/Object; 60 <appendix> argL0 ; # org/jetbrains/kotlin/com/intellij/openapi/progress/impl/CoreProgressManager$$Lambda+0x000002c314b73af8
instanceKlass  @bci org/jetbrains/kotlin/com/intellij/util/containers/Unsafe compareAndSwapLong (Ljava/lang/Object;JJJ)Z 16 <adapter> ; # java/lang/invoke/LambdaForm$MH+0x000002c314b74c00
instanceKlass  @bci org/jetbrains/kotlin/com/intellij/util/containers/Unsafe compareAndSwapObject (Ljava/lang/Object;JLjava/lang/Object;Ljava/lang/Object;)Z 8 <adapter> ; # java/lang/invoke/LambdaForm$MH+0x000002c314b74800
instanceKlass  @bci org/jetbrains/kotlin/com/intellij/util/containers/Unsafe getObjectVolatile (Ljava/lang/Object;J)Ljava/lang/Object; 5 <adapter> ; # java/lang/invoke/LambdaForm$MH+0x000002c314b74400
instanceKlass  @bci org/jetbrains/kotlin/com/intellij/util/containers/Unsafe compareAndSwapInt (Ljava/lang/Object;JII)Z 8 <adapter> ; # java/lang/invoke/LambdaForm$MH+0x000002c314b74000
instanceKlass org/jetbrains/kotlin/com/intellij/openapi/progress/impl/NonCancelableIndicator
instanceKlass org/jetbrains/kotlin/com/intellij/openapi/progress/StandardProgressIndicator
instanceKlass org/jetbrains/kotlin/com/intellij/openapi/progress/Cancellation
instanceKlass  @bci org/jetbrains/kotlin/com/intellij/openapi/progress/impl/CoreProgressManager computeInNonCancelableSection (Lorg/jetbrains/kotlin/com/intellij/openapi/util/ThrowableComputable;)Ljava/lang/Object; 10 <appendix> member <vmtarget> ; # org/jetbrains/kotlin/com/intellij/openapi/progress/impl/CoreProgressManager$$Lambda+0x000002c314b72fd8
instanceKlass  @bci org/jetbrains/kotlin/com/intellij/openapi/progress/impl/CoreProgressManager executeNonCancelableSection (Ljava/lang/Runnable;)V 10 <appendix> member <vmtarget> ; # org/jetbrains/kotlin/com/intellij/openapi/progress/impl/CoreProgressManager$$Lambda+0x000002c314b72db8
instanceKlass org/jetbrains/kotlin/com/intellij/openapi/util/ThrowableComputable
instanceKlass  @bci org/jetbrains/kotlin/com/intellij/psi/impl/source/tree/LazyParseableElement setChildren (Lorg/jetbrains/kotlin/com/intellij/psi/impl/source/tree/TreeElement;)V 13 <appendix> member <vmtarget> ; # org/jetbrains/kotlin/com/intellij/psi/impl/source/tree/LazyParseableElement$$Lambda+0x000002c314b72b98
instanceKlass org/jetbrains/kotlin/com/intellij/psi/tree/ILeafElementType
instanceKlass org/jetbrains/kotlin/com/intellij/psi/tree/ICustomParsingType
instanceKlass org/jetbrains/kotlin/com/intellij/lang/WhitespacesAndCommentsBinder$RecursiveBinder
instanceKlass org/jetbrains/kotlin/com/intellij/lang/impl/PsiBuilderImpl$RelativeTokenTextView
instanceKlass org/jetbrains/kotlin/parsing/BindAll
instanceKlass org/jetbrains/kotlin/parsing/AllCommentsBinder
instanceKlass org/jetbrains/kotlin/parsing/KotlinWhitespaceAndCommentsBindersKt
instanceKlass org/jetbrains/kotlin/parsing/KotlinParsing$ModifierDetector
instanceKlass org/jetbrains/kotlin/parsing/DoNotBindAnything
instanceKlass org/jetbrains/kotlin/com/intellij/lang/WhitespacesBinders$2
instanceKlass org/jetbrains/kotlin/com/intellij/lang/WhitespacesBinders$1
instanceKlass org/jetbrains/kotlin/com/intellij/lang/WhitespacesBinders
instanceKlass org/jetbrains/kotlin/parsing/BindFirstShebangWithWhitespaceOnly
instanceKlass org/jetbrains/kotlin/it/unimi/dsi/fastutil/Arrays
instanceKlass org/jetbrains/kotlin/lang/BinaryOperationPrecedence$Companion
instanceKlass org/jetbrains/kotlin/com/google/common/collect/Hashing
instanceKlass org/jetbrains/kotlin/com/google/common/base/Preconditions
instanceKlass org/jetbrains/kotlin/com/google/common/collect/ImmutableCollection$Builder
instanceKlass org/jetbrains/kotlin/com/google/common/collect/CollectPreconditions
instanceKlass org/jetbrains/kotlin/com/google/common/collect/AbstractMapEntry
instanceKlass org/jetbrains/kotlin/com/google/common/collect/ImmutableMap$Builder
instanceKlass org/jetbrains/kotlin/com/google/common/collect/UnmodifiableIterator
instanceKlass org/jetbrains/kotlin/com/google/common/collect/BiMap
instanceKlass org/jetbrains/kotlin/com/google/common/collect/ImmutableMap
instanceKlass org/jetbrains/kotlin/parsing/AbstractTokenStreamPredicate
instanceKlass org/jetbrains/kotlin/parsing/AbstractTokenStreamPattern
instanceKlass org/jetbrains/kotlin/parsing/TokenStreamPattern
instanceKlass org/jetbrains/kotlin/parsing/Consumer
instanceKlass org/jetbrains/kotlin/parsing/TokenStreamPredicate
instanceKlass org/jetbrains/kotlin/com/intellij/lang/WhitespacesAndCommentsBinder
instanceKlass org/jetbrains/kotlin/parsing/AbstractKotlinParsing
instanceKlass org/jetbrains/kotlin/com/intellij/lang/impl/PsiBuilderAdapter
instanceKlass org/jetbrains/kotlin/parsing/SemanticWhitespaceAwarePsiBuilder
instanceKlass org/jetbrains/kotlin/parsing/KotlinParser
instanceKlass org/jetbrains/kotlin/com/intellij/lang/PsiParser
instanceKlass org/jetbrains/kotlin/com/intellij/lang/impl/TokenSequence$Builder
instanceKlass org/jetbrains/kotlin/com/intellij/lang/impl/TokenSequence
instanceKlass org/jetbrains/kotlin/com/intellij/lexer/TokenList
instanceKlass org/jetbrains/kotlin/com/intellij/lang/impl/PsiBuilderImpl$Token
instanceKlass org/jetbrains/kotlin/com/intellij/lang/LighterLazyParseableNode
instanceKlass org/jetbrains/kotlin/com/intellij/util/text/CharArrayUtil
instanceKlass org/jetbrains/kotlin/it/unimi/dsi/fastutil/ints/IntArrays$a
instanceKlass org/jetbrains/kotlin/it/unimi/dsi/fastutil/ints/IntArrays$Segment
instanceKlass org/jetbrains/kotlin/it/unimi/dsi/fastutil/ints/IntArrays
instanceKlass org/jetbrains/kotlin/it/unimi/dsi/fastutil/ints/IntListIterator
instanceKlass org/jetbrains/kotlin/it/unimi/dsi/fastutil/ints/IntBidirectionalIterator
instanceKlass org/jetbrains/kotlin/it/unimi/dsi/fastutil/objects/ObjectBidirectionalIterator
instanceKlass org/jetbrains/kotlin/it/unimi/dsi/fastutil/a
instanceKlass org/jetbrains/kotlin/it/unimi/dsi/fastutil/ints/IntIterator
instanceKlass org/jetbrains/kotlin/it/unimi/dsi/fastutil/ints/IntSpliterator
instanceKlass org/jetbrains/kotlin/it/unimi/dsi/fastutil/ints/IntStack
instanceKlass org/jetbrains/kotlin/it/unimi/dsi/fastutil/ints/IntList
instanceKlass org/jetbrains/kotlin/com/intellij/lang/impl/MarkerPool
instanceKlass org/jetbrains/kotlin/com/intellij/openapi/util/Pair
instanceKlass org/jetbrains/kotlin/com/intellij/psi/text/BlockSupport
instanceKlass org/jetbrains/kotlin/com/intellij/lang/WhitespacesAndCommentsBinder$TokenTextGetter
instanceKlass org/jetbrains/kotlin/com/intellij/lang/PsiBuilder$Marker
instanceKlass org/jetbrains/kotlin/com/intellij/lang/SyntaxTreeBuilder$Marker
instanceKlass org/jetbrains/kotlin/com/intellij/lang/impl/PsiBuilderImpl$ProductionMarker
instanceKlass org/jetbrains/kotlin/com/intellij/lang/impl/PsiBuilderImpl$Node
instanceKlass org/jetbrains/kotlin/com/intellij/lang/LighterASTNode
instanceKlass org/jetbrains/kotlin/com/intellij/util/diff/ShallowNodeComparator
instanceKlass org/jetbrains/kotlin/com/intellij/util/diff/DiffTreeChangeBuilder
instanceKlass org/jetbrains/kotlin/com/intellij/openapi/util/UnprotectedUserDataHolder
instanceKlass  @bci org/jetbrains/kotlin/com/intellij/psi/impl/source/tree/LazyParseableElement ensureParsed ()V 135 <appendix> member <vmtarget> ; # org/jetbrains/kotlin/com/intellij/psi/impl/source/tree/LazyParseableElement$$Lambda+0x000002c314b581f8
instanceKlass org/jetbrains/kotlin/com/intellij/util/ThrowableRunnable
instanceKlass org/jetbrains/kotlin/com/intellij/psi/impl/source/tree/TreeUtil
instanceKlass org/jetbrains/kotlin/com/intellij/psi/impl/DebugUtil
instanceKlass org/jetbrains/kotlin/com/intellij/psi/impl/source/tree/SharedImplUtil
instanceKlass  @bci org/jetbrains/kotlin/com/intellij/psi/impl/source/tree/LazyParseableElement <init> (Lorg/jetbrains/kotlin/com/intellij/psi/tree/IElementType;Ljava/lang/CharSequence;)V 57 <appendix> member <vmtarget> ; # org/jetbrains/kotlin/com/intellij/psi/impl/source/tree/LazyParseableElement$$Lambda+0x000002c314b56870
instanceKlass org/jetbrains/kotlin/com/intellij/util/text/CharSequenceSubSequence
instanceKlass org/jetbrains/kotlin/com/intellij/util/text/CharArrayExternalizable
instanceKlass org/jetbrains/kotlin/com/intellij/util/text/ImmutableCharSequence
instanceKlass  @bci org/jetbrains/kotlin/com/intellij/psi/impl/source/tree/LazyParseableElement <clinit> ()V 24 <appendix> argL0 ; # org/jetbrains/kotlin/com/intellij/psi/impl/source/tree/LazyParseableElement$$Lambda+0x000002c314b55920
instanceKlass org/jetbrains/kotlin/com/intellij/lang/LighterAST
instanceKlass org/jetbrains/kotlin/com/intellij/psi/search/PsiElementProcessor$CollectElements
instanceKlass org/jetbrains/kotlin/com/intellij/psi/search/PsiElementProcessor$FindElement
instanceKlass org/jetbrains/kotlin/com/intellij/psi/search/PsiElementProcessor
instanceKlass org/jetbrains/kotlin/com/intellij/psi/util/PsiTreeUtil
instanceKlass org/jetbrains/kotlin/com/intellij/openapi/vfs/VirtualFileWithId
instanceKlass org/jetbrains/kotlin/com/intellij/util/indexing/IndexingDataKeys
instanceKlass org/jetbrains/kotlin/com/intellij/psi/impl/source/FileTrees
instanceKlass org/jetbrains/kotlin/psi/stubs/elements/KtTokenSets
instanceKlass org/jetbrains/kotlin/psi/KtFile$Companion
instanceKlass  @bci org/jetbrains/kotlin/com/intellij/psi/impl/source/PsiFileImpl <clinit> ()V 37 <appendix> argL0 ; # org/jetbrains/kotlin/com/intellij/psi/impl/source/PsiFileImpl$$Lambda+0x000002c314b51fa0
instanceKlass org/jetbrains/kotlin/com/intellij/psi/impl/source/StubbedSpine
instanceKlass org/jetbrains/kotlin/com/intellij/psi/PsiClassOwner
instanceKlass org/jetbrains/kotlin/com/intellij/util/keyFMap/ArrayBackedFMap
instanceKlass org/jetbrains/kotlin/com/intellij/psi/util/PsiUtilCore$NullPsiElement
instanceKlass org/jetbrains/kotlin/com/intellij/psi/util/PsiUtilCore
instanceKlass org/jetbrains/kotlin/com/intellij/injected/editor/VirtualFileWindow
instanceKlass org/jetbrains/kotlin/com/intellij/psi/AbstractFileViewProvider$VirtualFileContent
instanceKlass org/jetbrains/kotlin/com/intellij/psi/PsiLock
instanceKlass org/jetbrains/kotlin/com/intellij/psi/PsiLargeBinaryFile
instanceKlass org/jetbrains/kotlin/com/intellij/psi/PsiLargeFile
instanceKlass org/jetbrains/kotlin/com/intellij/psi/PsiBinaryFile
instanceKlass org/jetbrains/kotlin/com/intellij/psi/AbstractFileViewProvider$Content
instanceKlass org/jetbrains/kotlin/com/intellij/openapi/vfs/CharsetToolkit
instanceKlass org/jetbrains/kotlin/scripting/UtilsKt
instanceKlass kotlin/io/TextStreamsKt
instanceKlass org/jetbrains/kotlin/scripting/compiler/plugin/impl/JvmCompilationUtilKt
instanceKlass org/jetbrains/kotlin/scripting/compiler/plugin/impl/SharedScriptCompilationContext
instanceKlass org/jetbrains/kotlin/cli/common/arguments/CommonCompilerArgumentsConfigurator
instanceKlass org/jetbrains/kotlin/cli/common/arguments/Freezable
instanceKlass org/jetbrains/kotlin/scripting/compiler/plugin/impl/IgnoredOptionsReportingState
instanceKlass org/jetbrains/kotlin/scripting/compiler/plugin/impl/CompilationContextKt
instanceKlass kotlin/script/experimental/api/ErrorHandlingKt
instanceKlass kotlin/script/experimental/jvm/JvmScriptCachingKt
instanceKlass org/jetbrains/kotlin/scripting/compiler/plugin/impl/ScriptJvmCompilerImplsKt
instanceKlass  @bci org/jetbrains/kotlin/scripting/compiler/plugin/impl/ScriptJvmCompilerFromEnvironment compile (Lkotlin/script/experimental/api/SourceCode;Lkotlin/script/experimental/api/ScriptCompilationConfiguration;)Lkotlin/script/experimental/api/ResultWithDiagnostics; 48 <appendix> member <vmtarget> ; # org/jetbrains/kotlin/scripting/compiler/plugin/impl/ScriptJvmCompilerFromEnvironment$$Lambda+0x000002c314b42520
instanceKlass kotlin/script/experimental/api/ResultWithDiagnostics
instanceKlass org/jetbrains/kotlin/scripting/compiler/plugin/impl/ScriptDiagnosticsMessageCollector
instanceKlass  @bci kotlin/script/experimental/jvmhost/JvmScriptCompiler invoke$lambda$0 (Lkotlin/script/experimental/jvmhost/JvmScriptCompiler;Lkotlin/script/experimental/api/ScriptCompilationConfiguration$Builder;)Lkotlin/Unit; 15 <appendix> member <vmtarget> ; # kotlin/script/experimental/jvmhost/JvmScriptCompiler$$Lambda+0x000002c314b41ec8
instanceKlass  @bci kotlin/script/experimental/jvmhost/JvmScriptCompiler invoke$suspendImpl (Lkotlin/script/experimental/jvmhost/JvmScriptCompiler;Lkotlin/script/experimental/api/SourceCode;Lkotlin/script/experimental/api/ScriptCompilationConfiguration;Lkotlin/coroutines/Continuation;)Ljava/lang/Object; 7 <appendix> member <vmtarget> ; # kotlin/script/experimental/jvmhost/JvmScriptCompiler$$Lambda+0x000002c314b41ca8
instanceKlass kotlin/coroutines/ContinuationKt
instanceKlass kotlin/script/experimental/impl/InternalScriptingRunSuspend
instanceKlass kotlin/script/experimental/impl/RunSuspendKt
instanceKlass  @bci kotlin/script/experimental/host/FileScriptSource <init> (Ljava/io/File;Ljava/lang/String;)V 22 <appendix> member <vmtarget> ; # kotlin/script/experimental/host/FileScriptSource$$Lambda+0x000002c314b40ee0
instanceKlass kotlin/script/experimental/host/FileScriptSource$Companion
instanceKlass kotlin/script/experimental/host/FileBasedScriptSource
instanceKlass kotlin/script/experimental/api/ExternalSourceCode
instanceKlass kotlin/script/experimental/api/SourceCode
instanceKlass kotlin/script/experimental/host/ScriptHostUtilKt
instanceKlass  @bci kotlin/script/experimental/jvm/JvmScriptCompilationKt <clinit> ()V 129 <appendix> argL0 ; # kotlin/script/experimental/jvm/JvmScriptCompilationKt$$Lambda+0x000002c314b40000
instanceKlass kotlin/script/experimental/util/PropertiesCollection$PropertyKeyCopyDelegate
instanceKlass kotlin/script/experimental/util/PropertiesCollection$Companion$keyCopy$1
instanceKlass kotlin/script/experimental/jvm/JvmScriptingHostConfigurationBuilder$Companion
instanceKlass kotlin/script/experimental/jvm/JvmScriptingHostConfigurationKeys
instanceKlass kotlin/script/experimental/jvm/JvmScriptCompilationKt
instanceKlass  @bci org/gradle/kotlin/dsl/support/KotlinCompilerKt compileKotlinScriptModuleTo (Ljava/io/File;Lorg/gradle/kotlin/dsl/support/KotlinCompilerOptions;Ljava/lang/String;Ljava/util/Collection;Lorg/jetbrains/kotlin/scripting/definitions/ScriptDefinition;Ljava/lang/Iterable;Lorg/gradle/kotlin/dsl/support/LoggingMessageCollector;)V 838 <appendix> member <vmtarget> ; # org/gradle/kotlin/dsl/support/KotlinCompilerKt$$Lambda+0x000002c314b3ef08
instanceKlass kotlin/script/experimental/jvmhost/BasicJvmScriptClassFilesGenerator
instanceKlass kotlin/script/experimental/api/ScriptEvaluator
instanceKlass  @bci kotlin/script/experimental/host/ScriptingHostConfiguration <init> ([Lkotlin/script/experimental/host/ScriptingHostConfiguration;Lkotlin/jvm/functions/Function1;ILkotlin/jvm/internal/DefaultConstructorMarker;)V 6 <appendix> argL0 ; # kotlin/script/experimental/host/ScriptingHostConfiguration$$Lambda+0x000002c314b3e8d0
instanceKlass org/jetbrains/kotlin/scripting/compiler/plugin/impl/ScriptJvmCompilerFromEnvironment
instanceKlass org/jetbrains/kotlin/scripting/compiler/plugin/ScriptCompilerProxy
instanceKlass kotlin/script/experimental/jvmhost/JvmScriptCompiler
instanceKlass kotlin/script/experimental/api/ScriptCompiler
instanceKlass kotlin/script/experimental/host/BasicScriptingHost
instanceKlass org/jetbrains/kotlin/cli/jvm/compiler/JavaLanguageLevelKt$EntriesMappings
instanceKlass org/jetbrains/kotlin/cli/jvm/compiler/JavaLanguageLevelKt
instanceKlass org/jetbrains/kotlin/com/intellij/util/keyFMap/PairElementsFMap
instanceKlass  @bci org/jetbrains/kotlin/cli/jvm/compiler/KotlinCoreEnvironment <init> (Lorg/jetbrains/kotlin/cli/jvm/compiler/KotlinCoreEnvironment$ProjectEnvironment;Lorg/jetbrains/kotlin/config/CompilerConfiguration;Lorg/jetbrains/kotlin/cli/jvm/compiler/EnvironmentConfigFiles;)V 1079 <appendix> member <vmtarget> ; # org/jetbrains/kotlin/cli/jvm/compiler/KotlinCoreEnvironment$$Lambda+0x000002c314b3d400
instanceKlass org/jetbrains/kotlin/config/AppendJavaSourceRootsHandlerKeyKt
instanceKlass org/jetbrains/kotlin/cli/jvm/compiler/CliMetadataFinderFactory
instanceKlass org/jetbrains/kotlin/load/kotlin/MetadataFinderFactory
instanceKlass org/jetbrains/kotlin/cli/jvm/compiler/CliVirtualFileFinderFactory
instanceKlass org/jetbrains/kotlin/load/kotlin/VirtualFileFinderFactory
instanceKlass  @bci org/jetbrains/kotlin/cli/jvm/modules/CliJavaModuleResolver <init> (Lorg/jetbrains/kotlin/cli/jvm/modules/JavaModuleGraph;Ljava/util/List;Ljava/util/List;Lorg/jetbrains/kotlin/com/intellij/openapi/project/Project;)V 217 <appendix> member <vmtarget> ; # org/jetbrains/kotlin/cli/jvm/modules/CliJavaModuleResolver$$Lambda+0x000002c314b3c7a8
instanceKlass org/jetbrains/kotlin/load/kotlin/VirtualFileFinder
instanceKlass org/jetbrains/kotlin/load/kotlin/KotlinClassFinder
instanceKlass org/jetbrains/kotlin/serialization/deserialization/KotlinMetadataFinder
instanceKlass org/jetbrains/kotlin/cli/jvm/modules/CliJavaModuleResolver
instanceKlass org/jetbrains/kotlin/resolve/jvm/modules/JavaModuleResolver
instanceKlass org/jetbrains/kotlin/load/java/JavaModuleAnnotationsProvider
instanceKlass org/jetbrains/kotlin/cli/jvm/index/SingleJavaFileRootsIndex
instanceKlass  @bci org/jetbrains/kotlin/cli/jvm/index/JvmDependenciesDynamicCompoundIndex getIndexedRoots ()Lkotlin/sequences/Sequence; 10 <appendix> argL0 ; # org/jetbrains/kotlin/cli/jvm/index/JvmDependenciesDynamicCompoundIndex$$Lambda+0x000002c314b3b328
instanceKlass  @bci org/jetbrains/kotlin/cli/jvm/index/JvmDependenciesIndexImpl <init> (Ljava/util/List;Z)V 67 <appendix> member <vmtarget> ; # org/jetbrains/kotlin/cli/jvm/index/JvmDependenciesIndexImpl$$Lambda+0x000002c314b3b108
instanceKlass  @bci org/jetbrains/kotlin/cli/jvm/index/JvmDependenciesIndexImpl <init> (Ljava/util/List;Z)V 54 <appendix> member <vmtarget> ; # org/jetbrains/kotlin/cli/jvm/index/JvmDependenciesIndexImpl$$Lambda+0x000002c314b3a158
instanceKlass  @bci org/jetbrains/kotlin/cli/jvm/index/JvmDependenciesIndexImpl <init> (Ljava/util/List;Z)V 41 <appendix> member <vmtarget> ; # org/jetbrains/kotlin/cli/jvm/index/JvmDependenciesIndexImpl$$Lambda+0x000002c314b39f38
instanceKlass org/jetbrains/kotlin/cli/jvm/index/JvmDependenciesIndexImpl$Cache
instanceKlass  @bci org/jetbrains/kotlin/cli/jvm/index/JvmDependenciesIndexImpl <init> (Ljava/util/List;Z)V 28 <appendix> member <vmtarget> ; # org/jetbrains/kotlin/cli/jvm/index/JvmDependenciesIndexImpl$$Lambda+0x000002c314b39b10
instanceKlass org/jetbrains/kotlin/cli/jvm/index/JvmDependenciesIndexImpl
instanceKlass org/jetbrains/kotlin/cli/jvm/index/JvmDependenciesDynamicCompoundIndex
instanceKlass org/jetbrains/kotlin/cli/jvm/index/JvmDependenciesIndex
instanceKlass jdk/internal/jrtfs/JrtFileAttributes
instanceKlass org/jetbrains/kotlin/cli/jvm/compiler/ClasspathRootsResolver$RootsAndModules
instanceKlass org/jetbrains/kotlin/cli/jvm/index/JavaRoot$RootTypes
instanceKlass org/jetbrains/kotlin/cli/jvm/index/JavaRoot
instanceKlass org/jetbrains/kotlin/cli/common/messages/CompilerMessageSeverity$Companion
instanceKlass org/jetbrains/kotlin/resolve/jvm/modules/JavaModule$Automatic
instanceKlass org/jetbrains/kotlin/utils/WrappedValues$1
instanceKlass org/jetbrains/kotlin/utils/WrappedValues
instanceKlass org/jetbrains/kotlin/load/java/structure/impl/classFiles/PlainJavaAnnotationArgument
instanceKlass org/jetbrains/kotlin/load/java/structure/JavaLiteralAnnotationArgument
instanceKlass  @bci org/jetbrains/kotlin/load/java/structure/impl/classFiles/BinaryJavaAnnotationVisitor <init> (Lorg/jetbrains/kotlin/load/java/structure/impl/classFiles/ClassifierResolutionContext;Lorg/jetbrains/kotlin/load/java/structure/impl/classFiles/BinaryClassSignatureParser;Ljava/util/Collection;)V 22 <appendix> member <vmtarget> ; # org/jetbrains/kotlin/load/java/structure/impl/classFiles/BinaryJavaAnnotationVisitor$$Lambda+0x000002c314b36ea8
instanceKlass org/jetbrains/kotlin/load/java/structure/JavaAnnotationArgument
instanceKlass  @bci org/jetbrains/kotlin/load/java/structure/impl/classFiles/BinaryJavaAnnotation <init> (Ljava/lang/String;Lorg/jetbrains/kotlin/load/java/structure/impl/classFiles/ClassifierResolutionContext;Ljava/util/Collection;Z)V 26 <appendix> member <vmtarget> ; # org/jetbrains/kotlin/load/java/structure/impl/classFiles/BinaryJavaAnnotation$$Lambda+0x000002c314b36858
instanceKlass org/jetbrains/kotlin/load/java/structure/impl/classFiles/ClassifierResolutionContext$Result
instanceKlass org/jetbrains/kotlin/io/vavr/collection/HashArrayMappedTrieModule$AbstractNode
instanceKlass org/jetbrains/kotlin/io/vavr/collection/HashArrayMappedTrie
instanceKlass org/jetbrains/kotlin/io/vavr/collection/Set
instanceKlass org/jetbrains/kotlin/io/vavr/collection/Seq
instanceKlass org/jetbrains/kotlin/io/vavr/collection/Iterator
instanceKlass org/jetbrains/kotlin/io/vavr/collection/HashMap
instanceKlass org/jetbrains/kotlin/io/vavr/collection/Map
instanceKlass org/jetbrains/kotlin/io/vavr/collection/Traversable
instanceKlass org/jetbrains/kotlin/io/vavr/collection/Foldable
instanceKlass org/jetbrains/kotlin/io/vavr/Value
instanceKlass org/jetbrains/kotlin/io/vavr/PartialFunction
instanceKlass org/jetbrains/kotlin/io/vavr/Function1
instanceKlass  @bci org/jetbrains/kotlin/resolve/jvm/modules/JavaModuleInfo$Companion$read$1 visitAnnotation (Ljava/lang/String;Z)Lorg/jetbrains/org/objectweb/asm/AnnotationVisitor; 22 <appendix> member <vmtarget> ; # org/jetbrains/kotlin/resolve/jvm/modules/JavaModuleInfo$Companion$read$1$$Lambda+0x000002c314b33ba0
instanceKlass org/jetbrains/kotlin/name/ClassId
instanceKlass org/jetbrains/kotlin/load/java/structure/impl/classFiles/ClassifierResolutionContext
instanceKlass org/jetbrains/kotlin/load/java/structure/impl/classFiles/BinaryJavaAnnotation$Companion
instanceKlass org/jetbrains/kotlin/load/java/structure/impl/classFiles/BinaryJavaAnnotation
instanceKlass org/jetbrains/kotlin/load/java/structure/JavaAnnotation
instanceKlass org/jetbrains/kotlin/resolve/jvm/modules/JavaModuleInfo$Requires
instanceKlass org/jetbrains/kotlin/cli/jvm/compiler/CliJavaModuleUtilsKt
instanceKlass org/jetbrains/kotlin/resolve/jvm/modules/JavaModule$Explicit
instanceKlass org/jetbrains/kotlin/resolve/jvm/modules/JavaModule
instanceKlass org/jetbrains/kotlin/resolve/jvm/modules/JavaModuleInfo$Exports
instanceKlass org/jetbrains/org/objectweb/asm/Context
instanceKlass org/jetbrains/org/objectweb/asm/Attribute
instanceKlass org/jetbrains/org/objectweb/asm/ClassReader
instanceKlass jdk/internal/jrtfs/JrtFileSystem$1
instanceKlass org/jetbrains/kotlin/resolve/jvm/modules/JavaModuleInfo$Companion
instanceKlass org/jetbrains/kotlin/resolve/jvm/modules/JavaModuleInfo
instanceKlass kotlin/sequences/FlatteningSequence$iterator$1
instanceKlass  @bci kotlin/sequences/SequencesKt__SequencesKt flatten$SequencesKt__SequencesKt (Lkotlin/sequences/Sequence;Lkotlin/jvm/functions/Function1;)Lkotlin/sequences/Sequence; 21 <appendix> argL0 ; # kotlin/sequences/SequencesKt__SequencesKt$$Lambda+0x000002c314b310f8
instanceKlass kotlin/sequences/FlatteningSequence
instanceKlass  @bci kotlin/sequences/SequencesKt__SequencesKt flatten (Lkotlin/sequences/Sequence;)Lkotlin/sequences/Sequence; 7 <appendix> argL0 ; # kotlin/sequences/SequencesKt__SequencesKt$$Lambda+0x000002c314b30cc0
instanceKlass kotlin/collections/CollectionsKt___CollectionsKt$asSequence$$inlined$Sequence$1
instanceKlass  @bci kotlin/sequences/SequencesKt___SequencesKt filterNotNull (Lkotlin/sequences/Sequence;)Lkotlin/sequences/Sequence; 7 <appendix> argL0 ; # kotlin/sequences/SequencesKt___SequencesKt$$Lambda+0x000002c314b30698
instanceKlass kotlin/jvm/internal/AdaptedFunctionReference
instanceKlass kotlin/collections/ArraysKt___ArraysKt$asSequence$$inlined$Sequence$1
instanceKlass jdk/internal/jimage/ImageBufferCache$2
instanceKlass jdk/internal/jimage/ImageBufferCache
instanceKlass  @bci jdk/internal/jimage/ImageReader$SharedImageReader handleModulesSubTree (Ljava/lang/String;Ljdk/internal/jimage/ImageLocation;)Ljdk/internal/jimage/ImageReader$Node; 37 <appendix> member <vmtarget> ; # jdk/internal/jimage/ImageReader$SharedImageReader$$Lambda+0x000002c314b2e748
instanceKlass jdk/internal/jimage/ImageReader$SharedImageReader$LocationVisitor
instanceKlass jdk/internal/jimage/ImageLocation
instanceKlass org/jetbrains/kotlin/cli/jvm/modules/JavaModuleGraph
instanceKlass org/jetbrains/kotlin/cli/jvm/compiler/ClasspathRootsResolver$Companion
instanceKlass org/jetbrains/kotlin/cli/jvm/compiler/ClasspathRootsResolver
instanceKlass  @bci org/jetbrains/kotlin/cli/jvm/modules/CliJavaModuleFinder <init> (Ljava/io/File;Lorg/jetbrains/kotlin/cli/common/messages/MessageCollector;Lorg/jetbrains/kotlin/resolve/jvm/KotlinCliJavaFileManager;Lorg/jetbrains/kotlin/com/intellij/openapi/project/Project;Ljava/lang/Integer;)V 241 <appendix> member <vmtarget> ; # org/jetbrains/kotlin/cli/jvm/modules/CliJavaModuleFinder$$Lambda+0x000002c314b27968
instanceKlass  @bci org/jetbrains/kotlin/cli/jvm/modules/CliJavaModuleFinder <init> (Ljava/io/File;Lorg/jetbrains/kotlin/cli/common/messages/MessageCollector;Lorg/jetbrains/kotlin/resolve/jvm/KotlinCliJavaFileManager;Lorg/jetbrains/kotlin/com/intellij/openapi/project/Project;Ljava/lang/Integer;)V 228 <appendix> member <vmtarget> ; # org/jetbrains/kotlin/cli/jvm/modules/CliJavaModuleFinder$$Lambda+0x000002c314b27748
instanceKlass org/jetbrains/kotlin/resolve/jvm/modules/JavaModule$Root
instanceKlass  @bci org/jetbrains/kotlin/cli/jvm/modules/CliJavaModuleFinder <init> (Ljava/io/File;Lorg/jetbrains/kotlin/cli/common/messages/MessageCollector;Lorg/jetbrains/kotlin/resolve/jvm/KotlinCliJavaFileManager;Lorg/jetbrains/kotlin/com/intellij/openapi/project/Project;Ljava/lang/Integer;)V 201 <appendix> member <vmtarget> ; # org/jetbrains/kotlin/cli/jvm/modules/CliJavaModuleFinder$$Lambda+0x000002c314b27320
instanceKlass  @bci org/jetbrains/kotlin/cli/jvm/modules/CliJavaModuleFinder <init> (Ljava/io/File;Lorg/jetbrains/kotlin/cli/common/messages/MessageCollector;Lorg/jetbrains/kotlin/resolve/jvm/KotlinCliJavaFileManager;Lorg/jetbrains/kotlin/com/intellij/openapi/project/Project;Ljava/lang/Integer;)V 188 <appendix> member <vmtarget> ; # org/jetbrains/kotlin/cli/jvm/modules/CliJavaModuleFinder$$Lambda+0x000002c314b27100
instanceKlass  @bci org/jetbrains/kotlin/cli/jvm/modules/CliJavaModuleFinder <init> (Ljava/io/File;Lorg/jetbrains/kotlin/cli/common/messages/MessageCollector;Lorg/jetbrains/kotlin/resolve/jvm/KotlinCliJavaFileManager;Lorg/jetbrains/kotlin/com/intellij/openapi/project/Project;Ljava/lang/Integer;)V 175 <appendix> member <vmtarget> ; # org/jetbrains/kotlin/cli/jvm/modules/CliJavaModuleFinder$$Lambda+0x000002c314b26ee0
instanceKlass  @bci org/jetbrains/kotlin/cli/jvm/modules/CliJavaModuleFinder <init> (Ljava/io/File;Lorg/jetbrains/kotlin/cli/common/messages/MessageCollector;Lorg/jetbrains/kotlin/resolve/jvm/KotlinCliJavaFileManager;Lorg/jetbrains/kotlin/com/intellij/openapi/project/Project;Ljava/lang/Integer;)V 162 <appendix> member <vmtarget> ; # org/jetbrains/kotlin/cli/jvm/modules/CliJavaModuleFinder$$Lambda+0x000002c314b26cc0
instanceKlass  @bci java/util/stream/StreamSpliterators$WrappingSpliterator initPartialTraversalState ()V 37 <appendix> member <vmtarget> ; # java/util/stream/StreamSpliterators$WrappingSpliterator$$Lambda+0x000002c314677940
instanceKlass java/util/function/BooleanSupplier
instanceKlass  @bci java/util/stream/StreamSpliterators$WrappingSpliterator initPartialTraversalState ()V 24 <appendix> member <vmtarget> ; # java/util/stream/StreamSpliterators$WrappingSpliterator$$Lambda+0x000002c3146774a0
instanceKlass jdk/internal/jrtfs/JrtDirectoryStream$1
instanceKlass  @bci jdk/internal/jrtfs/JrtFileSystem iteratorOf (Ljdk/internal/jrtfs/JrtPath;Ljava/nio/file/DirectoryStream$Filter;)Ljava/util/Iterator; 82 <appendix> member <vmtarget> ; # jdk/internal/jrtfs/JrtFileSystem$$Lambda+0x000002c314b2e000
instanceKlass  @bci jdk/internal/jrtfs/JrtFileSystem iteratorOf (Ljdk/internal/jrtfs/JrtPath;Ljava/nio/file/DirectoryStream$Filter;)Ljava/util/Iterator; 71 <appendix> member <vmtarget> ; # jdk/internal/jrtfs/JrtFileSystem$$Lambda+0x000002c314b29b98
instanceKlass jdk/internal/jimage/ImageReader$Node
instanceKlass jdk/internal/jrtfs/JrtPath
instanceKlass jdk/internal/jrtfs/JrtDirectoryStream
instanceKlass  @bci org/jetbrains/kotlin/cli/jvm/modules/CoreJrtVirtualFile <init> (Lorg/jetbrains/kotlin/cli/jvm/modules/CoreJrtFileSystem;Ljava/lang/String;Ljava/nio/file/Path;Lorg/jetbrains/kotlin/cli/jvm/modules/CoreJrtVirtualFile;)V 45 <appendix> member <vmtarget> ; # org/jetbrains/kotlin/cli/jvm/modules/CoreJrtVirtualFile$$Lambda+0x000002c314b268b0
instanceKlass org/jetbrains/kotlin/com/intellij/util/ConcurrencyUtil
instanceKlass jdk/internal/jimage/decompressor/Decompressor
instanceKlass jdk/internal/jimage/ImageStringsReader
instanceKlass jdk/internal/jimage/ImageHeader
# instanceKlass java/lang/invoke/LambdaForm$MH+0x000002c314b2cc00
# instanceKlass java/lang/invoke/LambdaForm$MH+0x000002c314b2c800
# instanceKlass java/lang/invoke/LambdaForm$MH+0x000002c314b2c400
# instanceKlass java/lang/invoke/LambdaForm$MH+0x000002c314b2c000
# instanceKlass java/lang/invoke/LambdaForm$MH+0x000002c314b2bc00
# instanceKlass java/lang/invoke/LambdaForm$MH+0x000002c314b2b800
# instanceKlass java/lang/invoke/LambdaForm$MH+0x000002c314b2b400
# instanceKlass java/lang/invoke/LambdaForm$BMH+0x000002c314b2b000
# instanceKlass java/lang/invoke/LambdaForm$DMH+0x000002c314b2ac00
# instanceKlass java/lang/invoke/LambdaForm$MH+0x000002c314b2a800
# instanceKlass java/lang/invoke/LambdaForm$DMH+0x000002c314b2a400
# instanceKlass java/lang/invoke/LambdaForm$DMH+0x000002c314b2a000
instanceKlass sun/nio/ch/Util$4
instanceKlass sun/nio/ch/FileChannelImpl$Unmapper
instanceKlass jdk/internal/access/foreign/UnmapperProxy
instanceKlass  @bci jdk/internal/misc/ExtendedMapMode <clinit> ()V 0 <appendix> argL0 ; # jdk/internal/misc/ExtendedMapMode$$Lambda+0x000002c314675ba0
instanceKlass jdk/internal/misc/ExtendedMapMode
instanceKlass java/nio/channels/FileChannel$MapMode
instanceKlass jdk/internal/jimage/BasicImageReader$2
instanceKlass jdk/internal/jimage/BasicImageReader$1
instanceKlass jdk/internal/jimage/ImageReader$Node
instanceKlass jdk/internal/jimage/ImageStrings
instanceKlass jdk/internal/jimage/BasicImageReader
instanceKlass jdk/internal/jimage/ImageReader
instanceKlass jdk/internal/jrtfs/SystemImage$2
instanceKlass  @bci jdk/internal/jrtfs/SystemImage <clinit> ()V 0 <appendix> argL0 ; # jdk/internal/jrtfs/SystemImage$$Lambda+0x000002c314b256c8
instanceKlass jdk/internal/jrtfs/SystemImage
instanceKlass jdk/internal/jrtfs/JrtPath
instanceKlass jdk/internal/jrtfs/JrtFileSystemProvider$1
instanceKlass sun/nio/fs/WindowsUriSupport
instanceKlass java/util/AbstractMap$SimpleEntry
instanceKlass jdk/internal/jimage/ImageBufferCache$2
instanceKlass jdk/internal/jimage/ImageBufferCache
instanceKlass  @bci sun/net/www/protocol/jrt/JavaRuntimeURLConnection <clinit> ()V 0 <appendix> argL0 ; # sun/net/www/protocol/jrt/JavaRuntimeURLConnection$$Lambda+0x000002c3146735f0
instanceKlass java/nio/channels/AsynchronousFileChannel
instanceKlass java/nio/channels/AsynchronousChannel
instanceKlass java/nio/file/FileStore
instanceKlass java/nio/file/spi/FileSystemProvider$1
instanceKlass org/jetbrains/kotlin/cli/jvm/modules/JavaVersionUtilsKt
instanceKlass org/jetbrains/kotlin/cli/jvm/modules/CliJavaModuleFinder
instanceKlass org/jetbrains/kotlin/resolve/jvm/modules/JavaModuleFinder
instanceKlass kotlin/jvm/internal/Ref$BooleanRef
instanceKlass  @bci org/jetbrains/kotlin/extensions/PreprocessedFileCreator <init> (Lorg/jetbrains/kotlin/com/intellij/openapi/project/Project;)V 17 <appendix> member <vmtarget> ; # org/jetbrains/kotlin/extensions/PreprocessedFileCreator$$Lambda+0x000002c314b23768
instanceKlass org/jetbrains/kotlin/extensions/PreprocessedFileCreator
instanceKlass  @bci org/jetbrains/kotlin/com/intellij/openapi/util/KeyedExtensionCollector buildExtensions (Ljava/lang/String;Ljava/lang/Object;)Ljava/util/List; 48 <appendix> member <vmtarget> ; # org/jetbrains/kotlin/com/intellij/openapi/util/KeyedExtensionCollector$$Lambda+0x000002c314b23120
instanceKlass org/jetbrains/kotlin/com/intellij/openapi/util/KeyedExtensionCollector$MyExtensionPointListener
instanceKlass  @bci org/jetbrains/kotlin/cli/jvm/compiler/CoreEnvironmentUtilsKt createSourceFilesFromSourceRoots (Lorg/jetbrains/kotlin/config/CompilerConfiguration;Lorg/jetbrains/kotlin/com/intellij/openapi/project/Project;Ljava/util/List;Lorg/jetbrains/kotlin/cli/common/messages/CompilerMessageLocation;)Ljava/util/List; 52 <appendix> member <vmtarget> ; # org/jetbrains/kotlin/cli/jvm/compiler/CoreEnvironmentUtilsKt$$Lambda+0x000002c314b22cc0
instanceKlass  @cpi org/jetbrains/kotlin/cli/jvm/compiler/CoreEnvironmentUtilsKt 345 form vmentry <vmtarget> ; # java/lang/invoke/LambdaForm$DMH+0x000002c314b24000
instanceKlass org/jetbrains/kotlin/cli/common/config/ContentRootsKt
instanceKlass org/jetbrains/kotlin/cli/jvm/compiler/CoreEnvironmentUtilsKt
instanceKlass org/jetbrains/kotlin/resolve/lazy/declarations/DeclarationProviderFactoryService$Companion
instanceKlass org/jetbrains/kotlin/resolve/lazy/declarations/DeclarationProviderFactoryService
instanceKlass kotlin/sequences/ConstrainedOnceSequence
instanceKlass org/jetbrains/kotlin/scripting/definitions/ScriptDefinitionProvider$Companion
instanceKlass  @bci org/jetbrains/kotlin/scripting/definitions/AutoloadedScriptDefinitions <init> (Lkotlin/script/experimental/host/ScriptingHostConfiguration;Ljava/lang/ClassLoader;Lkotlin/jvm/functions/Function2;)V 41 <appendix> argL0 ; # org/jetbrains/kotlin/scripting/definitions/AutoloadedScriptDefinitions$$Lambda+0x000002c314b217c0
instanceKlass org/jetbrains/kotlin/scripting/definitions/AutoloadedScriptDefinitions$Companion
instanceKlass org/jetbrains/kotlin/scripting/definitions/AutoloadedScriptDefinitions
instanceKlass  @bci org/jetbrains/kotlin/scripting/definitions/LazyClasspathWithClassLoader <init> (Ljava/lang/ClassLoader;Lkotlin/jvm/functions/Function0;)V 26 <appendix> member <vmtarget> ; # org/jetbrains/kotlin/scripting/definitions/LazyClasspathWithClassLoader$$Lambda+0x000002c314b20ec0
instanceKlass  @bci org/jetbrains/kotlin/scripting/definitions/LazyClasspathWithClassLoader <init> (Ljava/lang/ClassLoader;Lkotlin/jvm/functions/Function0;)V 12 <appendix> member <vmtarget> ; # org/jetbrains/kotlin/scripting/definitions/LazyClasspathWithClassLoader$$Lambda+0x000002c314b20ca0
instanceKlass  @bci org/jetbrains/kotlin/scripting/definitions/ScriptiDefinitionsFromClasspathDiscoverySourceKt discoverScriptTemplatesInClasspath (Ljava/util/List;Ljava/lang/ClassLoader;Lkotlin/script/experimental/host/ScriptingHostConfiguration;Lkotlin/jvm/functions/Function2;)Lkotlin/sequences/Sequence; 24 <appendix> member <vmtarget> ; # org/jetbrains/kotlin/scripting/definitions/ScriptiDefinitionsFromClasspathDiscoverySourceKt$$Lambda+0x000002c314b20a80
instanceKlass org/jetbrains/kotlin/scripting/definitions/LazyClasspathWithClassLoader
instanceKlass org/jetbrains/kotlin/scripting/definitions/ClasspathWithClassLoader
instanceKlass org/jetbrains/kotlin/scripting/definitions/ScriptiDefinitionsFromClasspathDiscoverySourceKt
instanceKlass  @bci org/jetbrains/kotlin/scripting/compiler/plugin/impl/ErrorReportingKt getReporter (Lorg/jetbrains/kotlin/cli/common/messages/MessageCollector;)Lkotlin/jvm/functions/Function2; 8 <appendix> member <vmtarget> ; # org/jetbrains/kotlin/scripting/compiler/plugin/impl/ErrorReportingKt$$Lambda+0x000002c314b20240
instanceKlass org/jetbrains/kotlin/scripting/compiler/plugin/impl/ErrorReportingKt
instanceKlass org/jetbrains/kotlin/scripting/definitions/ScriptDefinitionsFromClasspathDiscoverySource
instanceKlass org/jetbrains/kotlin/scripting/definitions/ScriptDefinitionsSource
instanceKlass kotlin/script/experimental/api/ScriptEvaluationKt
instanceKlass  @bci org/jetbrains/kotlin/scripting/definitions/ScriptEvaluationConfigurationFromHostConfiguration <init> (Lkotlin/script/experimental/host/ScriptingHostConfiguration;)V 8 <appendix> member <vmtarget> ; # org/jetbrains/kotlin/scripting/definitions/ScriptEvaluationConfigurationFromHostConfiguration$$Lambda+0x000002c314b1f0a0
instanceKlass kotlin/script/experimental/api/ScriptEvaluationConfiguration$Companion
instanceKlass kotlin/script/experimental/api/ScriptEvaluationConfigurationKeys
instanceKlass kotlin/script/experimental/dependencies/DependenciesResolver$NoDependencies
instanceKlass kotlin/script/experimental/dependencies/DependenciesResolver
instanceKlass kotlin/script/dependencies/ScriptDependenciesResolver
instanceKlass kotlin/script/experimental/jvm/compat/ExpectedLocationUtilKt$WhenMappings
instanceKlass kotlin/script/experimental/jvm/compat/ExpectedLocationUtilKt
instanceKlass  @bci org/jetbrains/kotlin/scripting/definitions/ScriptCompilationConfigurationFromDefinition _init_$lambda$0 (Lkotlin/script/experimental/host/ScriptingHostConfiguration;Lorg/jetbrains/kotlin/scripting/definitions/KotlinScriptDefinition;Lkotlin/script/experimental/api/ScriptCompilationConfiguration$Builder;)Lkotlin/Unit; 572 <appendix> member <vmtarget> ; # org/jetbrains/kotlin/scripting/definitions/ScriptCompilationConfigurationFromDefinition$$Lambda+0x000002c314b1da50
instanceKlass kotlin/script/experimental/api/IdeScriptCompilationConfigurationBuilder$Companion
instanceKlass kotlin/script/experimental/api/IdeScriptCompilationConfigurationKeys
instanceKlass kotlin/script/experimental/api/ScriptIdeConfigurationKt
instanceKlass  @bci org/jetbrains/kotlin/scripting/definitions/ScriptCompilationConfigurationFromDefinition <init> (Lkotlin/script/experimental/host/ScriptingHostConfiguration;Lorg/jetbrains/kotlin/scripting/definitions/KotlinScriptDefinition;)V 15 <appendix> member <vmtarget> ; # org/jetbrains/kotlin/scripting/definitions/ScriptCompilationConfigurationFromDefinition$$Lambda+0x000002c314b1cc00
instanceKlass kotlin/script/templates/standard/ScriptTemplateWithArgs
instanceKlass org/jetbrains/kotlin/scripting/definitions/KotlinScriptDefinition$Companion
instanceKlass org/jetbrains/kotlin/scripting/compiler/plugin/ScriptingCompilerConfigurationExtensionKt
instanceKlass  @bci org/jetbrains/kotlin/scripting/compiler/plugin/ScriptingCompilerConfigurationExtension updateConfiguration$lambda$1 (Lorg/jetbrains/kotlin/config/CompilerConfiguration;Lkotlin/script/experimental/host/ScriptingHostConfiguration$Builder;)Lkotlin/Unit; 16 <appendix> member <vmtarget> ; # org/jetbrains/kotlin/scripting/compiler/plugin/ScriptingCompilerConfigurationExtension$$Lambda+0x000002c314b1ba60
instanceKlass org/jetbrains/kotlin/scripting/definitions/ScriptCompilationConfigurationFromDefinitionKt
instanceKlass  @bci org/jetbrains/kotlin/scripting/compiler/plugin/ScriptingCompilerConfigurationExtension updateConfiguration (Lorg/jetbrains/kotlin/config/CompilerConfiguration;)V 118 <appendix> member <vmtarget> ; # org/jetbrains/kotlin/scripting/compiler/plugin/ScriptingCompilerConfigurationExtension$$Lambda+0x000002c314b1b640
instanceKlass org/jetbrains/kotlin/resolve/jvm/KotlinJavaPsiFacade$2
instanceKlass org/jetbrains/kotlin/resolve/jvm/KotlinJavaPsiFacade$1
instanceKlass  @bci org/jetbrains/kotlin/resolve/jvm/KotlinJavaPsiFacade <init> (Lorg/jetbrains/kotlin/com/intellij/openapi/project/Project;)V 47 <appendix> member <vmtarget> ; # org/jetbrains/kotlin/resolve/jvm/KotlinJavaPsiFacade$$Lambda+0x000002c314b1adc8
instanceKlass org/jetbrains/kotlin/com/intellij/psi/PsiModifierList
instanceKlass org/jetbrains/kotlin/resolve/jvm/NotFoundPackagesCachingStrategy$Default
instanceKlass  @bci org/jetbrains/kotlin/com/intellij/psi/PsiElement <clinit> ()V 7 <appendix> argL0 ; # org/jetbrains/kotlin/com/intellij/psi/PsiElement$$Lambda+0x000002c314b17cb0
instanceKlass  @bci org/jetbrains/kotlin/com/intellij/psi/impl/ElementBase <clinit> ()V 16 <appendix> argL0 ; # org/jetbrains/kotlin/com/intellij/psi/impl/ElementBase$$Lambda+0x000002c314b17a58
instanceKlass  @bci org/jetbrains/kotlin/com/intellij/psi/impl/ElementBase <clinit> ()V 8 <appendix> argL0 ; # org/jetbrains/kotlin/com/intellij/psi/impl/ElementBase$$Lambda+0x000002c314b17840
instanceKlass org/jetbrains/kotlin/com/intellij/psi/impl/ElementBase$ElementIconRequest
instanceKlass org/jetbrains/kotlin/load/java/structure/JavaClass
instanceKlass org/jetbrains/kotlin/load/java/structure/JavaTypeParameterListOwner
instanceKlass org/jetbrains/kotlin/load/java/structure/JavaModifierListOwner
instanceKlass org/jetbrains/kotlin/load/java/structure/JavaClassifier
instanceKlass org/jetbrains/kotlin/load/java/structure/JavaNamedElement
instanceKlass org/jetbrains/kotlin/load/java/structure/JavaAnnotationOwner
instanceKlass org/jetbrains/kotlin/load/java/structure/JavaElement
instanceKlass org/jetbrains/kotlin/resolve/jvm/KotlinJavaPsiFacade$KotlinPsiElementFinderWrapperImpl
instanceKlass org/jetbrains/kotlin/resolve/jvm/KotlinJavaPsiFacade$KotlinPsiElementFinderWrapper
instanceKlass org/jetbrains/kotlin/resolve/jvm/NotFoundPackagesCachingStrategy
instanceKlass org/jetbrains/kotlin/resolve/jvm/KotlinJavaPsiFacade
instanceKlass org/jetbrains/kotlin/load/java/structure/impl/source/JavaElementSourceFactory
instanceKlass org/jetbrains/kotlin/cli/common/CliModuleVisibilityManagerImpl
instanceKlass org/jetbrains/kotlin/load/kotlin/ModuleVisibilityManager
instanceKlass org/jetbrains/kotlin/compiler/plugin/CompilerPluginRegistrarKt
instanceKlass  @bci org/jetbrains/kotlin/cli/jvm/compiler/KotlinCoreEnvironment$Companion registerExtensionsFromPlugins$cli_base (Lorg/jetbrains/kotlin/com/intellij/mock/MockProject;Lorg/jetbrains/kotlin/config/CompilerConfiguration;)V 292 <appendix> argL0 ; # org/jetbrains/kotlin/cli/jvm/compiler/KotlinCoreEnvironment$Companion$$Lambda+0x000002c314b12b98
instanceKlass org/jetbrains/kotlin/assignment/plugin/AssignmentComponentContainerContributor
instanceKlass org/jetbrains/kotlin/assignment/plugin/AbstractAssignPluginResolutionAltererExtension
instanceKlass org/jetbrains/kotlin/samWithReceiver/CliSamWithReceiverComponentContributor
instanceKlass  @bci org/jetbrains/kotlin/fir/extensions/FirExtensionRegistrar <init> ()V 152 <appendix> member <vmtarget> ; # org/jetbrains/kotlin/fir/extensions/FirExtensionRegistrar$$Lambda+0x000002c314b11a30
instanceKlass org/jetbrains/kotlin/fir/FirSessionComponent
instanceKlass org/jetbrains/kotlin/fir/extensions/FirExtension
instanceKlass org/jetbrains/kotlin/fir/extensions/FirExtensionRegistrar$Companion
instanceKlass  @bci org/jetbrains/kotlin/scripting/compiler/plugin/ScriptingK2CompilerPluginRegistrar$Companion registerComponents (Lorg/jetbrains/kotlin/compiler/plugin/CompilerPluginRegistrar$ExtensionStorage;Lorg/jetbrains/kotlin/config/CompilerConfiguration;)V 36 <appendix> argL0 ; # org/jetbrains/kotlin/scripting/compiler/plugin/ScriptingK2CompilerPluginRegistrar$Companion$$Lambda+0x000002c314b0e450
instanceKlass org/jetbrains/kotlin/compiler/plugin/CompilerPluginRegistrar$ExtensionStorage
instanceKlass org/jetbrains/kotlin/scripting/compiler/plugin/definitions/CliScriptReportSink
instanceKlass org/jetbrains/kotlin/scripting/resolve/ScriptReportSink
instanceKlass org/jetbrains/kotlin/scripting/compiler/plugin/extensions/ReplLoweringExtension
instanceKlass org/jetbrains/kotlin/scripting/compiler/plugin/extensions/ScriptLoweringExtension
instanceKlass org/jetbrains/kotlin/backend/jvm/JvmIrCodegenFactory$IrGeneratorExtensionMarkerForExpressionEvaluation
instanceKlass org/jetbrains/kotlin/scripting/extensions/ScriptExtraImportsProviderExtension
instanceKlass org/jetbrains/kotlin/scripting/extensions/ScriptingResolveExtension
instanceKlass org/jetbrains/kotlin/scripting/definitions/ScriptConfigurationsProvider$Companion
instanceKlass org/jetbrains/kotlin/scripting/definitions/ScriptConfigurationsProvider
instanceKlass org/jetbrains/kotlin/scripting/definitions/LazyScriptDefinitionProvider$Companion
instanceKlass org/jetbrains/kotlin/scripting/definitions/LazyScriptDefinitionProvider
instanceKlass org/jetbrains/kotlin/scripting/definitions/ScriptDefinitionProvider
instanceKlass org/jetbrains/kotlin/scripting/compiler/plugin/extensions/JvmStandardReplFactoryExtension
instanceKlass org/jetbrains/kotlin/cli/common/extensions/ReplFactoryExtension
instanceKlass org/jetbrains/kotlin/scripting/compiler/plugin/JvmCliReplShellExtension
instanceKlass org/jetbrains/kotlin/scripting/compiler/plugin/PluginRegisrarKt
instanceKlass org/jetbrains/kotlin/scripting/compiler/plugin/AbstractScriptEvaluationExtension
instanceKlass org/jetbrains/kotlin/scripting/compiler/plugin/extensions/ScriptingProcessSourcesBeforeCompilingExtension
instanceKlass org/jetbrains/kotlin/scripting/compiler/plugin/extensions/ScriptingCollectAdditionalSourcesExtension
instanceKlass org/jetbrains/kotlin/scripting/compiler/plugin/ScriptingCompilerConfigurationExtension
instanceKlass org/jetbrains/kotlin/scripting/configuration/ScriptingConfigurationKeys
instanceKlass  @bci org/jetbrains/kotlin/scripting/compiler/plugin/ScriptingCompilerConfigurationComponentRegistrar registerProjectComponents (Lorg/jetbrains/kotlin/com/intellij/mock/MockProject;Lorg/jetbrains/kotlin/config/CompilerConfiguration;)V 42 <appendix> argL0 ; # org/jetbrains/kotlin/scripting/compiler/plugin/ScriptingCompilerConfigurationComponentRegistrar$$Lambda+0x000002c314b0aa48
instanceKlass  @bci kotlin/script/experimental/jvm/JvmScriptingHostConfigurationKt getDefaultJvmScriptingHostConfiguration ()Lkotlin/script/experimental/host/ScriptingHostConfiguration; 4 <appendix> argL0 ; # kotlin/script/experimental/jvm/JvmScriptingHostConfigurationKt$$Lambda+0x000002c314b0a830
instanceKlass  @bci kotlin/script/experimental/jvm/JvmScriptingHostConfigurationKt <clinit> ()V 118 <appendix> argL0 ; # kotlin/script/experimental/jvm/JvmScriptingHostConfigurationKt$$Lambda+0x000002c314b0a618
instanceKlass kotlin/script/experimental/jvm/JvmScriptingHostConfigurationKt
instanceKlass org/jetbrains/kotlin/resolve/diagnostics/DiagnosticSuppressor
instanceKlass org/jetbrains/kotlin/fir/extensions/FirAnalysisHandlerExtension
instanceKlass org/jetbrains/kotlin/resolve/extensions/AssignResolutionAltererExtension
instanceKlass org/jetbrains/kotlin/extensions/AnnotationBasedExtension
instanceKlass org/jetbrains/kotlin/types/DefaultTypeAttributeTranslator
instanceKlass org/jetbrains/kotlin/types/extensions/TypeAttributeTranslators
instanceKlass org/jetbrains/kotlin/extensions/TypeAttributeTranslatorExtension
instanceKlass org/jetbrains/kotlin/types/TypeAttributeTranslator
instanceKlass org/jetbrains/kotlin/fir/extensions/FirExtensionRegistrarAdapter
instanceKlass org/jetbrains/kotlin/serialization/DescriptorSerializerPlugin
instanceKlass org/jetbrains/kotlin/extensions/internal/CallResolutionInterceptorExtension
instanceKlass org/jetbrains/kotlin/extensions/internal/CandidateInterceptor
instanceKlass org/jetbrains/kotlin/extensions/internal/TypeResolutionInterceptorExtension
instanceKlass org/jetbrains/kotlin/extensions/internal/TypeResolutionInterceptor
instanceKlass org/jetbrains/kotlin/cli/common/extensions/ShellExtension
instanceKlass org/jetbrains/kotlin/cli/common/extensions/ScriptEvaluationExtension
instanceKlass org/jetbrains/kotlin/backend/common/extensions/IrGenerationExtension
instanceKlass org/jetbrains/kotlin/resolve/extensions/ExtraImportsProviderExtension
instanceKlass org/jetbrains/kotlin/extensions/ProcessSourcesBeforeCompilingExtension
instanceKlass org/jetbrains/kotlin/extensions/CollectAdditionalSourcesExtension
instanceKlass org/jetbrains/kotlin/extensions/CompilerConfigurationExtension
instanceKlass org/jetbrains/kotlin/extensions/PreprocessedVirtualFileFactoryExtension
instanceKlass org/jetbrains/kotlin/extensions/DeclarationAttributeAltererExtension
instanceKlass org/jetbrains/kotlin/extensions/StorageComponentContainerContributor
instanceKlass org/jetbrains/kotlin/resolve/jvm/extensions/PackageFragmentProviderExtension
instanceKlass org/jetbrains/kotlin/resolve/jvm/extensions/AnalysisHandlerExtension
instanceKlass org/jetbrains/kotlin/resolve/extensions/AnalysisHandlerExtension
instanceKlass org/jetbrains/kotlin/codegen/extensions/ClassFileFactoryFinalizerExtension
instanceKlass org/jetbrains/kotlin/backend/jvm/extensions/ClassGeneratorExtension
instanceKlass org/jetbrains/kotlin/codegen/extensions/ClassBuilderInterceptorExtension
instanceKlass org/jetbrains/kotlin/resolve/jvm/extensions/SyntheticJavaResolveExtension
instanceKlass org/jetbrains/kotlin/extensions/ProjectExtensionDescriptor
instanceKlass org/jetbrains/kotlin/resolve/extensions/SyntheticResolveExtension
instanceKlass org/jetbrains/kotlin/com/intellij/openapi/util/io/FileUtilRt
instanceKlass org/jetbrains/kotlin/com/intellij/openapi/vfs/PersistentFSConstants
instanceKlass  @bci org/jetbrains/kotlin/cli/jvm/compiler/KotlinCoreApplicationEnvironment getFastJarFileSystem ()Lorg/jetbrains/kotlin/cli/jvm/compiler/jarfs/FastJarFileSystem; 45 <appendix> member <vmtarget> ; # org/jetbrains/kotlin/cli/jvm/compiler/KotlinCoreApplicationEnvironment$$Lambda+0x000002c314b01e50
instanceKlass  @bci org/jetbrains/kotlin/com/intellij/util/containers/SLRUMap <init> (IILorg/jetbrains/kotlin/com/intellij/util/containers/hash/EqualityPolicy;)V 55 <appendix> member <vmtarget> ; # org/jetbrains/kotlin/com/intellij/util/containers/SLRUMap$$Lambda+0x000002c314b01c30
instanceKlass org/jetbrains/kotlin/com/intellij/util/containers/LinkedCustomHashMap$Entry
instanceKlass  @bci org/jetbrains/kotlin/com/intellij/util/containers/SLRUMap <init> (IILorg/jetbrains/kotlin/com/intellij/util/containers/hash/EqualityPolicy;)V 37 <appendix> member <vmtarget> ; # org/jetbrains/kotlin/com/intellij/util/containers/SLRUMap$$Lambda+0x000002c314b015e0
instanceKlass  @cpi org/jetbrains/kotlin/com/intellij/util/containers/SLRUMap 67 form vmentry <vmtarget> ; # java/lang/invoke/LambdaForm$DMH+0x000002c314b04000
instanceKlass org/jetbrains/kotlin/com/intellij/util/containers/LinkedCustomHashMap$RemoveCallback
instanceKlass org/jetbrains/kotlin/com/intellij/util/containers/LinkedCustomHashMap
instanceKlass org/jetbrains/kotlin/com/intellij/util/containers/SLRUMap
instanceKlass org/jetbrains/kotlin/com/intellij/util/io/FileAccessorCache
instanceKlass org/jetbrains/kotlin/com/intellij/util/containers/hash/EqualityPolicy
instanceKlass  @bci org/jetbrains/kotlin/cli/jvm/compiler/jarfs/FastJarFileSystem <init> (Lkotlin/jvm/functions/Function1;)V 16 <appendix> member <vmtarget> ; # org/jetbrains/kotlin/cli/jvm/compiler/jarfs/FastJarFileSystem$$Lambda+0x000002c314b00428
instanceKlass  @bci org/jetbrains/kotlin/cli/jvm/compiler/jarfs/FastJarFileSystem <init> (Lkotlin/jvm/functions/Function1;)V 11 <appendix> member <vmtarget> ; # org/jetbrains/kotlin/cli/jvm/compiler/jarfs/FastJarFileSystem$$Lambda+0x000002c314b00208
instanceKlass org/jetbrains/kotlin/cli/jvm/compiler/jarfs/FastJarHandler
instanceKlass  @bci org/jetbrains/kotlin/cli/jvm/compiler/jarfs/FastJarFileSystemKt prepareCleanerCallback ()Lkotlin/jvm/functions/Function1; 119 <appendix> member <vmtarget> ; # org/jetbrains/kotlin/cli/jvm/compiler/jarfs/FastJarFileSystemKt$$Lambda+0x000002c314affce8
instanceKlass org/jetbrains/kotlin/cli/jvm/compiler/jarfs/FastJarFileSystemKt
instanceKlass org/jetbrains/kotlin/cli/jvm/compiler/jarfs/FastJarFileSystem$Companion
instanceKlass org/jetbrains/kotlin/cli/common/messages/MessageCollector$Companion$NONE$1
instanceKlass org/jetbrains/kotlin/cli/common/messages/MessageCollector$Companion
instanceKlass org/jetbrains/kotlin/config/CommonConfigurationKeysKt
instanceKlass  @bci org/jetbrains/kotlin/com/intellij/lang/jvm/facade/JvmFacadeImpl <init> (Lorg/jetbrains/kotlin/com/intellij/openapi/project/Project;)V 53 <appendix> member <vmtarget> ; # org/jetbrains/kotlin/com/intellij/lang/jvm/facade/JvmFacadeImpl$$Lambda+0x000002c314afedb0
instanceKlass org/jetbrains/kotlin/com/intellij/psi/impl/source/DummyHolderFactory$DefaultFactory
instanceKlass org/jetbrains/kotlin/com/intellij/psi/impl/source/DummyHolderFactory
instanceKlass org/jetbrains/kotlin/com/intellij/psi/PsiImportHolder
instanceKlass org/jetbrains/kotlin/com/intellij/psi/impl/source/PsiFileWithStubSupport
instanceKlass org/jetbrains/kotlin/com/intellij/psi/impl/PsiFileEx
instanceKlass org/jetbrains/kotlin/com/intellij/openapi/ui/Queryable
instanceKlass org/jetbrains/kotlin/com/intellij/psi/impl/source/JavaDummyHolderFactory
instanceKlass  @bci org/jetbrains/kotlin/com/intellij/psi/impl/JavaPsiFacadeImpl <init> (Lorg/jetbrains/kotlin/com/intellij/openapi/project/Project;)V 92 <appendix> member <vmtarget> ; # org/jetbrains/kotlin/com/intellij/psi/impl/JavaPsiFacadeImpl$$Lambda+0x000002c314af9728
instanceKlass  @bci org/jetbrains/kotlin/com/intellij/psi/impl/JavaPsiFacadeImpl <init> (Lorg/jetbrains/kotlin/com/intellij/openapi/project/Project;)V 55 <appendix> member <vmtarget> ; # org/jetbrains/kotlin/com/intellij/psi/impl/JavaPsiFacadeImpl$$Lambda+0x000002c314af9508
instanceKlass org/jetbrains/kotlin/com/intellij/lang/jvm/facade/JvmFacadeImpl
instanceKlass org/jetbrains/kotlin/com/intellij/lang/jvm/facade/JvmFacade
instanceKlass org/jetbrains/kotlin/com/intellij/psi/impl/source/HolderFactory
instanceKlass org/jetbrains/kotlin/com/intellij/psi/PsiConstantEvaluationHelper
instanceKlass org/jetbrains/kotlin/com/intellij/psi/JavaPsiFacade
instanceKlass org/jetbrains/kotlin/cli/jvm/compiler/MockInferredAnnotationsManager$Companion
instanceKlass org/jetbrains/kotlin/com/intellij/codeInsight/InferredAnnotationsManager
instanceKlass org/jetbrains/kotlin/com/intellij/codeInsight/ExternalAnnotationsListener
instanceKlass org/jetbrains/kotlin/com/intellij/codeInsight/ExternalAnnotationsManager
instanceKlass org/jetbrains/kotlin/com/intellij/util/Processor
instanceKlass org/jetbrains/kotlin/asJava/finder/JavaElementFinder$Companion
instanceKlass org/jetbrains/kotlin/resolve/jvm/KotlinFinderMarker
instanceKlass org/jetbrains/kotlin/asJava/KotlinAsJavaSupportBase$Companion
instanceKlass org/jetbrains/kotlin/asJava/KotlinAsJavaSupport$Companion
instanceKlass org/jetbrains/kotlin/asJava/KotlinAsJavaSupport
instanceKlass  @bci org/jetbrains/kotlin/asJava/classes/ImplUtilsKt <clinit> ()V 0 <appendix> argL0 ; # org/jetbrains/kotlin/asJava/classes/ImplUtilsKt$$Lambda+0x000002c314af4cf8
instanceKlass org/jetbrains/kotlin/asJava/classes/ImplUtilsKt
instanceKlass  @bci org/jetbrains/kotlin/cli/jvm/compiler/CliLightClassGenerationSupport <init> (Lorg/jetbrains/kotlin/cli/jvm/compiler/CliTraceHolder;Lorg/jetbrains/kotlin/com/intellij/openapi/project/Project;)V 28 <appendix> member <vmtarget> ; # org/jetbrains/kotlin/cli/jvm/compiler/CliLightClassGenerationSupport$$Lambda+0x000002c314af48d8
instanceKlass org/jetbrains/kotlin/cli/jvm/compiler/CliLightClassGenerationSupport$CliLightClassSupport
instanceKlass org/jetbrains/kotlin/asJava/classes/KtUltraLightSupport
instanceKlass org/jetbrains/kotlin/asJava/LightClassGenerationSupport$Companion
instanceKlass org/jetbrains/kotlin/asJava/LightClassGenerationSupport
instanceKlass org/jetbrains/kotlin/resolve/jvm/JvmCodeAnalyzerInitializer
instanceKlass org/jetbrains/kotlin/resolve/CodeAnalyzerInitializer
instanceKlass org/jetbrains/kotlin/com/intellij/psi/impl/JvmPsiConversionHelperImpl
instanceKlass org/jetbrains/kotlin/com/intellij/psi/JvmPsiConversionHelper
instanceKlass  @bci org/jetbrains/kotlin/it/unimi/dsi/fastutil/objects/ObjectOpenHashSet <clinit> ()V 10 <appendix> argL0 ; # org/jetbrains/kotlin/it/unimi/dsi/fastutil/objects/ObjectOpenHashSet$$Lambda+0x000002c314af3180
instanceKlass  @bci org/jetbrains/kotlin/it/unimi/dsi/fastutil/objects/ObjectOpenHashSet <clinit> ()V 5 <appendix> argL0 ; # org/jetbrains/kotlin/it/unimi/dsi/fastutil/objects/ObjectOpenHashSet$$Lambda+0x000002c314af2f58
instanceKlass  @bci org/jetbrains/kotlin/it/unimi/dsi/fastutil/objects/ObjectOpenHashSet <clinit> ()V 0 <appendix> argL0 ; # org/jetbrains/kotlin/it/unimi/dsi/fastutil/objects/ObjectOpenHashSet$$Lambda+0x000002c314af2d40
instanceKlass org/jetbrains/kotlin/com/intellij/util/containers/Interner
instanceKlass org/jetbrains/kotlin/utils/PlatformUtilsKt
instanceKlass org/jetbrains/kotlin/load/java/structure/impl/classFiles/BinaryClassSignatureParser
instanceKlass org/jetbrains/kotlin/com/intellij/openapi/util/RecursionManager$2
instanceKlass org/jetbrains/kotlin/com/intellij/util/containers/SoftKeySoftValueHashMap
instanceKlass  @bci org/jetbrains/kotlin/com/intellij/psi/search/ProjectScope <clinit> ()V 54 <appendix> argL0 ; # org/jetbrains/kotlin/com/intellij/psi/search/ProjectScope$$Lambda+0x000002c314af0b10
instanceKlass  @bci org/jetbrains/kotlin/com/intellij/psi/search/ProjectScope <clinit> ()V 41 <appendix> argL0 ; # org/jetbrains/kotlin/com/intellij/psi/search/ProjectScope$$Lambda+0x000002c314af08d8
instanceKlass  @bci org/jetbrains/kotlin/com/intellij/psi/search/ProjectScope <clinit> ()V 28 <appendix> argL0 ; # org/jetbrains/kotlin/com/intellij/psi/search/ProjectScope$$Lambda+0x000002c314af06a0
instanceKlass  @bci org/jetbrains/kotlin/com/intellij/psi/search/ProjectScope <clinit> ()V 15 <appendix> argL0 ; # org/jetbrains/kotlin/com/intellij/psi/search/ProjectScope$$Lambda+0x000002c314af0468
instanceKlass  @bci org/jetbrains/kotlin/com/intellij/psi/search/ProjectScope <clinit> ()V 2 <appendix> argL0 ; # org/jetbrains/kotlin/com/intellij/psi/search/ProjectScope$$Lambda+0x000002c314af0000
instanceKlass org/jetbrains/kotlin/com/intellij/psi/search/ProjectScope
instanceKlass org/jetbrains/kotlin/cli/jvm/compiler/KotlinCliJavaFileManagerImpl$Companion
instanceKlass org/jetbrains/kotlin/com/intellij/core/CoreJavaFileManager
instanceKlass org/jetbrains/kotlin/resolve/jvm/KotlinCliJavaFileManager
instanceKlass org/jetbrains/kotlin/com/intellij/psi/controlFlow/ControlFlowFactory$1
instanceKlass  @bci org/jetbrains/kotlin/com/intellij/util/containers/ConcurrentWeakKeySoftValueHashMap <clinit> ()V 0 <appendix> argL0 ; # org/jetbrains/kotlin/com/intellij/util/containers/ConcurrentWeakKeySoftValueHashMap$$Lambda+0x000002c314aeeff8
instanceKlass org/jetbrains/kotlin/com/intellij/util/containers/ConcurrentWeakKeySoftValueHashMap$HardKey
instanceKlass org/jetbrains/kotlin/com/intellij/util/containers/ConcurrentWeakKeySoftValueHashMap$KeyReference
instanceKlass org/jetbrains/kotlin/com/intellij/util/containers/ConcurrentWeakKeySoftValueHashMap
instanceKlass org/jetbrains/kotlin/com/intellij/psi/controlFlow/ControlFlow
instanceKlass org/jetbrains/kotlin/com/intellij/psi/controlFlow/ControlFlowFactory
instanceKlass org/jetbrains/kotlin/com/intellij/psi/codeStyle/SuggestedNameInfo
instanceKlass org/jetbrains/kotlin/com/intellij/psi/codeStyle/JavaCodeStyleManager
instanceKlass org/jetbrains/kotlin/com/intellij/core/CoreJavaFileCodeStyleFacade
instanceKlass org/jetbrains/kotlin/com/intellij/psi/codeStyle/JavaFileCodeStyleFacade
instanceKlass org/jetbrains/kotlin/com/intellij/psi/codeStyle/CodeStyleSettingsFacade
instanceKlass org/jetbrains/kotlin/com/intellij/psi/codeStyle/JavaCodeStyleSettingsFacade
instanceKlass org/jetbrains/kotlin/com/intellij/psi/impl/source/resolve/JavaResolveCache$1
instanceKlass org/jetbrains/kotlin/com/intellij/psi/impl/source/resolve/JavaResolveCache
instanceKlass  @bci org/jetbrains/kotlin/com/intellij/pom/java/LanguageLevel <clinit> ()V 708 <appendix> argL0 ; # org/jetbrains/kotlin/com/intellij/pom/java/LanguageLevel$$Lambda+0x000002c314aeb2f0
instanceKlass  @bci org/jetbrains/kotlin/com/intellij/pom/java/LanguageLevel <clinit> ()V 698 <appendix> argL0 ; # org/jetbrains/kotlin/com/intellij/pom/java/LanguageLevel$$Lambda+0x000002c314aeb0a8
instanceKlass org/jetbrains/kotlin/com/intellij/util/lang/JavaVersion
instanceKlass  @bci org/jetbrains/kotlin/com/intellij/AbstractBundle getLazyMessage (Ljava/lang/String;[Ljava/lang/Object;)Ljava/util/function/Supplier; 34 <appendix> member <vmtarget> ; # org/jetbrains/kotlin/com/intellij/AbstractBundle$$Lambda+0x000002c314aeaa80
instanceKlass org/jetbrains/kotlin/com/intellij/util/LocalizationUtil
instanceKlass org/jetbrains/kotlin/com/intellij/util/containers/ConcurrentRefValueHashMap$ValueReference
instanceKlass org/jetbrains/kotlin/com/intellij/util/containers/ConcurrentRefValueHashMap
instanceKlass org/jetbrains/kotlin/com/intellij/AbstractBundle
instanceKlass org/jetbrains/kotlin/com/intellij/core/JavaPsiBundle
instanceKlass org/jetbrains/kotlin/com/intellij/openapi/roots/LanguageLevelProjectExtension$LanguageLevelChangeListener
instanceKlass org/jetbrains/kotlin/com/intellij/openapi/roots/LanguageLevelProjectExtension
instanceKlass  @bci org/jetbrains/kotlin/com/intellij/openapi/util/RecursionManager <clinit> ()V 8 <appendix> argL0 ; # org/jetbrains/kotlin/com/intellij/openapi/util/RecursionManager$$Lambda+0x000002c314ae8848
instanceKlass org/jetbrains/kotlin/com/intellij/openapi/util/RecursionManager$CalculationStack
instanceKlass org/jetbrains/kotlin/com/intellij/openapi/util/RecursionGuard
instanceKlass org/jetbrains/kotlin/com/intellij/openapi/util/RecursionGuard$StackStamp
instanceKlass org/jetbrains/kotlin/com/intellij/openapi/util/RecursionManager
instanceKlass org/jetbrains/kotlin/com/intellij/psi/PsiInferenceHelper
instanceKlass org/jetbrains/kotlin/com/intellij/psi/scope/processor/FilterScopeProcessor
instanceKlass org/jetbrains/kotlin/com/intellij/psi/scope/PsiScopeProcessor
instanceKlass org/jetbrains/kotlin/com/intellij/psi/scope/NameHint
instanceKlass org/jetbrains/kotlin/com/intellij/psi/scope/ElementClassHint
instanceKlass org/jetbrains/kotlin/com/intellij/psi/impl/source/resolve/PsiResolveHelperImpl
instanceKlass org/jetbrains/kotlin/com/intellij/psi/PsiResolveHelper
instanceKlass org/jetbrains/kotlin/com/intellij/psi/impl/JavaPsiImplementationHelper
instanceKlass org/jetbrains/kotlin/com/intellij/psi/impl/PsiElementFactoryImpl$1
instanceKlass  @bci org/jetbrains/kotlin/com/intellij/psi/impl/PsiElementFactoryImpl <clinit> ()V 25 <appendix> argL0 ; # org/jetbrains/kotlin/com/intellij/psi/impl/PsiElementFactoryImpl$$Lambda+0x000002c314ae4de0
instanceKlass  @bci org/jetbrains/kotlin/com/intellij/psi/PsiType <clinit> ()V 135 <appendix> argL0 ; # org/jetbrains/kotlin/com/intellij/psi/PsiType$$Lambda+0x000002c314ae4bc8
instanceKlass org/jetbrains/kotlin/com/intellij/psi/TypeAnnotationProvider$1
instanceKlass org/jetbrains/kotlin/com/intellij/psi/TypeAnnotationProvider$Static
instanceKlass org/jetbrains/kotlin/com/intellij/psi/TypeAnnotationProvider
instanceKlass  @bci org/jetbrains/kotlin/com/intellij/psi/PsiAnnotation <clinit> ()V 7 <appendix> argL0 ; # org/jetbrains/kotlin/com/intellij/psi/PsiAnnotation$$Lambda+0x000002c314ae3da8
instanceKlass org/jetbrains/kotlin/com/intellij/psi/PsiAnnotation
instanceKlass org/jetbrains/kotlin/com/intellij/lang/jvm/types/JvmPrimitiveTypeKind
instanceKlass org/jetbrains/kotlin/com/intellij/lang/jvm/JvmAnnotation
instanceKlass org/jetbrains/kotlin/com/intellij/psi/PsiTypes
instanceKlass  @bci org/jetbrains/kotlin/com/intellij/psi/impl/PsiJavaParserFacadeImpl <clinit> ()V 132 <appendix> argL0 ; # org/jetbrains/kotlin/com/intellij/psi/impl/PsiJavaParserFacadeImpl$$Lambda+0x000002c314ae2bc8
instanceKlass  @bci org/jetbrains/kotlin/com/intellij/psi/impl/PsiJavaParserFacadeImpl <clinit> ()V 124 <appendix> argL0 ; # org/jetbrains/kotlin/com/intellij/psi/impl/PsiJavaParserFacadeImpl$$Lambda+0x000002c314ae29a0
instanceKlass  @bci org/jetbrains/kotlin/com/intellij/psi/impl/PsiJavaParserFacadeImpl <clinit> ()V 116 <appendix> argL0 ; # org/jetbrains/kotlin/com/intellij/psi/impl/PsiJavaParserFacadeImpl$$Lambda+0x000002c314ae2778
instanceKlass  @bci org/jetbrains/kotlin/com/intellij/psi/impl/PsiJavaParserFacadeImpl <clinit> ()V 108 <appendix> argL0 ; # org/jetbrains/kotlin/com/intellij/psi/impl/PsiJavaParserFacadeImpl$$Lambda+0x000002c314ae2550
instanceKlass  @bci org/jetbrains/kotlin/com/intellij/psi/impl/PsiJavaParserFacadeImpl <clinit> ()V 100 <appendix> argL0 ; # org/jetbrains/kotlin/com/intellij/psi/impl/PsiJavaParserFacadeImpl$$Lambda+0x000002c314ae2328
instanceKlass  @bci org/jetbrains/kotlin/com/intellij/psi/impl/PsiJavaParserFacadeImpl <clinit> ()V 92 <appendix> argL0 ; # org/jetbrains/kotlin/com/intellij/psi/impl/PsiJavaParserFacadeImpl$$Lambda+0x000002c314ae2100
instanceKlass  @bci org/jetbrains/kotlin/com/intellij/psi/impl/PsiJavaParserFacadeImpl <clinit> ()V 84 <appendix> argL0 ; # org/jetbrains/kotlin/com/intellij/psi/impl/PsiJavaParserFacadeImpl$$Lambda+0x000002c314ae1ed8
instanceKlass  @bci org/jetbrains/kotlin/com/intellij/psi/impl/PsiJavaParserFacadeImpl <clinit> ()V 76 <appendix> argL0 ; # org/jetbrains/kotlin/com/intellij/psi/impl/PsiJavaParserFacadeImpl$$Lambda+0x000002c314ae1cb0
instanceKlass  @bci org/jetbrains/kotlin/com/intellij/psi/impl/PsiJavaParserFacadeImpl <clinit> ()V 68 <appendix> argL0 ; # org/jetbrains/kotlin/com/intellij/psi/impl/PsiJavaParserFacadeImpl$$Lambda+0x000002c314ae1a88
instanceKlass  @bci org/jetbrains/kotlin/com/intellij/psi/impl/PsiJavaParserFacadeImpl <clinit> ()V 60 <appendix> argL0 ; # org/jetbrains/kotlin/com/intellij/psi/impl/PsiJavaParserFacadeImpl$$Lambda+0x000002c314ae1860
instanceKlass  @bci org/jetbrains/kotlin/com/intellij/psi/impl/PsiJavaParserFacadeImpl <clinit> ()V 52 <appendix> argL0 ; # org/jetbrains/kotlin/com/intellij/psi/impl/PsiJavaParserFacadeImpl$$Lambda+0x000002c314ae1638
instanceKlass  @bci org/jetbrains/kotlin/com/intellij/psi/impl/PsiJavaParserFacadeImpl <clinit> ()V 44 <appendix> argL0 ; # org/jetbrains/kotlin/com/intellij/psi/impl/PsiJavaParserFacadeImpl$$Lambda+0x000002c314ae1410
instanceKlass  @bci org/jetbrains/kotlin/com/intellij/psi/impl/PsiJavaParserFacadeImpl <clinit> ()V 36 <appendix> argL0 ; # org/jetbrains/kotlin/com/intellij/psi/impl/PsiJavaParserFacadeImpl$$Lambda+0x000002c314ae11e8
instanceKlass  @bci org/jetbrains/kotlin/com/intellij/psi/impl/PsiJavaParserFacadeImpl <clinit> ()V 28 <appendix> argL0 ; # org/jetbrains/kotlin/com/intellij/psi/impl/PsiJavaParserFacadeImpl$$Lambda+0x000002c314ae0fc0
instanceKlass org/jetbrains/kotlin/com/intellij/lang/java/parser/JavaParserUtil$ParserWrapper
instanceKlass org/jetbrains/kotlin/com/intellij/psi/PsiReferenceExpression
instanceKlass org/jetbrains/kotlin/com/intellij/psi/PsiExpression
instanceKlass org/jetbrains/kotlin/com/intellij/psi/PsiCaseLabelElement
instanceKlass org/jetbrains/kotlin/com/intellij/psi/PsiAnnotationMemberValue
instanceKlass org/jetbrains/kotlin/com/intellij/psi/PsiTypeElement
instanceKlass org/jetbrains/kotlin/com/intellij/psi/PsiImportStatementBase
instanceKlass org/jetbrains/kotlin/com/intellij/psi/PsiJavaCodeReferenceElement
instanceKlass org/jetbrains/kotlin/com/intellij/psi/PsiQualifiedReferenceElement
instanceKlass org/jetbrains/kotlin/com/intellij/psi/PsiQualifiedReference
instanceKlass org/jetbrains/kotlin/com/intellij/psi/PsiJavaReference
instanceKlass org/jetbrains/kotlin/com/intellij/psi/PsiPolyVariantReference
instanceKlass org/jetbrains/kotlin/com/intellij/lang/jvm/types/JvmReferenceType
instanceKlass org/jetbrains/kotlin/com/intellij/lang/java/parser/BasicJavaParserUtil$ParserWrapper
instanceKlass org/jetbrains/kotlin/com/intellij/lang/jvm/types/JvmPrimitiveType
instanceKlass org/jetbrains/kotlin/com/intellij/psi/PsiType
instanceKlass org/jetbrains/kotlin/com/intellij/psi/PsiAnnotationOwner
instanceKlass org/jetbrains/kotlin/com/intellij/lang/jvm/types/JvmType
instanceKlass org/jetbrains/kotlin/com/intellij/psi/impl/PsiJavaParserFacadeImpl
instanceKlass org/jetbrains/kotlin/com/intellij/psi/PsiElementFactory
instanceKlass org/jetbrains/kotlin/com/intellij/psi/PsiJavaParserFacade
instanceKlass org/jetbrains/kotlin/com/intellij/psi/JVMElementFactory
instanceKlass org/jetbrains/kotlin/com/intellij/lang/injection/InjectedLanguageManager
instanceKlass org/jetbrains/kotlin/com/intellij/mock/MockDumbUtil
instanceKlass org/jetbrains/kotlin/com/intellij/openapi/project/DumbUtil
instanceKlass org/jetbrains/kotlin/com/intellij/psi/search/impl/VirtualFileEnumerationAware
instanceKlass org/jetbrains/kotlin/com/intellij/psi/search/impl/VirtualFileEnumeration
instanceKlass org/jetbrains/kotlin/com/intellij/psi/PsiDirectory
instanceKlass org/jetbrains/kotlin/com/intellij/psi/impl/file/PsiDirectoryFactory
instanceKlass org/jetbrains/kotlin/com/intellij/psi/util/CachedValue
instanceKlass org/jetbrains/kotlin/com/intellij/psi/util/ParameterizedCachedValue
instanceKlass org/jetbrains/kotlin/com/intellij/psi/impl/PsiCachedValuesFactory
instanceKlass org/jetbrains/kotlin/com/intellij/psi/util/CachedValueProvider
instanceKlass org/jetbrains/kotlin/com/intellij/psi/util/CachedValuesManager
instanceKlass org/jetbrains/kotlin/com/intellij/psi/PsiFileFactory
instanceKlass org/jetbrains/kotlin/com/intellij/psi/impl/PsiToDocumentSynchronizer
instanceKlass  @bci org/jetbrains/kotlin/com/intellij/openapi/editor/event/DocumentListener <clinit> ()V 7 <appendix> argL0 ; # org/jetbrains/kotlin/com/intellij/openapi/editor/event/DocumentListener$$Lambda+0x000002c314ad51f8
instanceKlass org/jetbrains/kotlin/com/intellij/psi/PsiElementVisitor
instanceKlass org/jetbrains/kotlin/com/intellij/openapi/editor/event/DocumentListener
instanceKlass org/jetbrains/kotlin/com/intellij/psi/PsiDocumentManager
instanceKlass org/jetbrains/kotlin/com/intellij/core/MockDocumentCommitProcessor
instanceKlass org/jetbrains/kotlin/com/intellij/psi/impl/DocumentCommitProcessor
instanceKlass org/jetbrains/kotlin/com/intellij/psi/SmartPointerManager
instanceKlass org/jetbrains/kotlin/com/intellij/psi/impl/file/impl/FileManagerImpl$1
instanceKlass  @bci org/jetbrains/kotlin/com/intellij/psi/impl/file/impl/FileManagerImpl <init> (Lorg/jetbrains/kotlin/com/intellij/psi/impl/PsiManagerImpl;Lorg/jetbrains/kotlin/com/intellij/openapi/util/NotNullLazyValue;)V 93 <appendix> member <vmtarget> ; # org/jetbrains/kotlin/com/intellij/psi/impl/file/impl/FileManagerImpl$$Lambda+0x000002c314ad2f68
instanceKlass  @bci org/jetbrains/kotlin/com/intellij/psi/impl/file/impl/FileManagerImpl <init> (Lorg/jetbrains/kotlin/com/intellij/psi/impl/PsiManagerImpl;Lorg/jetbrains/kotlin/com/intellij/openapi/util/NotNullLazyValue;)V 52 <appendix> argL0 ; # org/jetbrains/kotlin/com/intellij/psi/impl/file/impl/FileManagerImpl$$Lambda+0x000002c314ad2d50
instanceKlass org/jetbrains/kotlin/com/intellij/openapi/util/Comparing
instanceKlass org/jetbrains/kotlin/com/intellij/openapi/fileTypes/CharsetUtil
instanceKlass org/jetbrains/kotlin/com/intellij/util/LocalTimeCounter
instanceKlass  @bci org/jetbrains/kotlin/com/intellij/openapi/extensions/impl/ExtensionPointImpl addExtensionPointListener (Lorg/jetbrains/kotlin/com/intellij/openapi/extensions/ExtensionPointListener;ZLorg/jetbrains/kotlin/com/intellij/openapi/Disposable;)V 40 <appendix> member <vmtarget> ; # org/jetbrains/kotlin/com/intellij/openapi/extensions/impl/ExtensionPointImpl$$Lambda+0x000002c314ad2530
instanceKlass org/jetbrains/kotlin/com/intellij/openapi/extensions/ExtensionPointPriorityListener
instanceKlass  @bci org/jetbrains/kotlin/com/intellij/openapi/extensions/impl/ExtensionPointImpl addListener (Lorg/jetbrains/kotlin/com/intellij/openapi/extensions/ExtensionPointListener;)Z 20 <appendix> member <vmtarget> ; # org/jetbrains/kotlin/com/intellij/openapi/extensions/impl/ExtensionPointImpl$$Lambda+0x000002c314ad20e0
instanceKlass org/jetbrains/kotlin/com/intellij/openapi/extensions/ExtensionPointUtil$1
instanceKlass org/jetbrains/kotlin/com/intellij/openapi/extensions/ExtensionPointUtil
instanceKlass  @bci org/jetbrains/kotlin/com/intellij/openapi/vfs/DeprecatedVirtualFileSystem startEventPropagation ()V 33 <appendix> member <vmtarget> ; # org/jetbrains/kotlin/com/intellij/openapi/vfs/DeprecatedVirtualFileSystem$$Lambda+0x000002c314ad1a58
instanceKlass  @bci org/jetbrains/kotlin/com/intellij/openapi/vfs/VirtualFile <clinit> ()V 7 <appendix> argL0 ; # org/jetbrains/kotlin/com/intellij/openapi/vfs/VirtualFile$$Lambda+0x000002c314ad1840
instanceKlass org/jetbrains/kotlin/com/intellij/openapi/vfs/NonPhysicalFileSystem
instanceKlass org/jetbrains/kotlin/com/intellij/openapi/vfs/VirtualFileWithAssignedFileType
instanceKlass org/jetbrains/kotlin/com/intellij/psi/impl/file/impl/FileManagerImpl
instanceKlass  @bci org/jetbrains/kotlin/com/intellij/openapi/util/NotNullLazyValue createValue (Lorg/jetbrains/kotlin/com/intellij/openapi/util/NotNullFactory;)Lorg/jetbrains/kotlin/com/intellij/openapi/util/NotNullLazyValue; 14 <appendix> member <vmtarget> ; # org/jetbrains/kotlin/com/intellij/openapi/util/NotNullLazyValue$$Lambda+0x000002c314acf6e0
instanceKlass  @bci org/jetbrains/kotlin/com/intellij/psi/impl/PsiManagerImpl <init> (Lorg/jetbrains/kotlin/com/intellij/openapi/project/Project;)V 56 <appendix> member <vmtarget> ; # org/jetbrains/kotlin/com/intellij/psi/impl/PsiManagerImpl$$Lambda+0x000002c314acf480
instanceKlass org/jetbrains/kotlin/com/intellij/openapi/util/NotNullFactory
instanceKlass org/jetbrains/kotlin/com/intellij/openapi/util/Factory
instanceKlass org/jetbrains/kotlin/com/intellij/openapi/vfs/VirtualFileFilter$2
instanceKlass org/jetbrains/kotlin/com/intellij/openapi/vfs/VirtualFileFilter$1
instanceKlass  @bci org/jetbrains/kotlin/com/intellij/openapi/util/LowMemoryWatcher register (Ljava/lang/Runnable;Lorg/jetbrains/kotlin/com/intellij/openapi/util/LowMemoryWatcher$LowMemoryWatcherType;Lorg/jetbrains/kotlin/com/intellij/openapi/Disposable;)V 36 <appendix> member <vmtarget> ; # org/jetbrains/kotlin/com/intellij/openapi/util/LowMemoryWatcher$$Lambda+0x000002c314acea30
instanceKlass org/jetbrains/kotlin/com/intellij/openapi/util/LowMemoryWatcher
instanceKlass  @bci org/jetbrains/kotlin/com/intellij/psi/impl/source/resolve/ResolveCache <init> (Lorg/jetbrains/kotlin/com/intellij/openapi/project/Project;)V 47 <appendix> member <vmtarget> ; # org/jetbrains/kotlin/com/intellij/psi/impl/source/resolve/ResolveCache$$Lambda+0x000002c314ace1d8
instanceKlass org/jetbrains/kotlin/com/intellij/psi/impl/source/resolve/ResolveCache$1
instanceKlass org/jetbrains/kotlin/com/intellij/psi/impl/AnyPsiChangeListener
instanceKlass org/jetbrains/kotlin/com/intellij/psi/impl/file/impl/FileManager
instanceKlass org/jetbrains/kotlin/com/intellij/openapi/wm/ex/ProgressIndicatorEx
instanceKlass org/jetbrains/kotlin/com/intellij/psi/ResolveResult
instanceKlass org/jetbrains/kotlin/com/intellij/psi/impl/source/resolve/ResolveCache$StrongValueReference
instanceKlass org/jetbrains/kotlin/com/intellij/util/containers/ConcurrentWeakKeySoftValueHashMap$ValueReference
instanceKlass org/jetbrains/kotlin/com/intellij/psi/impl/source/resolve/ResolveCache$AbstractResolver
instanceKlass org/jetbrains/kotlin/com/intellij/psi/PsiReference
instanceKlass org/jetbrains/kotlin/com/intellij/psi/impl/source/resolve/ResolveCache
instanceKlass org/jetbrains/kotlin/com/intellij/psi/impl/PsiModificationTrackerImpl$1
instanceKlass org/jetbrains/kotlin/com/intellij/openapi/project/DumbService$DumbModeListener
instanceKlass org/jetbrains/kotlin/com/intellij/openapi/project/DumbService$Companion
instanceKlass org/jetbrains/kotlin/com/intellij/openapi/project/DumbService
instanceKlass org/jetbrains/kotlin/com/intellij/psi/util/PsiModificationTracker$Listener
instanceKlass  @bci org/jetbrains/kotlin/com/intellij/util/containers/ConcurrentFactoryMap createWeakMap (Lorg/jetbrains/kotlin/com/intellij/util/Function;)Ljava/util/concurrent/ConcurrentMap; 10 <appendix> argL0 ; # org/jetbrains/kotlin/com/intellij/util/containers/ConcurrentFactoryMap$$Lambda+0x000002c314acb148
instanceKlass  @bci org/jetbrains/kotlin/com/intellij/psi/impl/PsiModificationTrackerImpl <init> (Lorg/jetbrains/kotlin/com/intellij/openapi/project/Project;)V 35 <appendix> argL0 ; # org/jetbrains/kotlin/com/intellij/psi/impl/PsiModificationTrackerImpl$$Lambda+0x000002c314acaee8
instanceKlass org/jetbrains/kotlin/com/intellij/psi/impl/PsiModificationTrackerImpl
instanceKlass org/jetbrains/kotlin/com/intellij/psi/util/PsiModificationTracker
instanceKlass org/jetbrains/kotlin/com/intellij/lang/jvm/facade/JvmElementProvider
instanceKlass org/jetbrains/kotlin/com/intellij/psi/PsiElementFinder
instanceKlass org/jetbrains/kotlin/com/intellij/psi/impl/PsiTreeChangePreprocessor
instanceKlass org/jetbrains/kotlin/com/intellij/openapi/roots/PackageIndex
instanceKlass org/jetbrains/kotlin/com/intellij/psi/impl/file/impl/JavaFileManager
instanceKlass org/jetbrains/kotlin/com/intellij/psi/impl/ResolveScopeManager
instanceKlass org/jetbrains/kotlin/com/intellij/psi/search/ProjectScopeBuilder
instanceKlass org/jetbrains/kotlin/com/intellij/openapi/roots/FileIndexFacade
instanceKlass org/jetbrains/kotlin/com/intellij/util/CachedValuesFactory
instanceKlass org/jetbrains/kotlin/com/intellij/openapi/project/Project
instanceKlass org/jetbrains/kotlin/com/intellij/core/CoreProjectEnvironment
instanceKlass org/jetbrains/kotlin/cli/jvm/compiler/KotlinCoreEnvironment$Companion$getOrCreateApplicationEnvironment$1$2
instanceKlass org/jetbrains/kotlin/cli/common/PropertiesKt
instanceKlass  @bci org/jetbrains/kotlin/cli/jvm/compiler/KotlinCoreEnvironment$Companion getOrCreateApplicationEnvironment (Lorg/jetbrains/kotlin/com/intellij/openapi/Disposable;Lorg/jetbrains/kotlin/config/CompilerConfiguration;Lorg/jetbrains/kotlin/cli/jvm/compiler/KotlinCoreApplicationEnvironmentMode;)Lorg/jetbrains/kotlin/cli/jvm/compiler/KotlinCoreApplicationEnvironment; 82 <appendix> argL0 ; # org/jetbrains/kotlin/cli/jvm/compiler/KotlinCoreEnvironment$Companion$$Lambda+0x000002c314ac6c48
instanceKlass org/jetbrains/kotlin/com/intellij/pom/java/InternalPersistentJavaLanguageLevelReaderService$DefaultImpl
instanceKlass org/jetbrains/kotlin/com/intellij/pom/java/InternalPersistentJavaLanguageLevelReaderService
instanceKlass org/jetbrains/kotlin/com/intellij/openapi/vfs/VirtualFileSet
instanceKlass org/jetbrains/kotlin/com/intellij/openapi/vfs/CompactVirtualFileSetFactory
instanceKlass org/jetbrains/kotlin/com/intellij/openapi/vfs/VirtualFileSetFactoryKt
instanceKlass org/jetbrains/kotlin/com/intellij/openapi/vfs/VirtualFileSetFactory
instanceKlass org/jetbrains/kotlin/com/intellij/openapi/application/TransactionGuard
instanceKlass org/jetbrains/kotlin/com/intellij/psi/util/JavaClassSupers
instanceKlass org/jetbrains/kotlin/load/kotlin/KotlinBinaryClassCache$Companion
instanceKlass org/jetbrains/kotlin/load/kotlin/KotlinBinaryClassCache
instanceKlass org/jetbrains/kotlin/parsing/KotlinParserDefinition$Companion
instanceKlass org/jetbrains/kotlin/parsing/KotlinCommonParserDefinition
instanceKlass  @bci org/jetbrains/kotlin/idea/KotlinFileType <init> ()V 8 <appendix> argL0 ; # org/jetbrains/kotlin/idea/KotlinFileType$$Lambda+0x000002c314ac47c8
instanceKlass org/jetbrains/kotlin/com/intellij/util/keyFMap/OneElementFMap
instanceKlass  @bci org/jetbrains/kotlin/com/intellij/lang/LanguageUtil matchingMetaLanguages (Lorg/jetbrains/kotlin/com/intellij/lang/Language;)Ljava/util/List; 94 <appendix> member <vmtarget> ; # org/jetbrains/kotlin/com/intellij/lang/LanguageUtil$$Lambda+0x000002c314ac40b8
instanceKlass org/jetbrains/kotlin/com/intellij/openapi/extensions/impl/ExtensionsAreaImplKt
instanceKlass kotlinx/coroutines/IncompleteStateBox
instanceKlass kotlinx/coroutines/internal/LockFreeLinkedListNode
instanceKlass kotlin/coroutines/jvm/internal/CompletedContinuation
instanceKlass org/jetbrains/kotlin/com/intellij/ide/plugins/KotlinK2ModeCompatibilityCheckerKt
instanceKlass  @bci org/jetbrains/kotlin/com/intellij/openapi/util/BuildNumber <clinit> ()V 4 <appendix> argL0 ; # org/jetbrains/kotlin/com/intellij/openapi/util/BuildNumber$$Lambda+0x000002c314ac2f50
instanceKlass org/jetbrains/kotlin/com/intellij/openapi/util/BuildNumber
instanceKlass org/jetbrains/kotlin/kotlinx/collections/immutable/implementations/immutableMap/TrieNode$Companion
instanceKlass org/jetbrains/kotlin/kotlinx/collections/immutable/implementations/immutableMap/TrieNode
instanceKlass org/jetbrains/kotlin/kotlinx/collections/immutable/implementations/immutableMap/PersistentHashMap$Companion
instanceKlass kotlin/collections/AbstractMap$Companion
instanceKlass kotlin/collections/AbstractMap
instanceKlass org/jetbrains/kotlin/kotlinx/collections/immutable/PersistentMap
instanceKlass org/jetbrains/kotlin/kotlinx/collections/immutable/ImmutableMap
instanceKlass org/jetbrains/kotlin/kotlinx/collections/immutable/internal/EndOfChain
instanceKlass org/jetbrains/kotlin/kotlinx/collections/immutable/implementations/persistentOrderedSet/PersistentOrderedSet$Companion
instanceKlass org/jetbrains/kotlin/com/intellij/ide/plugins/PluginManagerCore
instanceKlass org/jetbrains/kotlin/com/intellij/ide/plugins/PluginContentDescriptor$Companion
instanceKlass org/jetbrains/kotlin/com/intellij/ide/plugins/PluginContentDescriptor
instanceKlass org/jetbrains/kotlin/com/intellij/ide/plugins/IdeaPluginDescriptorImpl
instanceKlass org/jetbrains/kotlin/com/intellij/ide/plugins/IdeaPluginDescriptor
instanceKlass org/jetbrains/kotlin/org/codehaus/stax2/ri/typed/ValueDecoderFactory
instanceKlass org/jetbrains/kotlin/com/fasterxml/aalto/in/ByteBasedPNameTable$Bucket
instanceKlass org/jetbrains/kotlin/com/intellij/openapi/extensions/ExtensionPointDescriptor
instanceKlass org/jetbrains/kotlin/com/fasterxml/aalto/util/DataUtil
instanceKlass org/jetbrains/kotlin/com/fasterxml/aalto/in/ElementScope
instanceKlass org/jetbrains/kotlin/com/fasterxml/aalto/in/ByteBasedPNameFactory
instanceKlass org/jetbrains/kotlin/com/intellij/ide/plugins/ModuleDependenciesDescriptor$Companion
instanceKlass org/jetbrains/kotlin/com/intellij/ide/plugins/ModuleDependenciesDescriptor
instanceKlass org/jetbrains/kotlin/com/intellij/ide/plugins/ContainerDescriptor
instanceKlass org/jetbrains/kotlin/com/intellij/ide/plugins/RawPluginDescriptor
instanceKlass org/jetbrains/kotlin/com/fasterxml/aalto/util/BufferRecycler
instanceKlass org/jetbrains/kotlin/com/fasterxml/aalto/util/NameTable
instanceKlass org/jetbrains/kotlin/com/fasterxml/aalto/util/XmlCharTypes
instanceKlass org/jetbrains/kotlin/com/fasterxml/aalto/in/AttributeCollector
instanceKlass org/jetbrains/kotlin/com/fasterxml/aalto/util/TextBuilder
instanceKlass org/jetbrains/kotlin/com/fasterxml/aalto/in/FixedNsContext
instanceKlass org/jetbrains/kotlin/com/fasterxml/aalto/in/NsBinding
instanceKlass org/jetbrains/kotlin/com/fasterxml/aalto/in/PName
instanceKlass org/jetbrains/kotlin/org/codehaus/stax2/XMLStreamLocation2
instanceKlass org/jetbrains/kotlin/org/codehaus/stax2/typed/TypedValueDecoder
instanceKlass org/jetbrains/kotlin/com/fasterxml/aalto/stax/StreamReaderImpl
instanceKlass org/jetbrains/kotlin/org/codehaus/stax2/XMLStreamReader2
instanceKlass org/jetbrains/kotlin/org/codehaus/stax2/typed/TypedXMLStreamReader
instanceKlass javax/xml/stream/XMLStreamReader
instanceKlass org/jetbrains/kotlin/org/codehaus/stax2/LocationInfo
instanceKlass org/jetbrains/kotlin/com/fasterxml/aalto/in/XmlScanner
instanceKlass javax/xml/stream/XMLStreamConstants
instanceKlass javax/xml/namespace/NamespaceContext
instanceKlass javax/xml/stream/Location
instanceKlass org/jetbrains/kotlin/com/fasterxml/aalto/in/InputBootstrapper
instanceKlass org/jetbrains/kotlin/com/fasterxml/aalto/util/UriCanonicalizer
instanceKlass org/jetbrains/kotlin/com/fasterxml/aalto/in/ReaderConfig$EncodingContext
instanceKlass org/jetbrains/kotlin/com/fasterxml/aalto/impl/CommonConfig
instanceKlass org/jetbrains/kotlin/com/intellij/util/xml/dom/StaxFactory
instanceKlass org/jetbrains/kotlin/kotlinx/collections/immutable/internal/DeltaCounter
instanceKlass org/jetbrains/kotlin/kotlinx/collections/immutable/implementations/immutableSet/TrieNodeKt
instanceKlass org/jetbrains/kotlin/kotlinx/collections/immutable/internal/MutabilityOwnership
instanceKlass org/jetbrains/kotlin/kotlinx/collections/immutable/PersistentSet$Builder
instanceKlass org/jetbrains/kotlin/kotlinx/collections/immutable/PersistentCollection$Builder
instanceKlass kotlin/jvm/internal/markers/KMutableSet
instanceKlass kotlin/jvm/internal/markers/KMutableCollection
instanceKlass kotlin/jvm/internal/markers/KMutableIterable
instanceKlass org/jetbrains/kotlin/com/intellij/ide/plugins/XmlReader
instanceKlass org/jetbrains/kotlin/com/intellij/ide/plugins/ImmutableZipFileDataLoader
instanceKlass org/jetbrains/kotlin/com/intellij/ide/plugins/DataLoader
instanceKlass org/jetbrains/kotlin/com/intellij/ide/plugins/NonShareableJavaZipFilePool$load$1
instanceKlass org/jetbrains/kotlin/com/intellij/util/lang/ZipFilePool$EntryResolver
instanceKlass org/jetbrains/kotlin/com/intellij/util/lang/ZipFilePool
instanceKlass kotlinx/coroutines/DispatchedTaskKt
instanceKlass kotlinx/coroutines/CompletedExceptionally
instanceKlass kotlinx/coroutines/EventLoop_commonKt
instanceKlass kotlinx/coroutines/AbstractTimeSourceKt
instanceKlass kotlinx/coroutines/CompletionStateKt
instanceKlass  @bci kotlinx/coroutines/internal/ThreadContextKt <clinit> ()V 28 <appendix> argL0 ; # kotlinx/coroutines/internal/ThreadContextKt$$Lambda+0x000002c314ab4698
instanceKlass kotlinx/coroutines/internal/ThreadState
instanceKlass  @bci kotlinx/coroutines/internal/ThreadContextKt <clinit> ()V 20 <appendix> argL0 ; # kotlinx/coroutines/internal/ThreadContextKt$$Lambda+0x000002c314ab4278
instanceKlass  @bci kotlinx/coroutines/internal/ThreadContextKt <clinit> ()V 12 <appendix> argL0 ; # kotlinx/coroutines/internal/ThreadContextKt$$Lambda+0x000002c314ab4060
instanceKlass kotlinx/coroutines/internal/ThreadContextKt
instanceKlass kotlinx/coroutines/internal/DispatchedContinuationKt
instanceKlass kotlinx/coroutines/scheduling/Task
instanceKlass kotlinx/coroutines/intrinsics/CancellableKt
instanceKlass kotlinx/coroutines/CoroutineStart$WhenMappings
instanceKlass kotlin/coroutines/CombinedContext
instanceKlass kotlinx/coroutines/Job$DefaultImpls
instanceKlass  @bci kotlin/coroutines/CoroutineContext$DefaultImpls plus (Lkotlin/coroutines/CoroutineContext;Lkotlin/coroutines/CoroutineContext;)Lkotlin/coroutines/CoroutineContext; 19 <appendix> argL0 ; # kotlin/coroutines/CoroutineContext$DefaultImpls$$Lambda+0x000002c314ab2490
instanceKlass kotlin/coroutines/CoroutineContext$DefaultImpls
instanceKlass kotlinx/coroutines/NonDisposableHandle
instanceKlass kotlinx/coroutines/ChildHandle
instanceKlass kotlinx/coroutines/DisposableHandle
instanceKlass kotlinx/coroutines/Job$Key
instanceKlass kotlinx/coroutines/Empty
instanceKlass kotlinx/coroutines/Incomplete
instanceKlass kotlinx/coroutines/JobSupportKt
instanceKlass kotlinx/coroutines/JobSupport
instanceKlass kotlinx/coroutines/ParentJob
instanceKlass kotlinx/coroutines/ChildJob
instanceKlass kotlinx/coroutines/Job
instanceKlass kotlin/coroutines/ContinuationInterceptor$DefaultImpls
instanceKlass kotlinx/coroutines/internal/LockFreeTaskQueueCore$Companion
instanceKlass kotlinx/coroutines/internal/LockFreeTaskQueueCore
instanceKlass kotlinx/coroutines/internal/ResizableAtomicArray
instanceKlass kotlinx/coroutines/internal/LockFreeTaskQueue
instanceKlass kotlinx/coroutines/scheduling/CoroutineScheduler$Companion
instanceKlass kotlinx/coroutines/scheduling/CoroutineScheduler
instanceKlass kotlinx/coroutines/scheduling/SchedulerTimeSource
instanceKlass kotlinx/coroutines/internal/SystemPropsKt__SystemProps_commonKt
instanceKlass kotlinx/coroutines/scheduling/TasksKt
instanceKlass  @bci kotlinx/coroutines/ExecutorCoroutineDispatcher$Key <init> ()V 7 <appendix> argL0 ; # kotlinx/coroutines/ExecutorCoroutineDispatcher$Key$$Lambda+0x000002c314aae318
instanceKlass kotlinx/coroutines/Dispatchers
instanceKlass kotlinx/coroutines/internal/SystemPropsKt__SystemPropsKt
instanceKlass kotlinx/coroutines/internal/SystemPropsKt
instanceKlass kotlinx/coroutines/DebugKt
instanceKlass kotlinx/coroutines/CopyableThreadContextElement
instanceKlass kotlinx/coroutines/ThreadContextElement
instanceKlass kotlin/coroutines/CoroutineContext$Element$DefaultImpls
instanceKlass  @bci kotlinx/coroutines/CoroutineContextKt hasCopyableElements (Lkotlin/coroutines/CoroutineContext;)Z 5 <appendix> argL0 ; # kotlinx/coroutines/CoroutineContextKt$$Lambda+0x000002c314aac4d0
instanceKlass kotlinx/coroutines/CoroutineContextKt
instanceKlass kotlinx/coroutines/GlobalScope
instanceKlass java/util/concurrent/atomic/AtomicIntegerFieldUpdater$AtomicIntegerFieldUpdaterImpl$1
instanceKlass java/util/concurrent/atomic/AtomicIntegerFieldUpdater
instanceKlass  @bci kotlinx/coroutines/CoroutineDispatcher$Key <init> ()V 7 <appendix> argL0 ; # kotlinx/coroutines/CoroutineDispatcher$Key$$Lambda+0x000002c314aabea0
instanceKlass kotlin/coroutines/AbstractCoroutineContextKey
instanceKlass kotlin/coroutines/AbstractCoroutineContextElement
instanceKlass kotlinx/coroutines/Delay
instanceKlass kotlinx/coroutines/EventLoopKt
instanceKlass kotlinx/coroutines/internal/ThreadLocalKt
instanceKlass kotlinx/coroutines/internal/Symbol
instanceKlass kotlinx/coroutines/ThreadLocalEventLoop
instanceKlass kotlin/coroutines/ContinuationInterceptor$Key
instanceKlass kotlin/coroutines/CoroutineContext$Key
instanceKlass kotlin/coroutines/ContinuationInterceptor
instanceKlass kotlin/coroutines/CoroutineContext$Element
instanceKlass kotlinx/coroutines/BuildersKt__BuildersKt
instanceKlass kotlinx/coroutines/BuildersKt
instanceKlass  @bci org/jetbrains/kotlin/com/intellij/ide/plugins/DescriptorListLoadingContext <init> (Ljava/util/Set;Ljava/util/Set;Ljava/util/Map;Lkotlin/jvm/functions/Function0;ZZZZ)V 128 <appendix> member <vmtarget> ; # org/jetbrains/kotlin/com/intellij/ide/plugins/DescriptorListLoadingContext$$Lambda+0x000002c314aa8800
instanceKlass org/jetbrains/kotlin/com/intellij/ide/plugins/MyXmlInterner
instanceKlass org/jetbrains/kotlin/com/intellij/util/xml/dom/XmlInterner
instanceKlass org/jetbrains/kotlin/com/intellij/ide/plugins/DescriptorListLoadingContext
instanceKlass org/jetbrains/kotlin/com/intellij/ide/plugins/ReadModuleContext
instanceKlass org/jetbrains/kotlin/com/intellij/ide/plugins/PluginXmlPathResolver$Companion
instanceKlass org/jetbrains/kotlin/com/intellij/ide/plugins/PluginXmlPathResolver
instanceKlass org/jetbrains/kotlin/com/intellij/ide/plugins/PathResolver
instanceKlass org/jetbrains/kotlin/com/intellij/ide/plugins/PluginDescriptorLoader
instanceKlass org/jetbrains/kotlin/com/intellij/psi/JavaModuleSystem
instanceKlass org/jetbrains/kotlin/com/intellij/psi/impl/compiled/ClsCustomNavigationPolicy
instanceKlass org/jetbrains/kotlin/cli/jvm/compiler/IdeaExtensionPoints
instanceKlass org/jetbrains/kotlin/com/intellij/psi/impl/smartPointers/SmartPointerAnchorProvider
instanceKlass org/jetbrains/kotlin/com/intellij/codeInsight/runner/JavaMainMethodProvider
instanceKlass org/jetbrains/kotlin/com/intellij/openapi/util/NotNullLazyValue
instanceKlass  @bci org/jetbrains/kotlin/com/intellij/psi/augment/PsiAugmentProvider <clinit> ()V 17 <appendix> argL0 ; # org/jetbrains/kotlin/com/intellij/psi/augment/PsiAugmentProvider$$Lambda+0x000002c314aa52c8
instanceKlass org/jetbrains/kotlin/com/intellij/psi/augment/PsiAugmentProvider
instanceKlass org/jetbrains/kotlin/com/intellij/psi/meta/MetaDataContributor
instanceKlass org/jetbrains/kotlin/com/intellij/psi/FileContextProvider
instanceKlass org/jetbrains/kotlin/cli/jvm/compiler/DummyJavaFileCodeStyleFacadeFactory
instanceKlass org/jetbrains/kotlin/com/intellij/psi/codeStyle/JavaFileCodeStyleFacadeFactory
instanceKlass org/jetbrains/kotlin/com/intellij/util/containers/CanonicalHashingStrategy
