#
# There is insufficient memory for the Java Runtime Environment to continue.
# Native memory allocation (malloc) failed to allocate 1087696 bytes. Error detail: Chunk::new
# Possible reasons:
#   The system is out of physical RAM or swap space
#   This process is running with CompressedOops enabled, and the Java Heap may be blocking the growth of the native heap
# Possible solutions:
#   Reduce memory load on the system
#   Increase physical memory or swap space
#   Check if swap backing store is full
#   Decrease Java heap size (-Xmx/-Xms)
#   Decrease number of Java threads
#   Decrease Java thread stack sizes (-Xss)
#   Set larger code cache with -XX:ReservedCodeCacheSize=
#   JVM is running with Unscaled Compressed Oops mode in which the Java heap is
#     placed in the first 4GB address space. The Java Heap base address is the
#     maximum limit for the native heap growth. Please use -XX:HeapBaseMinAddress
#     to set the Java Heap base and to place the Java Heap above 4GB virtual address.
# This output file may be truncated or incomplete.
#
#  Out of Memory Error (arena.cpp:168), pid=9936, tid=17920
#
# JRE version: OpenJDK Runtime Environment (21.0.9) (build 21.0.9+-14787801-b1163.94)
# Java VM: OpenJDK 64-Bit Server VM (21.0.9+-14787801-b1163.94, mixed mode, tiered, compressed oops, compressed class ptrs, g1 gc, windows-amd64)
# No core dump will be written. Minidumps are not enabled by default on client versions of Windows
#

---------------  S U M M A R Y ------------

Command Line: --add-opens=java.base/java.lang=ALL-UNNAMED --add-opens=java.base/java.lang.invoke=ALL-UNNAMED --add-opens=java.base/java.util=ALL-UNNAMED --add-opens=java.prefs/java.util.prefs=ALL-UNNAMED --add-exports=jdk.compiler/com.sun.tools.javac.api=ALL-UNNAMED --add-exports=jdk.compiler/com.sun.tools.javac.util=ALL-UNNAMED --add-opens=java.base/java.util=ALL-UNNAMED --add-opens=java.prefs/java.util.prefs=ALL-UNNAMED --add-opens=java.base/java.nio.charset=ALL-UNNAMED --add-opens=java.base/java.net=ALL-UNNAMED --add-opens=java.base/java.util.concurrent=ALL-UNNAMED --add-opens=java.base/java.util.concurrent.atomic=ALL-UNNAMED --add-opens=java.xml/javax.xml.namespace=ALL-UNNAMED --add-opens=java.base/java.time=ALL-UNNAMED -Xmx2048m -Dfile.encoding=UTF-8 -Duser.country=IN -Duser.language=en -Duser.variant -javaagent:C:\Users\DELL\.gradle\wrapper\dists\gradle-9.3.1-bin\23ovyewtku6u96viwx3xl3oks\gradle-9.3.1\lib\agents\gradle-instrumentation-agent-9.3.1.jar org.gradle.launcher.daemon.bootstrap.GradleDaemon 9.3.1

Host: Intel(R) Core(TM) i3-1005G1 CPU @ 1.20GHz, 4 cores, 3G,  Windows 10 , 64 bit Build 19041 (10.0.19041.5915)
Time: Thu Mar 26 23:23:21 2026 India Standard Time elapsed time: 63.211865 seconds (0d 0h 1m 3s)

---------------  T H R E A D  ---------------

Current thread (0x000001d616a40710):  JavaThread "C2 CompilerThread0" daemon [_thread_in_native, id=17920, stack(0x00000071c9000000,0x00000071c9100000) (1024K)]


Current CompileTask:
C2:63213 12638       4       org.gradle.cache.internal.btree.CachingBlockStore::read (56 bytes)

Stack: [0x00000071c9000000,0x00000071c9100000]
Native frames: (J=compiled Java code, j=interpreted, Vv=VM code, C=native code)
V  [jvm.dll+0x6d6c99]
V  [jvm.dll+0x866b83]
V  [jvm.dll+0x8691ae]
V  [jvm.dll+0x869893]
V  [jvm.dll+0x280776]
V  [jvm.dll+0xc07cd]
V  [jvm.dll+0xc0d03]
V  [jvm.dll+0x3b9831]
V  [jvm.dll+0x3856a7]
V  [jvm.dll+0x384b1a]
V  [jvm.dll+0x249462]
V  [jvm.dll+0x248a31]
V  [jvm.dll+0x1c7344]
V  [jvm.dll+0x2581ae]
V  [jvm.dll+0x2566f6]
V  [jvm.dll+0x3f48a6]
V  [jvm.dll+0x80f118]
V  [jvm.dll+0x6d54ed]
C  [ucrtbase.dll+0x21bb2]
C  [KERNEL32.DLL+0x17374]
C  [ntdll.dll+0x4cc91]


---------------  P R O C E S S  ---------------

Threads class SMR info:
_java_thread_list=0x000001d61e584e50, length=56, elements={
0x000001d67f9a4d70, 0x000001d616a10400, 0x000001d616886be0, 0x000001d6168bab20,
0x000001d616a31ca0, 0x000001d616a32700, 0x000001d616a33160, 0x000001d616a3eca0,
0x000001d616a40710, 0x000001d616a21350, 0x000001d616d20930, 0x000001d61bd46050,
0x000001d61d4bff30, 0x000001d61d300d80, 0x000001d61d505ae0, 0x000001d61d506520,
0x000001d61d4f2630, 0x000001d61d5a2030, 0x000001d61d5a1310, 0x000001d61d5a19a0,
0x000001d61d5a0c80, 0x000001d61d59f8d0, 0x000001d61d59ff60, 0x000001d61d59f240,
0x000001d61c02fcf0, 0x000001d61c02c870, 0x000001d61c033800, 0x000001d61c032ae0,
0x000001d61c030380, 0x000001d61c032450, 0x000001d61c033170, 0x000001d61c033e90,
0x000001d61c02cf00, 0x000001d61c031730, 0x000001d61c02dc20, 0x000001d61c02efd0,
0x000001d61c02f660, 0x000001d61c0310a0, 0x000001d61c030a10, 0x000001d61fab3cc0,
0x000001d61fab1560, 0x000001d61fab2910, 0x000001d61fab1bf0, 0x000001d61fab4350,
0x000001d61fab2fa0, 0x000001d61fab3630, 0x000001d61cb12f50, 0x000001d61cb107f0,
0x000001d61cb12230, 0x000001d61cb10e80, 0x000001d61cb14300, 0x000001d61cb0e720,
0x000001d61cb0edb0, 0x000001d61cb0f440, 0x000001d6204d7570, 0x000001d6204d9640
}

Java Threads: ( => current thread )
  0x000001d67f9a4d70 JavaThread "main"                              [_thread_blocked, id=19004, stack(0x00000071c8100000,0x00000071c8200000) (1024K)]
  0x000001d616a10400 JavaThread "Common-Cleaner"             daemon [_thread_blocked, id=14252, stack(0x00000071c8900000,0x00000071c8a00000) (1024K)]
  0x000001d616886be0 JavaThread "Reference Handler"          daemon [_thread_blocked, id=18332, stack(0x00000071c8a00000,0x00000071c8b00000) (1024K)]
  0x000001d6168bab20 JavaThread "Finalizer"                  daemon [_thread_blocked, id=2148, stack(0x00000071c8b00000,0x00000071c8c00000) (1024K)]
  0x000001d616a31ca0 JavaThread "Signal Dispatcher"          daemon [_thread_blocked, id=18136, stack(0x00000071c8c00000,0x00000071c8d00000) (1024K)]
  0x000001d616a32700 JavaThread "Attach Listener"            daemon [_thread_blocked, id=2776, stack(0x00000071c8d00000,0x00000071c8e00000) (1024K)]
  0x000001d616a33160 JavaThread "Service Thread"             daemon [_thread_blocked, id=19208, stack(0x00000071c8e00000,0x00000071c8f00000) (1024K)]
  0x000001d616a3eca0 JavaThread "Monitor Deflation Thread"   daemon [_thread_blocked, id=2028, stack(0x00000071c8f00000,0x00000071c9000000) (1024K)]
=>0x000001d616a40710 JavaThread "C2 CompilerThread0"         daemon [_thread_in_native, id=17920, stack(0x00000071c9000000,0x00000071c9100000) (1024K)]
  0x000001d616a21350 JavaThread "C1 CompilerThread0"         daemon [_thread_blocked, id=10688, stack(0x00000071c9100000,0x00000071c9200000) (1024K)]
  0x000001d616d20930 JavaThread "Notification Thread"        daemon [_thread_blocked, id=17720, stack(0x00000071c9200000,0x00000071c9300000) (1024K)]
  0x000001d61bd46050 JavaThread "Daemon health stats"               [_thread_blocked, id=17524, stack(0x00000071c9600000,0x00000071c9700000) (1024K)]
  0x000001d61d4bff30 JavaThread "Incoming local TCP Connector on port 58691"        [_thread_in_native, id=1804, stack(0x00000071c9700000,0x00000071c9800000) (1024K)]
  0x000001d61d300d80 JavaThread "Daemon periodic checks"            [_thread_blocked, id=6220, stack(0x00000071c9800000,0x00000071c9900000) (1024K)]
  0x000001d61d505ae0 JavaThread "Daemon"                            [_thread_blocked, id=18776, stack(0x00000071c9900000,0x00000071c9a00000) (1024K)]
  0x000001d61d506520 JavaThread "Handler for socket connection from /127.0.0.1:58691 to /127.0.0.1:58692"        [_thread_in_native, id=17528, stack(0x00000071c9a00000,0x00000071c9b00000) (1024K)]
  0x000001d61d4f2630 JavaThread "Cancel handler"                    [_thread_blocked, id=7464, stack(0x00000071c9b00000,0x00000071c9c00000) (1024K)]
  0x000001d61d5a2030 JavaThread "Daemon worker"                     [_thread_blocked, id=15540, stack(0x00000071c9c00000,0x00000071c9d00000) (1024K)]
  0x000001d61d5a1310 JavaThread "Asynchronous log dispatcher for DefaultDaemonConnection: socket connection from /127.0.0.1:58691 to /127.0.0.1:58692"        [_thread_blocked, id=18456, stack(0x00000071c9d00000,0x00000071c9e00000) (1024K)]
  0x000001d61d5a19a0 JavaThread "Stdin handler"                     [_thread_blocked, id=15752, stack(0x00000071c9e00000,0x00000071c9f00000) (1024K)]
  0x000001d61d5a0c80 JavaThread "Daemon client event forwarder"        [_thread_blocked, id=16636, stack(0x00000071c9f00000,0x00000071ca000000) (1024K)]
  0x000001d61d59f8d0 JavaThread "Cache worker for journal cache (C:\Users\DELL\.gradle\caches\journal-1)"        [_thread_blocked, id=5808, stack(0x00000071ca000000,0x00000071ca100000) (1024K)]
  0x000001d61d59ff60 JavaThread "File lock request listener"        [_thread_in_native, id=8032, stack(0x00000071ca100000,0x00000071ca200000) (1024K)]
  0x000001d61d59f240 JavaThread "Cache worker for file hash cache (C:\Users\DELL\.gradle\caches\9.3.1\fileHashes)"        [_thread_blocked, id=14764, stack(0x00000071ca200000,0x00000071ca300000) (1024K)]
  0x000001d61c02fcf0 JavaThread "Cache worker for file hash cache (C:\Users\DELL\Desktop\kavachsecurecom\android-app\.gradle\9.3.1\fileHashes)"        [_thread_blocked, id=14444, stack(0x00000071ca300000,0x00000071ca400000) (1024K)]
  0x000001d61c02c870 JavaThread "Cache worker for Build Output Cleanup Cache (C:\Users\DELL\Desktop\kavachsecurecom\android-app\.gradle\buildOutputCleanup)"        [_thread_blocked, id=14740, stack(0x00000071ca400000,0x00000071ca500000) (1024K)]
  0x000001d61c033800 JavaThread "File watcher server"        daemon [_thread_in_native, id=16936, stack(0x00000071ca500000,0x00000071ca600000) (1024K)]
  0x000001d61c032ae0 JavaThread "File watcher consumer"      daemon [_thread_blocked, id=8576, stack(0x00000071ca600000,0x00000071ca700000) (1024K)]
  0x000001d61c030380 JavaThread "Cache worker for checksums cache (C:\Users\DELL\Desktop\kavachsecurecom\android-app\.gradle\9.3.1\checksums)"        [_thread_blocked, id=5788, stack(0x00000071ca700000,0x00000071ca800000) (1024K)]
  0x000001d61c032450 JavaThread "Cache worker for file content cache (C:\Users\DELL\.gradle\caches\9.3.1\fileContent)"        [_thread_blocked, id=17688, stack(0x00000071ca800000,0x00000071ca900000) (1024K)]
  0x000001d61c033170 JavaThread "Cache worker for cache directory md-supplier (C:\Users\DELL\.gradle\caches\9.3.1\md-supplier)"        [_thread_blocked, id=14676, stack(0x00000071ca900000,0x00000071caa00000) (1024K)]
  0x000001d61c033e90 JavaThread "Cache worker for cache directory md-rule (C:\Users\DELL\.gradle\caches\9.3.1\md-rule)"        [_thread_blocked, id=8372, stack(0x00000071caa00000,0x00000071cab00000) (1024K)]
  0x000001d61c02cf00 JavaThread "Unconstrained build operations"        [_thread_blocked, id=15860, stack(0x00000071cab00000,0x00000071cac00000) (1024K)]
  0x000001d61c031730 JavaThread "Unconstrained build operations Thread 2"        [_thread_blocked, id=18752, stack(0x00000071cac00000,0x00000071cad00000) (1024K)]
  0x000001d61c02dc20 JavaThread "Unconstrained build operations Thread 3"        [_thread_blocked, id=5472, stack(0x00000071cad00000,0x00000071cae00000) (1024K)]
  0x000001d61c02efd0 JavaThread "Unconstrained build operations Thread 4"        [_thread_blocked, id=4488, stack(0x00000071cae00000,0x00000071caf00000) (1024K)]
  0x000001d61c02f660 JavaThread "Unconstrained build operations Thread 5"        [_thread_blocked, id=17444, stack(0x00000071caf00000,0x00000071cb000000) (1024K)]
  0x000001d61c0310a0 JavaThread "Unconstrained build operations Thread 6"        [_thread_blocked, id=14012, stack(0x00000071cb000000,0x00000071cb100000) (1024K)]
  0x000001d61c030a10 JavaThread "Unconstrained build operations Thread 7"        [_thread_blocked, id=11536, stack(0x00000071cb100000,0x00000071cb200000) (1024K)]
  0x000001d61fab3cc0 JavaThread "Unconstrained build operations Thread 8"        [_thread_blocked, id=4872, stack(0x00000071cb200000,0x00000071cb300000) (1024K)]
  0x000001d61fab1560 JavaThread "Unconstrained build operations Thread 9"        [_thread_blocked, id=8208, stack(0x00000071cb300000,0x00000071cb400000) (1024K)]
  0x000001d61fab2910 JavaThread "Unconstrained build operations Thread 10"        [_thread_blocked, id=8820, stack(0x00000071cb400000,0x00000071cb500000) (1024K)]
  0x000001d61fab1bf0 JavaThread "Unconstrained build operations Thread 11"        [_thread_blocked, id=14640, stack(0x00000071cb500000,0x00000071cb600000) (1024K)]
  0x000001d61fab4350 JavaThread "Unconstrained build operations Thread 12"        [_thread_blocked, id=9524, stack(0x00000071cb600000,0x00000071cb700000) (1024K)]
  0x000001d61fab2fa0 JavaThread "Memory manager"                    [_thread_blocked, id=6796, stack(0x00000071cb700000,0x00000071cb800000) (1024K)]
  0x000001d61fab3630 JavaThread "build event listener"              [_thread_blocked, id=15016, stack(0x00000071c7e00000,0x00000071c7f00000) (1024K)]
  0x000001d61cb12f50 JavaThread "pool-3-thread-1"                   [_thread_blocked, id=5812, stack(0x00000071cb800000,0x00000071cb900000) (1024K)]
  0x000001d61cb107f0 JavaThread "build event listener"              [_thread_blocked, id=10172, stack(0x00000071cb900000,0x00000071cba00000) (1024K)]
  0x000001d61cb12230 JavaThread "included builds"                   [_thread_blocked, id=16992, stack(0x00000071cba00000,0x00000071cbb00000) (1024K)]
  0x000001d61cb10e80 JavaThread "Execution worker"                  [_thread_blocked, id=596, stack(0x00000071cbb00000,0x00000071cbc00000) (1024K)]
  0x000001d61cb14300 JavaThread "Execution worker Thread 2"         [_thread_blocked, id=11156, stack(0x00000071cbc00000,0x00000071cbd00000) (1024K)]
  0x000001d61cb0e720 JavaThread "Execution worker Thread 3"         [_thread_blocked, id=17448, stack(0x00000071cbd00000,0x00000071cbe00000) (1024K)]
  0x000001d61cb0edb0 JavaThread "Cache worker for execution history cache (C:\Users\DELL\Desktop\kavachsecurecom\android-app\.gradle\9.3.1\executionHistory)"        [_thread_blocked, id=9444, stack(0x00000071cbe00000,0x00000071cbf00000) (1024K)]
  0x000001d61cb0f440 JavaThread "Unconstrained build operations Thread 13"        [_thread_in_native, id=10200, stack(0x00000071cbf00000,0x00000071cc000000) (1024K)]
  0x000001d6204d7570 JavaThread "Unconstrained build operations Thread 14"        [_thread_in_native, id=18888, stack(0x00000071cc000000,0x00000071cc100000) (1024K)]
  0x000001d6204d9640 JavaThread "Unconstrained build operations Thread 15"        [_thread_in_native, id=5976, stack(0x00000071cc100000,0x00000071cc200000) (1024K)]
Total: 56

Other Threads:
  0x000001d616844d50 VMThread "VM Thread"                           [id=10992, stack(0x00000071c8800000,0x00000071c8900000) (1024K)]
  0x000001d6167e5dd0 WatcherThread "VM Periodic Task Thread"        [id=14544, stack(0x00000071c8700000,0x00000071c8800000) (1024K)]
  0x000001d67f9f8f80 WorkerThread "GC Thread#0"                     [id=11928, stack(0x00000071c8200000,0x00000071c8300000) (1024K)]
  0x000001d616d287f0 WorkerThread "GC Thread#1"                     [id=18804, stack(0x00000071c9300000,0x00000071c9400000) (1024K)]
  0x000001d616d2e530 WorkerThread "GC Thread#2"                     [id=18576, stack(0x00000071c9400000,0x00000071c9500000) (1024K)]
  0x000001d61b28b4f0 WorkerThread "GC Thread#3"                     [id=14372, stack(0x00000071c9500000,0x00000071c9600000) (1024K)]
  0x000001d67fa0b6a0 ConcurrentGCThread "G1 Main Marker"            [id=14576, stack(0x00000071c8300000,0x00000071c8400000) (1024K)]
  0x000001d67fa0c6f0 WorkerThread "G1 Conc#0"                       [id=15584, stack(0x00000071c8400000,0x00000071c8500000) (1024K)]
  0x000001d67fa664e0 ConcurrentGCThread "G1 Refine#0"               [id=17904, stack(0x00000071c8500000,0x00000071c8600000) (1024K)]
  0x000001d67fa66e00 ConcurrentGCThread "G1 Service"                [id=18984, stack(0x00000071c8600000,0x00000071c8700000) (1024K)]
Total: 10

Threads with active compile tasks:
C2 CompilerThread0  63334 12638       4       org.gradle.cache.internal.btree.CachingBlockStore::read (56 bytes)
Total: 1

VM state: not at safepoint (normal execution)

VM Mutex/Monitor currently owned by a thread: None

Heap address: 0x0000000080000000, size: 2048 MB, Compressed Oops mode: 32-bit

CDS archive(s) not mapped
Compressed class space mapped at: 0x0000000100000000-0x0000000140000000, reserved size: 1073741824
Narrow klass base: 0x0000000000000000, Narrow klass shift: 3, Narrow klass range: 0x140000000

GC Precious Log:
 CardTable entry size: 512
 Card Set container configuration: InlinePtr #cards 5 size 8 Array Of Cards #cards 12 size 40 Howl #buckets 4 coarsen threshold 1843 Howl Bitmap #cards 512 size 80 coarsen threshold 460 Card regions per heap region 1 cards per card region 2048
 CPUs: 4 total, 4 available
 Memory: 3862M
 Large Page Support: Disabled
 NUMA Support: Disabled
 Compressed Oops: Enabled (32-bit)
 Heap Region Size: 1M
 Heap Min Capacity: 8M
 Heap Initial Capacity: 62M
 Heap Max Capacity: 2G
 Pre-touch: Disabled
 Parallel Workers: 4
 Concurrent Workers: 1
 Concurrent Refinement Workers: 4
 Periodic GC: Disabled

Heap:
 garbage-first heap   total 198656K, used 152059K [0x0000000080000000, 0x0000000100000000)
  region size 1024K, 58 young (59392K), 6 survivors (6144K)
 Metaspace       used 113402K, committed 115520K, reserved 1179648K
  class space    used 15867K, committed 16896K, reserved 1048576K

Heap Regions: E=young(eden), S=young(survivor), O=old, HS=humongous(starts), HC=humongous(continues), CS=collection set, F=free, TAMS=top-at-mark-start, PB=parsable bottom
|   0|0x0000000080000000, 0x0000000080100000, 0x0000000080100000|100%|HS|  |TAMS 0x0000000080000000| PB 0x0000000080000000| Complete 
|   1|0x0000000080100000, 0x0000000080200000, 0x0000000080200000|100%|HC|  |TAMS 0x0000000080100000| PB 0x0000000080100000| Complete 
|   2|0x0000000080200000, 0x0000000080300000, 0x0000000080300000|100%|HC|  |TAMS 0x0000000080200000| PB 0x0000000080200000| Complete 
|   3|0x0000000080300000, 0x0000000080400000, 0x0000000080400000|100%|HC|  |TAMS 0x0000000080300000| PB 0x0000000080300000| Complete 
|   4|0x0000000080400000, 0x0000000080500000, 0x0000000080500000|100%| O|  |TAMS 0x0000000080400000| PB 0x0000000080400000| Untracked 
|   5|0x0000000080500000, 0x0000000080600000, 0x0000000080600000|100%| O|  |TAMS 0x0000000080500000| PB 0x0000000080500000| Untracked 
|   6|0x0000000080600000, 0x0000000080700000, 0x0000000080700000|100%| O|  |TAMS 0x0000000080600000| PB 0x0000000080600000| Untracked 
|   7|0x0000000080700000, 0x0000000080800000, 0x0000000080800000|100%| O|  |TAMS 0x0000000080700000| PB 0x0000000080700000| Untracked 
|   8|0x0000000080800000, 0x0000000080900000, 0x0000000080900000|100%| O|  |TAMS 0x0000000080800000| PB 0x0000000080800000| Untracked 
|   9|0x0000000080900000, 0x0000000080a00000, 0x0000000080a00000|100%| O|  |TAMS 0x0000000080900000| PB 0x0000000080900000| Untracked 
|  10|0x0000000080a00000, 0x0000000080b00000, 0x0000000080b00000|100%| O|  |TAMS 0x0000000080a00000| PB 0x0000000080a00000| Untracked 
|  11|0x0000000080b00000, 0x0000000080c00000, 0x0000000080c00000|100%| O|  |TAMS 0x0000000080b00000| PB 0x0000000080b00000| Untracked 
|  12|0x0000000080c00000, 0x0000000080d00000, 0x0000000080d00000|100%|HS|  |TAMS 0x0000000080c00000| PB 0x0000000080c00000| Complete 
|  13|0x0000000080d00000, 0x0000000080e00000, 0x0000000080e00000|100%| O|  |TAMS 0x0000000080d00000| PB 0x0000000080d00000| Untracked 
|  14|0x0000000080e00000, 0x0000000080f00000, 0x0000000080f00000|100%| O|  |TAMS 0x0000000080e00000| PB 0x0000000080e00000| Untracked 
|  15|0x0000000080f00000, 0x0000000081000000, 0x0000000081000000|100%| O|  |TAMS 0x0000000080f00000| PB 0x0000000080f00000| Untracked 
|  16|0x0000000081000000, 0x0000000081100000, 0x0000000081100000|100%| O|  |TAMS 0x0000000081000000| PB 0x0000000081000000| Untracked 
|  17|0x0000000081100000, 0x0000000081200000, 0x0000000081200000|100%| O|  |TAMS 0x0000000081100000| PB 0x0000000081100000| Untracked 
|  18|0x0000000081200000, 0x0000000081300000, 0x0000000081300000|100%| O|  |TAMS 0x0000000081200000| PB 0x0000000081200000| Untracked 
|  19|0x0000000081300000, 0x0000000081400000, 0x0000000081400000|100%| O|  |TAMS 0x0000000081300000| PB 0x0000000081300000| Untracked 
|  20|0x0000000081400000, 0x0000000081500000, 0x0000000081500000|100%| O|  |TAMS 0x0000000081400000| PB 0x0000000081400000| Untracked 
|  21|0x0000000081500000, 0x0000000081600000, 0x0000000081600000|100%| O|  |TAMS 0x0000000081500000| PB 0x0000000081500000| Untracked 
|  22|0x0000000081600000, 0x0000000081700000, 0x0000000081700000|100%| O|  |TAMS 0x0000000081600000| PB 0x0000000081600000| Untracked 
|  23|0x0000000081700000, 0x0000000081800000, 0x0000000081800000|100%| O|  |TAMS 0x0000000081700000| PB 0x0000000081700000| Untracked 
|  24|0x0000000081800000, 0x0000000081900000, 0x0000000081900000|100%| O|  |TAMS 0x0000000081800000| PB 0x0000000081800000| Untracked 
|  25|0x0000000081900000, 0x0000000081a00000, 0x0000000081a00000|100%| O|  |TAMS 0x0000000081900000| PB 0x0000000081900000| Untracked 
|  26|0x0000000081a00000, 0x0000000081b00000, 0x0000000081b00000|100%| O|  |TAMS 0x0000000081a00000| PB 0x0000000081a00000| Untracked 
|  27|0x0000000081b00000, 0x0000000081c00000, 0x0000000081c00000|100%| O|  |TAMS 0x0000000081b00000| PB 0x0000000081b00000| Untracked 
|  28|0x0000000081c00000, 0x0000000081d00000, 0x0000000081d00000|100%| O|  |TAMS 0x0000000081c00000| PB 0x0000000081c00000| Untracked 
|  29|0x0000000081d00000, 0x0000000081e00000, 0x0000000081e00000|100%| O|  |TAMS 0x0000000081d00000| PB 0x0000000081d00000| Untracked 
|  30|0x0000000081e00000, 0x0000000081f00000, 0x0000000081f00000|100%| O|  |TAMS 0x0000000081e00000| PB 0x0000000081e00000| Untracked 
|  31|0x0000000081f00000, 0x0000000082000000, 0x0000000082000000|100%| O|  |TAMS 0x0000000081f00000| PB 0x0000000081f00000| Untracked 
|  32|0x0000000082000000, 0x0000000082100000, 0x0000000082100000|100%| O|  |TAMS 0x0000000082000000| PB 0x0000000082000000| Untracked 
|  33|0x0000000082100000, 0x0000000082200000, 0x0000000082200000|100%| O|  |TAMS 0x0000000082100000| PB 0x0000000082100000| Untracked 
|  34|0x0000000082200000, 0x0000000082300000, 0x0000000082300000|100%| O|  |TAMS 0x0000000082200000| PB 0x0000000082200000| Untracked 
|  35|0x0000000082300000, 0x0000000082400000, 0x0000000082400000|100%| O|  |TAMS 0x0000000082300000| PB 0x0000000082300000| Untracked 
|  36|0x0000000082400000, 0x0000000082500000, 0x0000000082500000|100%| O|  |TAMS 0x0000000082400000| PB 0x0000000082400000| Untracked 
|  37|0x0000000082500000, 0x0000000082600000, 0x0000000082600000|100%| O|  |TAMS 0x0000000082500000| PB 0x0000000082500000| Untracked 
|  38|0x0000000082600000, 0x0000000082700000, 0x0000000082700000|100%| O|  |TAMS 0x0000000082600000| PB 0x0000000082600000| Untracked 
|  39|0x0000000082700000, 0x0000000082800000, 0x0000000082800000|100%| O|  |TAMS 0x0000000082700000| PB 0x0000000082700000| Untracked 
|  40|0x0000000082800000, 0x0000000082900000, 0x0000000082900000|100%| O|  |TAMS 0x0000000082800000| PB 0x0000000082800000| Untracked 
|  41|0x0000000082900000, 0x0000000082a00000, 0x0000000082a00000|100%| O|  |TAMS 0x0000000082900000| PB 0x0000000082900000| Untracked 
|  42|0x0000000082a00000, 0x0000000082b00000, 0x0000000082b00000|100%|HS|  |TAMS 0x0000000082a00000| PB 0x0000000082a00000| Complete 
|  43|0x0000000082b00000, 0x0000000082c00000, 0x0000000082c00000|100%| O|  |TAMS 0x0000000082b00000| PB 0x0000000082b00000| Untracked 
|  44|0x0000000082c00000, 0x0000000082d00000, 0x0000000082d00000|100%|HS|  |TAMS 0x0000000082c00000| PB 0x0000000082c00000| Complete 
|  45|0x0000000082d00000, 0x0000000082e00000, 0x0000000082e00000|100%|HS|  |TAMS 0x0000000082d00000| PB 0x0000000082d00000| Complete 
|  46|0x0000000082e00000, 0x0000000082f00000, 0x0000000082f00000|100%|HC|  |TAMS 0x0000000082e00000| PB 0x0000000082e00000| Complete 
|  47|0x0000000082f00000, 0x0000000083000000, 0x0000000083000000|100%| O|  |TAMS 0x0000000082f00000| PB 0x0000000082f00000| Untracked 
|  48|0x0000000083000000, 0x0000000083100000, 0x0000000083100000|100%| O|  |TAMS 0x0000000083000000| PB 0x0000000083000000| Untracked 
|  49|0x0000000083100000, 0x0000000083200000, 0x0000000083200000|100%| O|  |TAMS 0x0000000083100000| PB 0x0000000083100000| Untracked 
|  50|0x0000000083200000, 0x0000000083300000, 0x0000000083300000|100%|HS|  |TAMS 0x0000000083200000| PB 0x0000000083200000| Complete 
|  51|0x0000000083300000, 0x0000000083400000, 0x0000000083400000|100%|HS|  |TAMS 0x0000000083300000| PB 0x0000000083300000| Complete 
|  52|0x0000000083400000, 0x0000000083500000, 0x0000000083500000|100%| O|  |TAMS 0x0000000083400000| PB 0x0000000083400000| Untracked 
|  53|0x0000000083500000, 0x0000000083600000, 0x0000000083600000|100%|HS|  |TAMS 0x0000000083500000| PB 0x0000000083500000| Complete 
|  54|0x0000000083600000, 0x0000000083700000, 0x0000000083700000|100%|HS|  |TAMS 0x0000000083600000| PB 0x0000000083600000| Complete 
|  55|0x0000000083700000, 0x0000000083800000, 0x0000000083800000|100%| O|  |TAMS 0x0000000083700000| PB 0x0000000083700000| Untracked 
|  56|0x0000000083800000, 0x0000000083900000, 0x0000000083900000|100%| O|  |TAMS 0x0000000083800000| PB 0x0000000083800000| Untracked 
|  57|0x0000000083900000, 0x0000000083a00000, 0x0000000083a00000|100%| O|  |TAMS 0x0000000083900000| PB 0x0000000083900000| Untracked 
|  58|0x0000000083a00000, 0x0000000083b00000, 0x0000000083b00000|100%| O|  |TAMS 0x0000000083a00000| PB 0x0000000083a00000| Untracked 
|  59|0x0000000083b00000, 0x0000000083c00000, 0x0000000083c00000|100%|HS|  |TAMS 0x0000000083b00000| PB 0x0000000083b00000| Complete 
|  60|0x0000000083c00000, 0x0000000083d00000, 0x0000000083d00000|100%|HC|  |TAMS 0x0000000083c00000| PB 0x0000000083c00000| Complete 
|  61|0x0000000083d00000, 0x0000000083e00000, 0x0000000083e00000|100%| O|  |TAMS 0x0000000083d00000| PB 0x0000000083d00000| Untracked 
|  62|0x0000000083e00000, 0x0000000083f00000, 0x0000000083f00000|100%| O|  |TAMS 0x0000000083e00000| PB 0x0000000083e00000| Untracked 
|  63|0x0000000083f00000, 0x0000000084000000, 0x0000000084000000|100%| O|  |TAMS 0x0000000083f00000| PB 0x0000000083f00000| Untracked 
|  64|0x0000000084000000, 0x0000000084100000, 0x0000000084100000|100%| O|  |TAMS 0x0000000084000000| PB 0x0000000084000000| Untracked 
|  65|0x0000000084100000, 0x0000000084200000, 0x0000000084200000|100%| O|  |TAMS 0x0000000084100000| PB 0x0000000084100000| Untracked 
|  66|0x0000000084200000, 0x0000000084300000, 0x0000000084300000|100%| O|  |TAMS 0x0000000084200000| PB 0x0000000084200000| Untracked 
|  67|0x0000000084300000, 0x0000000084400000, 0x0000000084400000|100%| O|  |TAMS 0x0000000084300000| PB 0x0000000084300000| Untracked 
|  68|0x0000000084400000, 0x0000000084500000, 0x0000000084500000|100%| O|  |TAMS 0x0000000084400000| PB 0x0000000084400000| Untracked 
|  69|0x0000000084500000, 0x0000000084600000, 0x0000000084600000|100%| O|  |TAMS 0x0000000084500000| PB 0x0000000084500000| Untracked 
|  70|0x0000000084600000, 0x0000000084700000, 0x0000000084700000|100%|HS|  |TAMS 0x0000000084600000| PB 0x0000000084600000| Complete 
|  71|0x0000000084700000, 0x0000000084800000, 0x0000000084800000|100%| O|  |TAMS 0x0000000084700000| PB 0x0000000084700000| Untracked 
|  72|0x0000000084800000, 0x0000000084900000, 0x0000000084900000|100%| O|  |TAMS 0x0000000084800000| PB 0x0000000084800000| Untracked 
|  73|0x0000000084900000, 0x0000000084a00000, 0x0000000084a00000|100%| O|  |TAMS 0x0000000084900000| PB 0x0000000084900000| Untracked 
|  74|0x0000000084a00000, 0x0000000084b00000, 0x0000000084b00000|100%| O|  |TAMS 0x0000000084a00000| PB 0x0000000084a00000| Untracked 
|  75|0x0000000084b00000, 0x0000000084c00000, 0x0000000084c00000|100%| O|  |TAMS 0x0000000084b00000| PB 0x0000000084b00000| Untracked 
|  76|0x0000000084c00000, 0x0000000084d00000, 0x0000000084d00000|100%| O|  |TAMS 0x0000000084c00000| PB 0x0000000084c00000| Untracked 
|  77|0x0000000084d00000, 0x0000000084e00000, 0x0000000084e00000|100%| O|  |TAMS 0x0000000084d00000| PB 0x0000000084d00000| Untracked 
|  78|0x0000000084e00000, 0x0000000084f00000, 0x0000000084f00000|100%| O|  |TAMS 0x0000000084e00000| PB 0x0000000084e00000| Untracked 
|  79|0x0000000084f00000, 0x0000000085000000, 0x0000000085000000|100%| O|  |TAMS 0x0000000084f00000| PB 0x0000000084f00000| Untracked 
|  80|0x0000000085000000, 0x0000000085100000, 0x0000000085100000|100%| O|  |TAMS 0x0000000085000000| PB 0x0000000085000000| Untracked 
|  81|0x0000000085100000, 0x0000000085200000, 0x0000000085200000|100%| O|  |TAMS 0x0000000085100000| PB 0x0000000085100000| Untracked 
|  82|0x0000000085200000, 0x0000000085200000, 0x0000000085300000|  0%| F|  |TAMS 0x0000000085200000| PB 0x0000000085200000| Untracked 
|  83|0x0000000085300000, 0x0000000085400000, 0x0000000085400000|100%| O|  |TAMS 0x0000000085300000| PB 0x0000000085300000| Untracked 
|  84|0x0000000085400000, 0x00000000854a23c0, 0x0000000085500000| 63%| O|  |TAMS 0x0000000085400000| PB 0x0000000085400000| Untracked 
|  85|0x0000000085500000, 0x0000000085600000, 0x0000000085600000|100%| O|  |TAMS 0x0000000085500000| PB 0x0000000085500000| Untracked 
|  86|0x0000000085600000, 0x0000000085700000, 0x0000000085700000|100%| O|  |TAMS 0x0000000085600000| PB 0x0000000085600000| Untracked 
|  87|0x0000000085700000, 0x0000000085700000, 0x0000000085800000|  0%| F|  |TAMS 0x0000000085700000| PB 0x0000000085700000| Untracked 
|  88|0x0000000085800000, 0x0000000085800000, 0x0000000085900000|  0%| F|  |TAMS 0x0000000085800000| PB 0x0000000085800000| Untracked 
|  89|0x0000000085900000, 0x0000000085a00000, 0x0000000085a00000|100%| O|  |TAMS 0x0000000085900000| PB 0x0000000085900000| Untracked 
|  90|0x0000000085a00000, 0x0000000085a00000, 0x0000000085b00000|  0%| F|  |TAMS 0x0000000085a00000| PB 0x0000000085a00000| Untracked 
|  91|0x0000000085b00000, 0x0000000085b00000, 0x0000000085c00000|  0%| F|  |TAMS 0x0000000085b00000| PB 0x0000000085b00000| Untracked 
|  92|0x0000000085c00000, 0x0000000085d00000, 0x0000000085d00000|100%| O|  |TAMS 0x0000000085c00000| PB 0x0000000085c00000| Untracked 
|  93|0x0000000085d00000, 0x0000000085d00000, 0x0000000085e00000|  0%| F|  |TAMS 0x0000000085d00000| PB 0x0000000085d00000| Untracked 
|  94|0x0000000085e00000, 0x0000000085e00000, 0x0000000085f00000|  0%| F|  |TAMS 0x0000000085e00000| PB 0x0000000085e00000| Untracked 
|  95|0x0000000085f00000, 0x0000000085f00000, 0x0000000086000000|  0%| F|  |TAMS 0x0000000085f00000| PB 0x0000000085f00000| Untracked 
|  96|0x0000000086000000, 0x0000000086000000, 0x0000000086100000|  0%| F|  |TAMS 0x0000000086000000| PB 0x0000000086000000| Untracked 
|  97|0x0000000086100000, 0x0000000086100000, 0x0000000086200000|  0%| F|  |TAMS 0x0000000086100000| PB 0x0000000086100000| Untracked 
|  98|0x0000000086200000, 0x0000000086200000, 0x0000000086300000|  0%| F|  |TAMS 0x0000000086200000| PB 0x0000000086200000| Untracked 
|  99|0x0000000086300000, 0x0000000086300000, 0x0000000086400000|  0%| F|  |TAMS 0x0000000086300000| PB 0x0000000086300000| Untracked 
| 100|0x0000000086400000, 0x0000000086400000, 0x0000000086500000|  0%| F|  |TAMS 0x0000000086400000| PB 0x0000000086400000| Untracked 
| 101|0x0000000086500000, 0x0000000086500000, 0x0000000086600000|  0%| F|  |TAMS 0x0000000086500000| PB 0x0000000086500000| Untracked 
| 102|0x0000000086600000, 0x0000000086600000, 0x0000000086700000|  0%| F|  |TAMS 0x0000000086600000| PB 0x0000000086600000| Untracked 
| 103|0x0000000086700000, 0x0000000086700000, 0x0000000086800000|  0%| F|  |TAMS 0x0000000086700000| PB 0x0000000086700000| Untracked 
| 104|0x0000000086800000, 0x0000000086800000, 0x0000000086900000|  0%| F|  |TAMS 0x0000000086800000| PB 0x0000000086800000| Untracked 
| 105|0x0000000086900000, 0x0000000086900000, 0x0000000086a00000|  0%| F|  |TAMS 0x0000000086900000| PB 0x0000000086900000| Untracked 
| 106|0x0000000086a00000, 0x0000000086a00000, 0x0000000086b00000|  0%| F|  |TAMS 0x0000000086a00000| PB 0x0000000086a00000| Untracked 
| 107|0x0000000086b00000, 0x0000000086b00000, 0x0000000086c00000|  0%| F|  |TAMS 0x0000000086b00000| PB 0x0000000086b00000| Untracked 
| 108|0x0000000086c00000, 0x0000000086c00000, 0x0000000086d00000|  0%| F|  |TAMS 0x0000000086c00000| PB 0x0000000086c00000| Untracked 
| 109|0x0000000086d00000, 0x0000000086d00000, 0x0000000086e00000|  0%| F|  |TAMS 0x0000000086d00000| PB 0x0000000086d00000| Untracked 
| 110|0x0000000086e00000, 0x0000000086e00000, 0x0000000086f00000|  0%| F|  |TAMS 0x0000000086e00000| PB 0x0000000086e00000| Untracked 
| 111|0x0000000086f00000, 0x0000000086f00000, 0x0000000087000000|  0%| F|  |TAMS 0x0000000086f00000| PB 0x0000000086f00000| Untracked 
| 112|0x0000000087000000, 0x0000000087000000, 0x0000000087100000|  0%| F|  |TAMS 0x0000000087000000| PB 0x0000000087000000| Untracked 
| 113|0x0000000087100000, 0x0000000087100000, 0x0000000087200000|  0%| F|  |TAMS 0x0000000087100000| PB 0x0000000087100000| Untracked 
| 114|0x0000000087200000, 0x0000000087200000, 0x0000000087300000|  0%| F|  |TAMS 0x0000000087200000| PB 0x0000000087200000| Untracked 
| 115|0x0000000087300000, 0x0000000087300000, 0x0000000087400000|  0%| F|  |TAMS 0x0000000087300000| PB 0x0000000087300000| Untracked 
| 116|0x0000000087400000, 0x00000000874dca00, 0x0000000087500000| 86%| S|CS|TAMS 0x0000000087400000| PB 0x0000000087400000| Complete 
| 117|0x0000000087500000, 0x0000000087600000, 0x0000000087600000|100%| S|CS|TAMS 0x0000000087500000| PB 0x0000000087500000| Complete 
| 118|0x0000000087600000, 0x0000000087700000, 0x0000000087700000|100%| S|CS|TAMS 0x0000000087600000| PB 0x0000000087600000| Complete 
| 119|0x0000000087700000, 0x0000000087800000, 0x0000000087800000|100%| S|CS|TAMS 0x0000000087700000| PB 0x0000000087700000| Complete 
| 120|0x0000000087800000, 0x0000000087900000, 0x0000000087900000|100%| S|CS|TAMS 0x0000000087800000| PB 0x0000000087800000| Complete 
| 121|0x0000000087900000, 0x0000000087900000, 0x0000000087a00000|  0%| F|  |TAMS 0x0000000087900000| PB 0x0000000087900000| Untracked 
| 122|0x0000000087a00000, 0x0000000087a00000, 0x0000000087b00000|  0%| F|  |TAMS 0x0000000087a00000| PB 0x0000000087a00000| Untracked 
| 123|0x0000000087b00000, 0x0000000087b00000, 0x0000000087c00000|  0%| F|  |TAMS 0x0000000087b00000| PB 0x0000000087b00000| Untracked 
| 124|0x0000000087c00000, 0x0000000087c00000, 0x0000000087d00000|  0%| F|  |TAMS 0x0000000087c00000| PB 0x0000000087c00000| Untracked 
| 125|0x0000000087d00000, 0x0000000087d00000, 0x0000000087e00000|  0%| F|  |TAMS 0x0000000087d00000| PB 0x0000000087d00000| Untracked 
| 126|0x0000000087e00000, 0x0000000087e00000, 0x0000000087f00000|  0%| F|  |TAMS 0x0000000087e00000| PB 0x0000000087e00000| Untracked 
| 127|0x0000000087f00000, 0x0000000088000000, 0x0000000088000000|100%| S|CS|TAMS 0x0000000087f00000| PB 0x0000000087f00000| Complete 
| 128|0x0000000088000000, 0x0000000088000000, 0x0000000088100000|  0%| F|  |TAMS 0x0000000088000000| PB 0x0000000088000000| Untracked 
| 129|0x0000000088100000, 0x0000000088100000, 0x0000000088200000|  0%| F|  |TAMS 0x0000000088100000| PB 0x0000000088100000| Untracked 
| 130|0x0000000088200000, 0x0000000088200000, 0x0000000088300000|  0%| F|  |TAMS 0x0000000088200000| PB 0x0000000088200000| Untracked 
| 131|0x0000000088300000, 0x0000000088300000, 0x0000000088400000|  0%| F|  |TAMS 0x0000000088300000| PB 0x0000000088300000| Untracked 
| 132|0x0000000088400000, 0x0000000088400000, 0x0000000088500000|  0%| F|  |TAMS 0x0000000088400000| PB 0x0000000088400000| Untracked 
| 133|0x0000000088500000, 0x0000000088500000, 0x0000000088600000|  0%| F|  |TAMS 0x0000000088500000| PB 0x0000000088500000| Untracked 
| 134|0x0000000088600000, 0x0000000088600000, 0x0000000088700000|  0%| F|  |TAMS 0x0000000088600000| PB 0x0000000088600000| Untracked 
| 135|0x0000000088700000, 0x0000000088700000, 0x0000000088800000|  0%| F|  |TAMS 0x0000000088700000| PB 0x0000000088700000| Untracked 
| 136|0x0000000088800000, 0x0000000088800000, 0x0000000088900000|  0%| F|  |TAMS 0x0000000088800000| PB 0x0000000088800000| Untracked 
| 137|0x0000000088900000, 0x0000000088952640, 0x0000000088a00000| 32%| E|  |TAMS 0x0000000088900000| PB 0x0000000088900000| Complete 
| 138|0x0000000088a00000, 0x0000000088b00000, 0x0000000088b00000|100%| E|CS|TAMS 0x0000000088a00000| PB 0x0000000088a00000| Complete 
| 139|0x0000000088b00000, 0x0000000088c00000, 0x0000000088c00000|100%| E|CS|TAMS 0x0000000088b00000| PB 0x0000000088b00000| Complete 
| 140|0x0000000088c00000, 0x0000000088d00000, 0x0000000088d00000|100%| E|CS|TAMS 0x0000000088c00000| PB 0x0000000088c00000| Complete 
| 141|0x0000000088d00000, 0x0000000088e00000, 0x0000000088e00000|100%| E|CS|TAMS 0x0000000088d00000| PB 0x0000000088d00000| Complete 
| 142|0x0000000088e00000, 0x0000000088f00000, 0x0000000088f00000|100%| E|CS|TAMS 0x0000000088e00000| PB 0x0000000088e00000| Complete 
| 143|0x0000000088f00000, 0x0000000089000000, 0x0000000089000000|100%| E|CS|TAMS 0x0000000088f00000| PB 0x0000000088f00000| Complete 
| 144|0x0000000089000000, 0x0000000089100000, 0x0000000089100000|100%| E|CS|TAMS 0x0000000089000000| PB 0x0000000089000000| Complete 
| 145|0x0000000089100000, 0x0000000089200000, 0x0000000089200000|100%| E|CS|TAMS 0x0000000089100000| PB 0x0000000089100000| Complete 
| 146|0x0000000089200000, 0x0000000089300000, 0x0000000089300000|100%| E|CS|TAMS 0x0000000089200000| PB 0x0000000089200000| Complete 
| 147|0x0000000089300000, 0x0000000089400000, 0x0000000089400000|100%| E|CS|TAMS 0x0000000089300000| PB 0x0000000089300000| Complete 
| 148|0x0000000089400000, 0x0000000089500000, 0x0000000089500000|100%| E|CS|TAMS 0x0000000089400000| PB 0x0000000089400000| Complete 
| 149|0x0000000089500000, 0x0000000089600000, 0x0000000089600000|100%| E|CS|TAMS 0x0000000089500000| PB 0x0000000089500000| Complete 
| 150|0x0000000089600000, 0x0000000089700000, 0x0000000089700000|100%| E|CS|TAMS 0x0000000089600000| PB 0x0000000089600000| Complete 
| 151|0x0000000089700000, 0x0000000089800000, 0x0000000089800000|100%| E|CS|TAMS 0x0000000089700000| PB 0x0000000089700000| Complete 
| 152|0x0000000089800000, 0x0000000089900000, 0x0000000089900000|100%| E|CS|TAMS 0x0000000089800000| PB 0x0000000089800000| Complete 
| 153|0x0000000089900000, 0x0000000089a00000, 0x0000000089a00000|100%| E|CS|TAMS 0x0000000089900000| PB 0x0000000089900000| Complete 
| 154|0x0000000089a00000, 0x0000000089b00000, 0x0000000089b00000|100%| E|CS|TAMS 0x0000000089a00000| PB 0x0000000089a00000| Complete 
| 155|0x0000000089b00000, 0x0000000089c00000, 0x0000000089c00000|100%| E|CS|TAMS 0x0000000089b00000| PB 0x0000000089b00000| Complete 
| 156|0x0000000089c00000, 0x0000000089d00000, 0x0000000089d00000|100%| E|CS|TAMS 0x0000000089c00000| PB 0x0000000089c00000| Complete 
| 157|0x0000000089d00000, 0x0000000089e00000, 0x0000000089e00000|100%| E|CS|TAMS 0x0000000089d00000| PB 0x0000000089d00000| Complete 
| 158|0x0000000089e00000, 0x0000000089f00000, 0x0000000089f00000|100%| E|CS|TAMS 0x0000000089e00000| PB 0x0000000089e00000| Complete 
| 159|0x0000000089f00000, 0x000000008a000000, 0x000000008a000000|100%| E|CS|TAMS 0x0000000089f00000| PB 0x0000000089f00000| Complete 
| 160|0x000000008a000000, 0x000000008a100000, 0x000000008a100000|100%| E|CS|TAMS 0x000000008a000000| PB 0x000000008a000000| Complete 
| 161|0x000000008a100000, 0x000000008a200000, 0x000000008a200000|100%| E|CS|TAMS 0x000000008a100000| PB 0x000000008a100000| Complete 
| 162|0x000000008a200000, 0x000000008a300000, 0x000000008a300000|100%| E|CS|TAMS 0x000000008a200000| PB 0x000000008a200000| Complete 
| 163|0x000000008a300000, 0x000000008a400000, 0x000000008a400000|100%| E|CS|TAMS 0x000000008a300000| PB 0x000000008a300000| Complete 
| 164|0x000000008a400000, 0x000000008a500000, 0x000000008a500000|100%| E|CS|TAMS 0x000000008a400000| PB 0x000000008a400000| Complete 
| 165|0x000000008a500000, 0x000000008a600000, 0x000000008a600000|100%| E|CS|TAMS 0x000000008a500000| PB 0x000000008a500000| Complete 
| 166|0x000000008a600000, 0x000000008a700000, 0x000000008a700000|100%| E|CS|TAMS 0x000000008a600000| PB 0x000000008a600000| Complete 
| 167|0x000000008a700000, 0x000000008a800000, 0x000000008a800000|100%| E|CS|TAMS 0x000000008a700000| PB 0x000000008a700000| Complete 
| 168|0x000000008a800000, 0x000000008a900000, 0x000000008a900000|100%| E|CS|TAMS 0x000000008a800000| PB 0x000000008a800000| Complete 
| 169|0x000000008a900000, 0x000000008aa00000, 0x000000008aa00000|100%| E|CS|TAMS 0x000000008a900000| PB 0x000000008a900000| Complete 
| 170|0x000000008aa00000, 0x000000008ab00000, 0x000000008ab00000|100%| E|CS|TAMS 0x000000008aa00000| PB 0x000000008aa00000| Complete 
| 171|0x000000008ab00000, 0x000000008ac00000, 0x000000008ac00000|100%| E|CS|TAMS 0x000000008ab00000| PB 0x000000008ab00000| Complete 
| 172|0x000000008ac00000, 0x000000008ad00000, 0x000000008ad00000|100%| E|CS|TAMS 0x000000008ac00000| PB 0x000000008ac00000| Complete 
| 173|0x000000008ad00000, 0x000000008ae00000, 0x000000008ae00000|100%| E|CS|TAMS 0x000000008ad00000| PB 0x000000008ad00000| Complete 
| 174|0x000000008ae00000, 0x000000008af00000, 0x000000008af00000|100%| E|CS|TAMS 0x000000008ae00000| PB 0x000000008ae00000| Complete 
| 175|0x000000008af00000, 0x000000008b000000, 0x000000008b000000|100%| E|CS|TAMS 0x000000008af00000| PB 0x000000008af00000| Complete 
| 176|0x000000008b000000, 0x000000008b100000, 0x000000008b100000|100%| E|CS|TAMS 0x000000008b000000| PB 0x000000008b000000| Complete 
| 177|0x000000008b100000, 0x000000008b200000, 0x000000008b200000|100%| E|CS|TAMS 0x000000008b100000| PB 0x000000008b100000| Complete 
| 178|0x000000008b200000, 0x000000008b300000, 0x000000008b300000|100%| E|CS|TAMS 0x000000008b200000| PB 0x000000008b200000| Complete 
| 179|0x000000008b300000, 0x000000008b400000, 0x000000008b400000|100%| E|CS|TAMS 0x000000008b300000| PB 0x000000008b300000| Complete 
| 180|0x000000008b400000, 0x000000008b500000, 0x000000008b500000|100%| E|CS|TAMS 0x000000008b400000| PB 0x000000008b400000| Complete 
| 181|0x000000008b500000, 0x000000008b600000, 0x000000008b600000|100%| E|CS|TAMS 0x000000008b500000| PB 0x000000008b500000| Complete 
| 182|0x000000008b600000, 0x000000008b700000, 0x000000008b700000|100%| E|CS|TAMS 0x000000008b600000| PB 0x000000008b600000| Complete 
| 183|0x000000008b700000, 0x000000008b800000, 0x000000008b800000|100%| E|CS|TAMS 0x000000008b700000| PB 0x000000008b700000| Complete 
| 184|0x000000008b800000, 0x000000008b900000, 0x000000008b900000|100%| E|CS|TAMS 0x000000008b800000| PB 0x000000008b800000| Complete 
| 185|0x000000008b900000, 0x000000008ba00000, 0x000000008ba00000|100%| E|CS|TAMS 0x000000008b900000| PB 0x000000008b900000| Complete 
| 186|0x000000008ba00000, 0x000000008bb00000, 0x000000008bb00000|100%| E|CS|TAMS 0x000000008ba00000| PB 0x000000008ba00000| Complete 
|2041|0x00000000ff900000, 0x00000000ffa00000, 0x00000000ffa00000|100%| O|  |TAMS 0x00000000ff900000| PB 0x00000000ff900000| Untracked 
|2042|0x00000000ffa00000, 0x00000000ffb00000, 0x00000000ffb00000|100%| O|  |TAMS 0x00000000ffa00000| PB 0x00000000ffa00000| Untracked 
|2043|0x00000000ffb00000, 0x00000000ffc00000, 0x00000000ffc00000|100%| O|  |TAMS 0x00000000ffb00000| PB 0x00000000ffb00000| Untracked 
|2044|0x00000000ffc00000, 0x00000000ffd00000, 0x00000000ffd00000|100%| E|CS|TAMS 0x00000000ffc00000| PB 0x00000000ffc00000| Complete 
|2045|0x00000000ffd00000, 0x00000000ffe00000, 0x00000000ffe00000|100%| E|CS|TAMS 0x00000000ffd00000| PB 0x00000000ffd00000| Complete 
|2046|0x00000000ffe00000, 0x00000000fff00000, 0x00000000fff00000|100%| E|CS|TAMS 0x00000000ffe00000| PB 0x00000000ffe00000| Complete 
|2047|0x00000000fff00000, 0x0000000100000000, 0x0000000100000000|100%| O|  |TAMS 0x00000000fff00000| PB 0x00000000fff00000| Untracked 

Card table byte_map: [0x000001d6120a0000,0x000001d6124a0000] _byte_map_base: 0x000001d611ca0000

Marking Bits: (CMBitMap*) 0x000001d67f9f9430
 Bits: [0x000001d6124a0000, 0x000001d6144a0000)

Polling page: 0x000001d67f170000

Metaspace:

Usage:
  Non-class:     95.25 MB used.
      Class:     15.50 MB used.
       Both:    110.74 MB used.

Virtual space:
  Non-class space:      128.00 MB reserved,      96.31 MB ( 75%) committed,  2 nodes.
      Class space:        1.00 GB reserved,      16.50 MB (  2%) committed,  1 nodes.
             Both:        1.12 GB reserved,     112.81 MB ( 10%) committed. 

Chunk freelists:
   Non-Class:  15.30 MB
       Class:  15.51 MB
        Both:  30.81 MB

MaxMetaspaceSize: unlimited
CompressedClassSpaceSize: 1.00 GB
Initial GC threshold: 21.00 MB
Current GC threshold: 185.00 MB
CDS: off
 - commit_granule_bytes: 65536.
 - commit_granule_words: 8192.
 - virtual_space_node_default_size: 8388608.
 - enlarge_chunks_in_place: 1.
 - use_allocation_guard: 0.


Internal statistics:

num_allocs_failed_limit: 12.
num_arena_births: 4178.
num_arena_deaths: 0.
num_vsnodes_births: 3.
num_vsnodes_deaths: 0.
num_space_committed: 1803.
num_space_uncommitted: 0.
num_chunks_returned_to_freelist: 12.
num_chunks_taken_from_freelist: 8958.
num_chunk_merges: 9.
num_chunk_splits: 5895.
num_chunks_enlarged: 3733.
num_inconsistent_stats: 0.

CodeHeap 'non-profiled nmethods': size=120000Kb used=6365Kb max_used=6365Kb free=113634Kb
 bounds [0x000001d60ab70000, 0x000001d60b1b0000, 0x000001d6120a0000]
CodeHeap 'profiled nmethods': size=120000Kb used=20229Kb max_used=20229Kb free=99770Kb
 bounds [0x000001d6030a0000, 0x000001d604470000, 0x000001d60a5d0000]
CodeHeap 'non-nmethods': size=5760Kb used=2197Kb max_used=2255Kb free=3562Kb
 bounds [0x000001d60a5d0000, 0x000001d60a840000, 0x000001d60ab70000]
CodeCache: size=245760Kb, used=28791Kb, max_used=28849Kb, free=216966Kb
 total_blobs=11644, nmethods=10773, adapters=775, full_count=0
Compilation: enabled, stopped_count=0, restarted_count=0

Compilation events (20 events):
Event: 62.944 Thread 0x000001d616a40710 nmethod 12631 0x000001d60b1a2910 code [0x000001d60b1a2b80, 0x000001d60b1a34c0]
Event: 62.945 Thread 0x000001d616a40710 12633       4       java.util.concurrent.locks.AbstractQueuedSynchronizer::hasQueuedPredecessors (58 bytes)
Event: 62.947 Thread 0x000001d616a40710 nmethod 12633 0x000001d60b1a3d10 code [0x000001d60b1a3ea0, 0x000001d60b1a3fd8]
Event: 62.972 Thread 0x000001d616a40710 12634       4       org.gradle.internal.snapshot.SnapshotUtil$1::handleAsDescendantOfChild (10 bytes)
Event: 62.977 Thread 0x000001d616a40710 nmethod 12634 0x000001d60b1a4110 code [0x000001d60b1a42e0, 0x000001d60b1a4560]
Event: 62.978 Thread 0x000001d616a40710 12635       4       org.gradle.internal.operations.DefaultBuildOperationListenerManager$ProgressShieldingBuildOperationListener::finished (26 bytes)
Event: 62.980 Thread 0x000001d616a40710 nmethod 12635 0x000001d60b1a4810 code [0x000001d60b1a49c0, 0x000001d60b1a4b10]
Event: 62.988 Thread 0x000001d616a40710 12636   !   4       org.gradle.cache.internal.LockOnDemandCrossProcessCacheAccess::withFileLock (24 bytes)
Event: 62.990 Thread 0x000001d616a21350 12637       3       java.util.concurrent.locks.ReentrantLock$Sync::tryLock (63 bytes)
Event: 62.993 Thread 0x000001d616a21350 nmethod 12637 0x000001d604458290 code [0x000001d604458480, 0x000001d6044588b0]
Event: 63.044 Thread 0x000001d616a40710 nmethod 12636 0x000001d60b1a4c90 code [0x000001d60b1a5040, 0x000001d60b1a6628]
Event: 63.044 Thread 0x000001d616a40710 12638       4       org.gradle.cache.internal.btree.CachingBlockStore::read (56 bytes)
Event: 63.079 Thread 0x000001d616a21350 12639   !   3       org.gradle.internal.execution.workspace.impl.CacheBasedImmutableWorkspaceProvider$CacheContainer::lambda$withFileLock$0 (33 bytes)
Event: 63.080 Thread 0x000001d616a21350 nmethod 12639 0x000001d604458a10 code [0x000001d604458c60, 0x000001d6044595f0]
Event: 63.081 Thread 0x000001d616a21350 12640   !   3       org.gradle.internal.execution.history.impl.DefaultImmutableWorkspaceMetadataStore::loadWorkspaceMetadata (199 bytes)
Event: 63.093 Thread 0x000001d616a21350 nmethod 12640 0x000001d604459990 code [0x000001d604459f80, 0x000001d60445ca28]
Event: 63.095 Thread 0x000001d616a21350 12641       3       org.gradle.internal.execution.history.ImmutableWorkspaceMetadata::<init> (15 bytes)
Event: 63.096 Thread 0x000001d616a21350 nmethod 12641 0x000001d60445e690 code [0x000001d60445e840, 0x000001d60445ea60]
Event: 63.100 Thread 0x000001d616a21350 12642       3       org.gradle.internal.snapshot.SnapshotUtil$1::handleUnrelatedToAnyChild (13 bytes)
Event: 63.100 Thread 0x000001d616a21350 nmethod 12642 0x000001d60445eb10 code [0x000001d60445ecc0, 0x000001d60445ef68]

GC Heap History (20 events):
Event: 34.690 GC heap before
{Heap before GC invocations=42 (full 0):
 garbage-first heap   total 126976K, used 123301K [0x0000000080000000, 0x0000000100000000)
  region size 1024K, 52 young (53248K), 5 survivors (5120K)
 Metaspace       used 82807K, committed 84672K, reserved 1179648K
  class space    used 11562K, committed 12480K, reserved 1048576K
}
Event: 34.732 GC heap after
{Heap after GC invocations=43 (full 0):
 garbage-first heap   total 134144K, used 74876K [0x0000000080000000, 0x0000000100000000)
  region size 1024K, 7 young (7168K), 7 survivors (7168K)
 Metaspace       used 82807K, committed 84672K, reserved 1179648K
  class space    used 11562K, committed 12480K, reserved 1048576K
}
Event: 36.643 GC heap before
{Heap before GC invocations=43 (full 0):
 garbage-first heap   total 134144K, used 123004K [0x0000000080000000, 0x0000000100000000)
  region size 1024K, 54 young (55296K), 7 survivors (7168K)
 Metaspace       used 86094K, committed 87872K, reserved 1179648K
  class space    used 11992K, committed 12864K, reserved 1048576K
}
Event: 36.692 GC heap after
{Heap after GC invocations=44 (full 0):
 garbage-first heap   total 161792K, used 77516K [0x0000000080000000, 0x0000000100000000)
  region size 1024K, 3 young (3072K), 3 survivors (3072K)
 Metaspace       used 86094K, committed 87872K, reserved 1179648K
  class space    used 11992K, committed 12864K, reserved 1048576K
}
Event: 40.403 GC heap before
{Heap before GC invocations=45 (full 0):
 garbage-first heap   total 161792K, used 147148K [0x0000000080000000, 0x0000000100000000)
  region size 1024K, 71 young (72704K), 3 survivors (3072K)
 Metaspace       used 90565K, committed 92480K, reserved 1179648K
  class space    used 12630K, committed 13568K, reserved 1048576K
}
Event: 40.444 GC heap after
{Heap after GC invocations=46 (full 0):
 garbage-first heap   total 161792K, used 80010K [0x0000000080000000, 0x0000000100000000)
  region size 1024K, 5 young (5120K), 5 survivors (5120K)
 Metaspace       used 90565K, committed 92480K, reserved 1179648K
  class space    used 12630K, committed 13568K, reserved 1048576K
}
Event: 43.682 GC heap before
{Heap before GC invocations=46 (full 0):
 garbage-first heap   total 161792K, used 147594K [0x0000000080000000, 0x0000000100000000)
  region size 1024K, 71 young (72704K), 5 survivors (5120K)
 Metaspace       used 95262K, committed 97216K, reserved 1179648K
  class space    used 13450K, committed 14400K, reserved 1048576K
}
Event: 43.729 GC heap after
{Heap after GC invocations=47 (full 0):
 garbage-first heap   total 161792K, used 81978K [0x0000000080000000, 0x0000000100000000)
  region size 1024K, 6 young (6144K), 6 survivors (6144K)
 Metaspace       used 95262K, committed 97216K, reserved 1179648K
  class space    used 13450K, committed 14400K, reserved 1048576K
}
Event: 46.919 GC heap before
{Heap before GC invocations=47 (full 0):
 garbage-first heap   total 161792K, used 148538K [0x0000000080000000, 0x0000000100000000)
  region size 1024K, 71 young (72704K), 6 survivors (6144K)
 Metaspace       used 99987K, committed 101952K, reserved 1179648K
  class space    used 14156K, committed 15104K, reserved 1048576K
}
Event: 46.998 GC heap after
{Heap after GC invocations=48 (full 0):
 garbage-first heap   total 161792K, used 85355K [0x0000000080000000, 0x0000000100000000)
  region size 1024K, 6 young (6144K), 6 survivors (6144K)
 Metaspace       used 99987K, committed 101952K, reserved 1179648K
  class space    used 14156K, committed 15104K, reserved 1048576K
}
Event: 50.472 GC heap before
{Heap before GC invocations=49 (full 0):
 garbage-first heap   total 161792K, used 150891K [0x0000000080000000, 0x0000000100000000)
  region size 1024K, 70 young (71680K), 6 survivors (6144K)
 Metaspace       used 105145K, committed 107264K, reserved 1179648K
  class space    used 14933K, committed 16000K, reserved 1048576K
}
Event: 50.539 GC heap after
{Heap after GC invocations=50 (full 0):
 garbage-first heap   total 161792K, used 88064K [0x0000000080000000, 0x0000000100000000)
  region size 1024K, 6 young (6144K), 6 survivors (6144K)
 Metaspace       used 105145K, committed 107264K, reserved 1179648K
  class space    used 14933K, committed 16000K, reserved 1048576K
}
Event: 53.193 GC heap before
{Heap before GC invocations=50 (full 0):
 garbage-first heap   total 161792K, used 150528K [0x0000000080000000, 0x0000000100000000)
  region size 1024K, 68 young (69632K), 6 survivors (6144K)
 Metaspace       used 109482K, committed 111552K, reserved 1179648K
  class space    used 15387K, committed 16384K, reserved 1048576K
}
Event: 53.272 GC heap after
{Heap after GC invocations=51 (full 0):
 garbage-first heap   total 164864K, used 93478K [0x0000000080000000, 0x0000000100000000)
  region size 1024K, 9 young (9216K), 9 survivors (9216K)
 Metaspace       used 109482K, committed 111552K, reserved 1179648K
  class space    used 15387K, committed 16384K, reserved 1048576K
}
Event: 53.804 GC heap before
{Heap before GC invocations=51 (full 0):
 garbage-first heap   total 164864K, used 98598K [0x0000000080000000, 0x0000000100000000)
  region size 1024K, 16 young (16384K), 9 survivors (9216K)
 Metaspace       used 109863K, committed 112000K, reserved 1179648K
  class space    used 15421K, committed 16448K, reserved 1048576K
}
Event: 53.835 GC heap after
{Heap after GC invocations=52 (full 0):
 garbage-first heap   total 198656K, used 95746K [0x0000000080000000, 0x0000000100000000)
  region size 1024K, 3 young (3072K), 3 survivors (3072K)
 Metaspace       used 109863K, committed 112000K, reserved 1179648K
  class space    used 15421K, committed 16448K, reserved 1048576K
}
Event: 59.173 GC heap before
{Heap before GC invocations=53 (full 0):
 garbage-first heap   total 198656K, used 161282K [0x0000000080000000, 0x0000000100000000)
  region size 1024K, 63 young (64512K), 3 survivors (3072K)
 Metaspace       used 113388K, committed 115520K, reserved 1179648K
  class space    used 15867K, committed 16896K, reserved 1048576K
}
Event: 59.312 GC heap after
{Heap after GC invocations=54 (full 0):
 garbage-first heap   total 198656K, used 98439K [0x0000000080000000, 0x0000000100000000)
  region size 1024K, 6 young (6144K), 6 survivors (6144K)
 Metaspace       used 113388K, committed 115520K, reserved 1179648K
  class space    used 15867K, committed 16896K, reserved 1048576K
}
Event: 61.878 GC heap before
{Heap before GC invocations=54 (full 0):
 garbage-first heap   total 198656K, used 160903K [0x0000000080000000, 0x0000000100000000)
  region size 1024K, 68 young (69632K), 6 survivors (6144K)
 Metaspace       used 113400K, committed 115520K, reserved 1179648K
  class space    used 15867K, committed 16896K, reserved 1048576K
}
Event: 61.949 GC heap after
{Heap after GC invocations=55 (full 0):
 garbage-first heap   total 198656K, used 99835K [0x0000000080000000, 0x0000000100000000)
  region size 1024K, 6 young (6144K), 6 survivors (6144K)
 Metaspace       used 113400K, committed 115520K, reserved 1179648K
  class space    used 15867K, committed 16896K, reserved 1048576K
}

Dll operation events (3 events):
Event: 0.023 Loaded shared library C:\Program Files\Android\Android Studio\jbr\bin\java.dll
Event: 0.032 Loaded shared library C:\Program Files\Android\Android Studio\jbr\bin\zip.dll
Event: 1.491 Loaded shared library C:\Program Files\Android\Android Studio\jbr\bin\verify.dll

Deoptimization events (20 events):
Event: 61.320 Thread 0x000001d61cb0f440 DEOPT PACKING pc=0x000001d60b18de78 sp=0x00000071cbffd8d0
Event: 61.320 Thread 0x000001d61cb0f440 DEOPT UNPACKING pc=0x000001d60a627aa2 sp=0x00000071cbffd700 mode 2
Event: 61.321 Thread 0x000001d61cb0f440 Uncommon trap: trap_request=0xffffff45 fr.pc=0x000001d60acfae4c relative=0x000000000000024c
Event: 61.321 Thread 0x000001d61cb0f440 Uncommon trap: reason=unstable_if action=reinterpret pc=0x000001d60acfae4c method=org.gradle.internal.snapshot.PathUtil.equalChars(CCLorg/gradle/internal/snapshot/CaseSensitivity;)Z @ 11 c2
Event: 61.321 Thread 0x000001d61cb0f440 DEOPT PACKING pc=0x000001d60acfae4c sp=0x00000071cbffb9f0
Event: 61.321 Thread 0x000001d61cb10e80 Uncommon trap: trap_request=0xffffffd6 fr.pc=0x000001d60b18298c relative=0x000000000000082c
Event: 61.321 Thread 0x000001d61cb10e80 Uncommon trap: reason=array_check action=maybe_recompile pc=0x000001d60b18298c method=java.util.TimSort.reverseRange([Ljava/lang/Object;II)V @ 27 c2
Event: 61.321 Thread 0x000001d61cb10e80 DEOPT PACKING pc=0x000001d60b18298c sp=0x00000071cbbf9fd0
Event: 61.321 Thread 0x000001d61cb0f440 DEOPT UNPACKING pc=0x000001d60a627aa2 sp=0x00000071cbffb978 mode 2
Event: 61.321 Thread 0x000001d61cb10e80 DEOPT UNPACKING pc=0x000001d60a627aa2 sp=0x00000071cbbf9f20 mode 2
Event: 61.763 Thread 0x000001d61cb0f440 Uncommon trap: trap_request=0xfffffff4 fr.pc=0x000001d60b193120 relative=0x0000000000000100
Event: 61.763 Thread 0x000001d61cb0f440 Uncommon trap: reason=null_check action=make_not_entrant pc=0x000001d60b193120 method=org.gradle.tooling.internal.provider.runner.ClientBuildEventGenerator$Disabled.accept(Lorg/gradle/internal/operations/BuildOperationDescriptor;)Lorg/gradle/tooling/inter
Event: 61.763 Thread 0x000001d61cb0f440 DEOPT PACKING pc=0x000001d60b193120 sp=0x00000071cbffe240
Event: 61.763 Thread 0x000001d61cb0f440 DEOPT UNPACKING pc=0x000001d60a627aa2 sp=0x00000071cbffe1c8 mode 2
Event: 61.967 Thread 0x000001d61cb0f440 DEOPT PACKING pc=0x000001d603efdfac sp=0x00000071cbffcec0
Event: 61.969 Thread 0x000001d61cb0f440 DEOPT UNPACKING pc=0x000001d60a6285e2 sp=0x00000071cbffc350 mode 0
Event: 62.788 Thread 0x000001d6204d7570 Uncommon trap: trap_request=0xffffff45 fr.pc=0x000001d60ad53990 relative=0x0000000000000170
Event: 62.788 Thread 0x000001d6204d7570 Uncommon trap: reason=unstable_if action=reinterpret pc=0x000001d60ad53990 method=java.util.concurrent.locks.ReentrantLock$Sync.tryLock()Z @ 34 c2
Event: 62.788 Thread 0x000001d6204d7570 DEOPT PACKING pc=0x000001d60ad53990 sp=0x00000071cc0fe6a0
Event: 62.788 Thread 0x000001d6204d7570 DEOPT UNPACKING pc=0x000001d60a627aa2 sp=0x00000071cc0fe640 mode 2

Classes loaded (20 events):
Event: 55.435 Loading class java/util/stream/ReferencePipeline$4
Event: 55.436 Loading class java/util/stream/IntPipeline$StatelessOp
Event: 55.438 Loading class java/util/stream/IntPipeline$StatelessOp done
Event: 55.438 Loading class java/util/stream/ReferencePipeline$4 done
Event: 55.439 Loading class java/util/stream/ReduceOps$6
Event: 55.439 Loading class java/util/stream/ReduceOps$6 done
Event: 55.439 Loading class java/util/stream/ReduceOps$5ReducingSink
Event: 55.440 Loading class java/util/stream/ReduceOps$5ReducingSink done
Event: 55.440 Loading class java/util/stream/ReferencePipeline$4$1
Event: 55.441 Loading class java/util/stream/ReferencePipeline$4$1 done
Event: 55.883 Loading class java/io/CharArrayWriter
Event: 55.884 Loading class java/io/CharArrayWriter done
Event: 55.900 Loading class java/io/SequenceInputStream
Event: 55.901 Loading class java/io/SequenceInputStream done
Event: 55.942 Loading class java/util/function/IntUnaryOperator
Event: 55.943 Loading class java/util/function/IntUnaryOperator done
Event: 56.157 Loading class java/util/Collections$ReverseComparator
Event: 56.158 Loading class java/util/Collections$ReverseComparator done
Event: 56.158 Loading class java/util/Collections$ReverseComparator2
Event: 56.158 Loading class java/util/Collections$ReverseComparator2 done

Classes unloaded (0 events):
No events

Classes redefined (0 events):
No events

Internal exceptions (20 events):
Event: 62.886 Thread 0x000001d61cb10e80 Exception <a 'sun/nio/fs/WindowsException'{0x000000008aaabc08}> (0x000000008aaabc08) 
thrown [s\src\hotspot\share\prims\jni.cpp, line 537]
Event: 62.912 Thread 0x000001d61cb0f440 Exception <a 'sun/nio/fs/WindowsException'{0x000000008a9e1738}> (0x000000008a9e1738) 
thrown [s\src\hotspot\share\prims\jni.cpp, line 537]
Event: 62.945 Thread 0x000001d61cb0f440 Exception <a 'sun/nio/fs/WindowsException'{0x000000008a60a6c8}> (0x000000008a60a6c8) 
thrown [s\src\hotspot\share\prims\jni.cpp, line 537]
Event: 62.956 Thread 0x000001d61cb10e80 Exception <a 'sun/nio/fs/WindowsException'{0x000000008a65c538}> (0x000000008a65c538) 
thrown [s\src\hotspot\share\prims\jni.cpp, line 537]
Event: 62.965 Thread 0x000001d6204d9640 Exception <a 'sun/nio/fs/WindowsException'{0x000000008a554998}> (0x000000008a554998) 
thrown [s\src\hotspot\share\prims\jni.cpp, line 537]
Event: 62.985 Thread 0x000001d6204d7570 Exception <a 'sun/nio/fs/WindowsException'{0x000000008a321688}> (0x000000008a321688) 
thrown [s\src\hotspot\share\prims\jni.cpp, line 537]
Event: 62.986 Thread 0x000001d61cb0f440 Exception <a 'sun/nio/fs/WindowsException'{0x000000008a20f1e8}> (0x000000008a20f1e8) 
thrown [s\src\hotspot\share\prims\jni.cpp, line 537]
Event: 62.990 Thread 0x000001d61cb10e80 Exception <a 'sun/nio/fs/WindowsException'{0x000000008a2ac2c8}> (0x000000008a2ac2c8) 
thrown [s\src\hotspot\share\prims\jni.cpp, line 537]
Event: 63.019 Thread 0x000001d61cb0f440 Exception <a 'sun/nio/fs/WindowsException'{0x000000008a006920}> (0x000000008a006920) 
thrown [s\src\hotspot\share\prims\jni.cpp, line 537]
Event: 63.069 Thread 0x000001d6204d7570 Exception <a 'sun/nio/fs/WindowsException'{0x0000000089ff8d18}> (0x0000000089ff8d18) 
thrown [s\src\hotspot\share\prims\jni.cpp, line 537]
Event: 63.069 Thread 0x000001d61cb10e80 Exception <a 'sun/nio/fs/WindowsException'{0x0000000089e1bc18}> (0x0000000089e1bc18) 
thrown [s\src\hotspot\share\prims\jni.cpp, line 537]
Event: 63.078 Thread 0x000001d61cb0f440 Exception <a 'sun/nio/fs/WindowsException'{0x0000000089d84fd8}> (0x0000000089d84fd8) 
thrown [s\src\hotspot\share\prims\jni.cpp, line 537]
Event: 63.102 Thread 0x000001d6204d7570 Exception <a 'sun/nio/fs/WindowsException'{0x0000000089b11298}> (0x0000000089b11298) 
thrown [s\src\hotspot\share\prims\jni.cpp, line 537]
Event: 63.123 Thread 0x000001d61cb0f440 Exception <a 'sun/nio/fs/WindowsException'{0x0000000089acd778}> (0x0000000089acd778) 
thrown [s\src\hotspot\share\prims\jni.cpp, line 537]
Event: 63.134 Thread 0x000001d6204d7570 Exception <a 'sun/nio/fs/WindowsException'{0x0000000089817cb8}> (0x0000000089817cb8) 
thrown [s\src\hotspot\share\prims\jni.cpp, line 537]
Event: 63.139 Thread 0x000001d61cb10e80 Exception <a 'sun/nio/fs/WindowsException'{0x0000000089a0f158}> (0x0000000089a0f158) 
thrown [s\src\hotspot\share\prims\jni.cpp, line 537]
Event: 63.155 Thread 0x000001d61cb0f440 Exception <a 'sun/nio/fs/WindowsException'{0x000000008971ea00}> (0x000000008971ea00) 
thrown [s\src\hotspot\share\prims\jni.cpp, line 537]
Event: 63.183 Thread 0x000001d6204d9640 Exception <a 'sun/nio/fs/WindowsException'{0x00000000896a2928}> (0x00000000896a2928) 
thrown [s\src\hotspot\share\prims\jni.cpp, line 537]
Event: 63.186 Thread 0x000001d61cb10e80 Exception <a 'sun/nio/fs/WindowsException'{0x000000008956dc98}> (0x000000008956dc98) 
thrown [s\src\hotspot\share\prims\jni.cpp, line 537]
Event: 63.196 Thread 0x000001d6204d7570 Exception <a 'sun/nio/fs/WindowsException'{0x00000000894c38e0}> (0x00000000894c38e0) 
thrown [s\src\hotspot\share\prims\jni.cpp, line 537]

ZGC Phase Switch (0 events):
No events

VM Operations (20 events):
Event: 55.981 Executing VM operation: ICBufferFull
Event: 55.981 Executing VM operation: ICBufferFull done
Event: 56.986 Executing VM operation: Cleanup
Event: 56.986 Executing VM operation: Cleanup done
Event: 57.810 Executing VM operation: ICBufferFull
Event: 57.920 Executing VM operation: ICBufferFull done
Event: 58.934 Executing VM operation: Cleanup
Event: 58.934 Executing VM operation: Cleanup done
Event: 59.170 Executing VM operation: G1CollectForAllocation (G1 Evacuation Pause)
Event: 59.312 Executing VM operation: G1CollectForAllocation (G1 Evacuation Pause) done
Event: 60.268 Executing VM operation: HandshakeAllThreads (HandshakeForDeflation)
Event: 60.268 Executing VM operation: HandshakeAllThreads (HandshakeForDeflation) done
Event: 60.268 Executing VM operation: RendezvousGCThreads
Event: 60.268 Executing VM operation: RendezvousGCThreads done
Event: 61.279 Executing VM operation: Cleanup
Event: 61.279 Executing VM operation: Cleanup done
Event: 61.877 Executing VM operation: G1CollectForAllocation (G1 Evacuation Pause)
Event: 61.949 Executing VM operation: G1CollectForAllocation (G1 Evacuation Pause) done
Event: 62.961 Executing VM operation: Cleanup
Event: 62.962 Executing VM operation: Cleanup done

Memory protections (0 events):
No events

Nmethod flushes (20 events):
Event: 54.854 Thread 0x000001d616844d50 flushing  nmethod 0x000001d603bb6410
Event: 54.854 Thread 0x000001d616844d50 flushing  nmethod 0x000001d603c3f790
Event: 54.854 Thread 0x000001d616844d50 flushing  nmethod 0x000001d603cb6d90
Event: 54.854 Thread 0x000001d616844d50 flushing  nmethod 0x000001d603cd2d10
Event: 54.854 Thread 0x000001d616844d50 flushing  nmethod 0x000001d603cf0390
Event: 54.854 Thread 0x000001d616844d50 flushing  nmethod 0x000001d603dec110
Event: 54.854 Thread 0x000001d616844d50 flushing  nmethod 0x000001d603deda10
Event: 54.854 Thread 0x000001d616844d50 flushing  nmethod 0x000001d603e16610
Event: 54.854 Thread 0x000001d616844d50 flushing  nmethod 0x000001d603e17b10
Event: 54.854 Thread 0x000001d616844d50 flushing  nmethod 0x000001d603e31d90
Event: 54.854 Thread 0x000001d616844d50 flushing  nmethod 0x000001d603ec1490
Event: 54.854 Thread 0x000001d616844d50 flushing  nmethod 0x000001d603ef4910
Event: 54.854 Thread 0x000001d616844d50 flushing  nmethod 0x000001d603ef6b90
Event: 54.854 Thread 0x000001d616844d50 flushing  nmethod 0x000001d603efa890
Event: 54.854 Thread 0x000001d616844d50 flushing  nmethod 0x000001d603f1ac90
Event: 54.854 Thread 0x000001d616844d50 flushing  nmethod 0x000001d603fc8610
Event: 54.854 Thread 0x000001d616844d50 flushing  nmethod 0x000001d603fec810
Event: 54.854 Thread 0x000001d616844d50 flushing  nmethod 0x000001d60405cd10
Event: 54.854 Thread 0x000001d616844d50 flushing  nmethod 0x000001d60405d510
Event: 54.854 Thread 0x000001d616844d50 flushing  nmethod 0x000001d604153790

Events (20 events):
Event: 13.587 Thread 0x000001d61d5a2030 Thread added: 0x000001d61c02f660
Event: 13.587 Thread 0x000001d61d5a2030 Thread added: 0x000001d61c0310a0
Event: 13.824 Thread 0x000001d61d5a2030 Thread added: 0x000001d61c030a10
Event: 13.826 Thread 0x000001d61d5a2030 Thread added: 0x000001d61fab3cc0
Event: 13.840 Thread 0x000001d61d5a2030 Thread added: 0x000001d61fab1560
Event: 15.353 Thread 0x000001d61d5a2030 Thread added: 0x000001d61fab2910
Event: 15.354 Thread 0x000001d61d5a2030 Thread added: 0x000001d61fab1bf0
Event: 15.355 Thread 0x000001d61d5a2030 Thread added: 0x000001d61fab4350
Event: 29.204 Thread 0x000001d61d5a2030 Thread added: 0x000001d61fab2fa0
Event: 32.103 Thread 0x000001d61d5a2030 Thread added: 0x000001d61fab3630
Event: 54.019 Thread 0x000001d61d5a2030 Thread added: 0x000001d61cb12f50
Event: 54.027 Thread 0x000001d61d5a2030 Thread added: 0x000001d61cb107f0
Event: 54.076 Thread 0x000001d61d5a2030 Thread added: 0x000001d61cb12230
Event: 54.132 Thread 0x000001d61cb12230 Thread added: 0x000001d61cb10e80
Event: 54.132 Thread 0x000001d61cb12230 Thread added: 0x000001d61cb14300
Event: 54.133 Thread 0x000001d61cb12230 Thread added: 0x000001d61cb0e720
Event: 54.251 Thread 0x000001d61cb10e80 Thread added: 0x000001d61cb0edb0
Event: 57.745 Thread 0x000001d61cb10e80 Thread added: 0x000001d61cb0f440
Event: 57.746 Thread 0x000001d61cb10e80 Thread added: 0x000001d6204d7570
Event: 57.746 Thread 0x000001d61cb10e80 Thread added: 0x000001d6204d9640


Dynamic libraries:
0x00007ff6004f0000 - 0x00007ff6004fa000 	C:\Program Files\Android\Android Studio\jbr\bin\java.exe
0x00007ffbe3470000 - 0x00007ffbe3668000 	C:\Windows\SYSTEM32\ntdll.dll
0x00007ffbe29e0000 - 0x00007ffbe2aa2000 	C:\Windows\System32\KERNEL32.DLL
0x00007ffbe0c80000 - 0x00007ffbe0f76000 	C:\Windows\System32\KERNELBASE.dll
0x00007ffbe0f80000 - 0x00007ffbe1080000 	C:\Windows\System32\ucrtbase.dll
0x00007ffbda100000 - 0x00007ffbda11b000 	C:\Program Files\Android\Android Studio\jbr\bin\VCRUNTIME140.dll
0x00007ffbd0070000 - 0x00007ffbd0088000 	C:\Program Files\Android\Android Studio\jbr\bin\jli.dll
0x00007ffbe2ab0000 - 0x00007ffbe2c51000 	C:\Windows\System32\USER32.dll
0x00007ffbce3d0000 - 0x00007ffbce66b000 	C:\Windows\WinSxS\amd64_microsoft.windows.common-controls_6595b64144ccf1df_6.0.19041.6456_none_60b8a6cb71f64256\COMCTL32.dll
0x00007ffbe2fb0000 - 0x00007ffbe304e000 	C:\Windows\System32\msvcrt.dll
0x00007ffbe1220000 - 0x00007ffbe1242000 	C:\Windows\System32\win32u.dll
0x00007ffbe1490000 - 0x00007ffbe14bb000 	C:\Windows\System32\GDI32.dll
0x00007ffbe1100000 - 0x00007ffbe1219000 	C:\Windows\System32\gdi32full.dll
0x00007ffbe0b90000 - 0x00007ffbe0c2d000 	C:\Windows\System32\msvcp_win.dll
0x00007ffbe31a0000 - 0x00007ffbe31cf000 	C:\Windows\System32\IMM32.DLL
0x00007ffbda950000 - 0x00007ffbda95c000 	C:\Program Files\Android\Android Studio\jbr\bin\vcruntime140_1.dll
0x00007ffb94570000 - 0x00007ffb945fd000 	C:\Program Files\Android\Android Studio\jbr\bin\msvcp140.dll
0x00007ffb6d620000 - 0x00007ffb6e2b6000 	C:\Program Files\Android\Android Studio\jbr\bin\server\jvm.dll
0x00007ffbe14c0000 - 0x00007ffbe1571000 	C:\Windows\System32\ADVAPI32.dll
0x00007ffbe15a0000 - 0x00007ffbe163f000 	C:\Windows\System32\sechost.dll
0x00007ffbe17f0000 - 0x00007ffbe1910000 	C:\Windows\System32\RPCRT4.dll
0x00007ffbe13b0000 - 0x00007ffbe13d7000 	C:\Windows\System32\bcrypt.dll
0x00007ffbe2d40000 - 0x00007ffbe2dab000 	C:\Windows\System32\WS2_32.dll
0x00007ffbe0960000 - 0x00007ffbe09ab000 	C:\Windows\SYSTEM32\POWRPROF.dll
0x00007ffbc9c30000 - 0x00007ffbc9c57000 	C:\Windows\SYSTEM32\WINMM.dll
0x00007ffbd9910000 - 0x00007ffbd991a000 	C:\Windows\SYSTEM32\VERSION.dll
0x00007ffbe0940000 - 0x00007ffbe0952000 	C:\Windows\SYSTEM32\UMPDC.dll
0x00007ffbdf2d0000 - 0x00007ffbdf2e2000 	C:\Windows\SYSTEM32\kernel.appcore.dll
0x00007ffbd0160000 - 0x00007ffbd016a000 	C:\Program Files\Android\Android Studio\jbr\bin\jimage.dll
0x00007ffbde6a0000 - 0x00007ffbde8a1000 	C:\Windows\SYSTEM32\DBGHELP.DLL
0x00007ffbb3290000 - 0x00007ffbb32c4000 	C:\Windows\SYSTEM32\dbgcore.DLL
0x00007ffbe0b00000 - 0x00007ffbe0b82000 	C:\Windows\System32\bcryptPrimitives.dll
0x00007ffbb7320000 - 0x00007ffbb732e000 	C:\Program Files\Android\Android Studio\jbr\bin\instrument.dll
0x00007ffbcd950000 - 0x00007ffbcd970000 	C:\Program Files\Android\Android Studio\jbr\bin\java.dll
0x00007ffbcd930000 - 0x00007ffbcd948000 	C:\Program Files\Android\Android Studio\jbr\bin\zip.dll
0x00007ffbe1da0000 - 0x00007ffbe2510000 	C:\Windows\System32\SHELL32.dll
0x00007ffbdeb10000 - 0x00007ffbdf2b5000 	C:\Windows\SYSTEM32\windows.storage.dll
0x00007ffbe1910000 - 0x00007ffbe1c64000 	C:\Windows\System32\combase.dll
0x00007ffbe0450000 - 0x00007ffbe047b000 	C:\Windows\SYSTEM32\Wldp.dll
0x00007ffbe2e30000 - 0x00007ffbe2efd000 	C:\Windows\System32\OLEAUT32.dll
0x00007ffbe2f00000 - 0x00007ffbe2fad000 	C:\Windows\System32\SHCORE.dll
0x00007ffbe32f0000 - 0x00007ffbe334b000 	C:\Windows\System32\shlwapi.dll
0x00007ffbe0a30000 - 0x00007ffbe0a54000 	C:\Windows\SYSTEM32\profapi.dll
0x00007ffbcd7e0000 - 0x00007ffbcd7f0000 	C:\Program Files\Android\Android Studio\jbr\bin\net.dll
0x00007ffbd5a40000 - 0x00007ffbd5b4a000 	C:\Windows\SYSTEM32\WINHTTP.dll
0x00007ffbe0160000 - 0x00007ffbe01ca000 	C:\Windows\system32\mswsock.dll
0x00007ffbb81c0000 - 0x00007ffbb81d6000 	C:\Program Files\Android\Android Studio\jbr\bin\nio.dll
0x00007ffbb7330000 - 0x00007ffbb7340000 	C:\Program Files\Android\Android Studio\jbr\bin\verify.dll
0x00007ffbb92f0000 - 0x00007ffbb9317000 	C:\Users\DELL\.gradle\native\660c5614fbf4a5f2a75b1949f50a0caf5cd603558e7d8a26e50b933a0cfb79d1\windows-amd64\native-platform.dll
0x00007ffba5190000 - 0x00007ffba5207000 	C:\Users\DELL\.gradle\native\0.2.8\x86_64-windows-gnu\gradle-fileevents.dll
0x00007ffbb81b0000 - 0x00007ffbb81b9000 	C:\Program Files\Android\Android Studio\jbr\bin\management.dll
0x00007ffbb81a0000 - 0x00007ffbb81ab000 	C:\Program Files\Android\Android Studio\jbr\bin\management_ext.dll
0x00007ffbe1590000 - 0x00007ffbe1598000 	C:\Windows\System32\PSAPI.DLL
0x00007ffbdfe50000 - 0x00007ffbdfe8b000 	C:\Windows\SYSTEM32\IPHLPAPI.DLL
0x00007ffbe1580000 - 0x00007ffbe1588000 	C:\Windows\System32\NSI.dll
0x00007ffbb7400000 - 0x00007ffbb7409000 	C:\Program Files\Android\Android Studio\jbr\bin\extnet.dll
0x00007ffbe0310000 - 0x00007ffbe0328000 	C:\Windows\SYSTEM32\CRYPTSP.dll
0x00007ffbdfa90000 - 0x00007ffbdfac8000 	C:\Windows\system32\rsaenh.dll
0x00007ffbe09b0000 - 0x00007ffbe09de000 	C:\Windows\SYSTEM32\USERENV.dll
0x00007ffbe0330000 - 0x00007ffbe033c000 	C:\Windows\SYSTEM32\CRYPTBASE.dll
0x00007ffbda170000 - 0x00007ffbda177000 	C:\Windows\system32\wshunix.dll

JVMTI agents:
C:\Users\DELL\.gradle\wrapper\dists\gradle-9.3.1-bin\23ovyewtku6u96viwx3xl3oks\gradle-9.3.1\lib\agents\gradle-instrumentation-agent-9.3.1.jar path:C:\Program Files\Android\Android Studio\jbr\bin\instrument.dll, loaded, initialized, instrumentlib options:none

dbghelp: loaded successfully - version: 4.0.5 - missing functions: none
symbol engine: initialized successfully - sym options: 0x614 - pdb path: .;C:\Program Files\Android\Android Studio\jbr\bin;C:\Windows\SYSTEM32;C:\Windows\WinSxS\amd64_microsoft.windows.common-controls_6595b64144ccf1df_6.0.19041.6456_none_60b8a6cb71f64256;C:\Program Files\Android\Android Studio\jbr\bin\server;C:\Users\DELL\.gradle\native\660c5614fbf4a5f2a75b1949f50a0caf5cd603558e7d8a26e50b933a0cfb79d1\windows-amd64;C:\Users\DELL\.gradle\native\0.2.8\x86_64-windows-gnu

VM Arguments:
jvm_args: --add-opens=java.base/java.lang=ALL-UNNAMED --add-opens=java.base/java.lang.invoke=ALL-UNNAMED --add-opens=java.base/java.util=ALL-UNNAMED --add-opens=java.prefs/java.util.prefs=ALL-UNNAMED --add-exports=jdk.compiler/com.sun.tools.javac.api=ALL-UNNAMED --add-exports=jdk.compiler/com.sun.tools.javac.util=ALL-UNNAMED --add-opens=java.base/java.util=ALL-UNNAMED --add-opens=java.prefs/java.util.prefs=ALL-UNNAMED --add-opens=java.base/java.nio.charset=ALL-UNNAMED --add-opens=java.base/java.net=ALL-UNNAMED --add-opens=java.base/java.util.concurrent=ALL-UNNAMED --add-opens=java.base/java.util.concurrent.atomic=ALL-UNNAMED --add-opens=java.xml/javax.xml.namespace=ALL-UNNAMED --add-opens=java.base/java.time=ALL-UNNAMED -Xmx2048m -Dfile.encoding=UTF-8 -Duser.country=IN -Duser.language=en -Duser.variant -javaagent:C:\Users\DELL\.gradle\wrapper\dists\gradle-9.3.1-bin\23ovyewtku6u96viwx3xl3oks\gradle-9.3.1\lib\agents\gradle-instrumentation-agent-9.3.1.jar 
java_command: org.gradle.launcher.daemon.bootstrap.GradleDaemon 9.3.1
java_class_path (initial): C:\Users\DELL\.gradle\wrapper\dists\gradle-9.3.1-bin\23ovyewtku6u96viwx3xl3oks\gradle-9.3.1\lib\gradle-daemon-main-9.3.1.jar
Launcher Type: SUN_STANDARD

[Global flags]
     intx CICompilerCount                          = 3                                         {product} {ergonomic}
     uint ConcGCThreads                            = 1                                         {product} {ergonomic}
     uint G1ConcRefinementThreads                  = 4                                         {product} {ergonomic}
   size_t G1HeapRegionSize                         = 1048576                                   {product} {ergonomic}
    uintx GCDrainStackTargetSize                   = 64                                        {product} {ergonomic}
   size_t InitialHeapSize                          = 65011712                                  {product} {ergonomic}
   size_t MarkStackSize                            = 4194304                                   {product} {ergonomic}
   size_t MaxHeapSize                              = 2147483648                                {product} {command line}
   size_t MaxNewSize                               = 1287651328                                {product} {ergonomic}
   size_t MinHeapDeltaBytes                        = 1048576                                   {product} {ergonomic}
   size_t MinHeapSize                              = 8388608                                   {product} {ergonomic}
    uintx NonNMethodCodeHeapSize                   = 5832780                                {pd product} {ergonomic}
    uintx NonProfiledCodeHeapSize                  = 122912730                              {pd product} {ergonomic}
    uintx ProfiledCodeHeapSize                     = 122912730                              {pd product} {ergonomic}
    uintx ReservedCodeCacheSize                    = 251658240                              {pd product} {ergonomic}
     bool SegmentedCodeCache                       = true                                      {product} {ergonomic}
   size_t SoftMaxHeapSize                          = 2147483648                             {manageable} {ergonomic}
     bool UseCompressedOops                        = true                           {product lp64_product} {ergonomic}
     bool UseG1GC                                  = true                                      {product} {ergonomic}
     bool UseLargePagesIndividualAllocation        = false                                  {pd product} {ergonomic}

Logging:
Log output configuration:
 #0: stdout all=warning uptime,level,tags foldmultilines=false
 #1: stderr all=off uptime,level,tags foldmultilines=false

Release file:
JAVA_VERSION="21.0.9" 
MODULES="java.base java.compiler java.datatransfer java.xml java.prefs java.desktop java.instrument java.logging java.management java.security.sasl java.naming java.rmi java.management.rmi java.net.http java.scripting java.security.jgss java.transaction.xa java.sql java.sql.rowset java.xml.crypto java.se java.smartcardio jdk.accessibility jdk.internal.jvmstat jdk.attach jdk.charsets jdk.internal.opt jdk.zipfs jdk.compiler jdk.crypto.ec jdk.crypto.cryptoki jdk.dynalink jdk.hotspot.agent jdk.httpserver jdk.internal.ed jdk.internal.le jdk.internal.vm.ci jdk.jartool jdk.javadoc jdk.jcmd jdk.jdeps jdk.jdwp.agent jdk.jdi jdk.jfr jdk.jlink jdk.jsobject jdk.localedata jdk.management jdk.management.agent jdk.management.jfr jdk.naming.dns jdk.naming.rmi jdk.net jdk.sctp jdk.security.auth jdk.security.jgss jdk.unsupported jdk.unsupported.desktop jdk.xml.dom" 
IMPLEMENTOR="JetBrains s.r.o." 
JAVA_RUNTIME_VERSION="21.0.9+-14787801-b1163.94" 
LIBC="default" 
OS_ARCH="x86_64" 
OS_NAME="Windows" 
SOURCE=".:git:0c757ddc9f2f" 

Environment Variables:
JAVA_HOME=C:\Program Files\Android\Android Studio\jbr
PATH=C:\Program Files\OpenLogic\jdk-22.0.2.9-hotspot\bin;C:\Windows\system32;C:\Windows;C:\Windows\System32\Wbem;C:\Windows\System32\WindowsPowerShell\v1.0\;C:\Windows\System32\OpenSSH\;C:\Program Files\dotnet\;C:\MinGW\bin;C:\Program Files\Git\cmd;C:\Users\DELL\AppData\Roaming\nvm;C:\Program Files\nodejs;C:\ProgramData\chocolatey\bin;C:\Program Files\nodejs\;C:\Users\DELL\AppData\Local\Programs\Python\Python313\Scripts;C:\Users\DELL\AppData\Local\Programs\Python\Python313\;C:\platform-tools;C:\MinGW\bin;C:\MinGW\bin;C:\Program Files\MySQL\MySQL Server 8.0\bin;C:\Users\DELL\AppData\Local\Programs\Python\Python310\Scripts\;C:\Users\DELL\AppData\Local\Programs\Python\Python310\;C:\Users\DELL\AppData\Local\Programs\Python\Python313\Scripts\;C:\Users\DELL\AppData\Local\Programs\Python\Python313\;C:\Users\DELL\AppData\Local\Programs\Python\Launcher\;C:\Users\DELL\AppData\Local\Microsoft\WindowsApps;C:\Users\DELL\AppData\Local\Programs\Microsoft VS Code\bin;C:\Users\DELL\AppData\Roaming\nvm;C:\Program Files\nodejs;C:\Users\DELL\AppData\Roaming\npm;C:\Program Files\heroku\bin;C:\Users\DELL\.dotnet\tools;C:\Users\DELL\Downloads\x64;C:\Users\DELL\AppData\Local\Programs\Python\Python310\;C:\Users\DELL\AppData\Local\Programs\Antigravity\bin
USERNAME=DELL
OS=Windows_NT
PROCESSOR_IDENTIFIER=Intel64 Family 6 Model 126 Stepping 5, GenuineIntel
TMP=C:\Users\DELL\AppData\Local\Temp
TEMP=C:\Users\DELL\AppData\Local\Temp




Periodic native trim disabled

JNI global refs:
JNI global refs: 27, weak refs: 2

JNI global refs memory usage: 835, weak refs: 833

Process memory usage:
Resident Set Size: 196484K (4% of 3954772K total physical memory with 74068K free physical memory)

OOME stack traces (most recent first):
Classloader memory used:
Loader org.gradle.internal.classloader.VisitableURLClassLoader                         : 42080K
Loader org.gradle.internal.classloader.VisitableURLClassLoader$InstrumentingVisitableURLClassLoader: 31022K
Loader bootstrap                                                                       : 28051K
Loader org.gradle.initialization.MixInLegacyTypesClassLoader                           : 11453K
Loader jdk.internal.loader.ClassLoaders$AppClassLoader                                 : 231K
Loader org.gradle.internal.classloader.VisitableURLClassLoader                         : 209K
Loader jdk.internal.reflect.DelegatingClassLoader                                      : 183K
Loader jdk.internal.loader.ClassLoaders$PlatformClassLoader                            : 169K

Classes loaded by more than one classloader:
Class Program                                                                         : loaded 5 times (x 72B)
Class Build_gradle                                                                    : loaded 3 times (x 126B)
Class com.google.common.collect.RegularImmutableMap$KeySet                            : loaded 2 times (x 152B)
Class org.gradle.internal.classloader.FilteringClassLoader                            : loaded 2 times (x 105B)
Class com.google.common.base.CharMatcher$IsEither                                     : loaded 2 times (x 111B)
Class org.gradle.internal.classloader.ClassLoaderHierarchy                            : loaded 2 times (x 70B)
Class com.google.common.collect.ImmutableEnumSet                                      : loaded 2 times (x 146B)
Class com.google.common.util.concurrent.ExecutionError                                : loaded 2 times (x 82B)
Class com.google.common.collect.ImmutableList$1                                       : loaded 2 times (x 97B)
Class org.gradle.api.internal.classpath.ManifestUtil                                  : loaded 2 times (x 71B)
Class com.google.common.collect.RegularImmutableMap                                   : loaded 2 times (x 121B)
Class com.google.common.collect.ImmutableMap$MapViewOfValuesAsSingletonSets           : loaded 2 times (x 126B)
Class [Lorg.objectweb.asm.Symbol;                                                     : loaded 2 times (x 69B)
Class org.objectweb.asm.ClassVisitor                                                  : loaded 2 times (x 88B)
Class com.google.common.collect.UnmodifiableListIterator                              : loaded 2 times (x 95B)
Class com.google.common.base.Platform$JdkPatternCompiler                              : loaded 2 times (x 75B)
Class org.objectweb.asm.MethodTooLargeException                                       : loaded 2 times (x 83B)
Class [Lcom.google.common.cache.CacheBuilder$OneWeigher;                              : loaded 2 times (x 69B)
Class com.google.common.base.Suppliers                                                : loaded 2 times (x 71B)
Class org.gradle.internal.classloader.DefaultClassLoaderFactory                       : loaded 2 times (x 82B)
Class org.gradle.internal.classloader.ClassLoaderVisitor                              : loaded 2 times (x 76B)
Class [Lcom.google.common.collect.ImmutableMapEntry;                                  : loaded 2 times (x 69B)
Class org.gradle.api.internal.classpath.EffectiveClassPath                            : loaded 2 times (x 90B)
Class com.google.common.collect.ListMultimap                                          : loaded 2 times (x 70B)
Class com.google.common.collect.ImmutableEnumMap                                      : loaded 2 times (x 126B)
Class com.google.common.collect.Sets$1                                                : loaded 2 times (x 139B)
Class org.objectweb.asm.AnnotationVisitor                                             : loaded 2 times (x 78B)
Class org.gradle.api.internal.DefaultClassPathProvider                                : loaded 2 times (x 76B)
Class com.google.common.collect.Sets$2                                                : loaded 2 times (x 139B)
Class [Lorg.gradle.api.internal.ClassPathProvider;                                    : loaded 2 times (x 69B)
Class org.gradle.api.internal.ClassPathProvider                                       : loaded 2 times (x 70B)
Class [Lorg.objectweb.asm.AnnotationVisitor;                                          : loaded 2 times (x 69B)
Class com.google.common.collect.Sets$3                                                : loaded 2 times (x 139B)
Class com.google.common.cache.LocalCache$LocalLoadingCache                            : loaded 2 times (x 134B)
Class org.gradle.internal.service.UnknownServiceException                             : loaded 2 times (x 83B)
Class com.google.common.collect.Sets$4                                                : loaded 2 times (x 139B)
Class org.objectweb.asm.ModuleVisitor                                                 : loaded 2 times (x 81B)
Class com.google.common.cache.LocalCache$Strength$1                                   : loaded 2 times (x 81B)
Class com.google.common.util.concurrent.SettableFuture                                : loaded 2 times (x 114B)
Class com.google.common.cache.LocalCache$Strength$2                                   : loaded 2 times (x 81B)
Class com.google.common.cache.LocalCache$Strength$3                                   : loaded 2 times (x 81B)
Class com.google.common.collect.MapDifference                                         : loaded 2 times (x 70B)
Class org.objectweb.asm.FieldWriter                                                   : loaded 2 times (x 78B)
Class com.google.common.cache.CacheBuilder$NullListener                               : loaded 2 times (x 82B)
Class org.gradle.internal.classpath.TransformedClassPath                              : loaded 2 times (x 96B)
Class org.gradle.internal.classloader.InstrumentingClassLoader                        : loaded 2 times (x 70B)
Class com.google.common.cache.CacheLoader$FunctionToCacheLoader                       : loaded 2 times (x 75B)
Class com.google.common.collect.Iterators$ArrayItr                                    : loaded 2 times (x 97B)
Class com.google.common.collect.ImmutableCollection$Builder                           : loaded 2 times (x 76B)
Class com.google.common.base.Joiner                                                   : loaded 2 times (x 79B)
Class com.google.common.base.MoreObjects                                              : loaded 2 times (x 71B)
Class com.google.common.collect.Platform                                              : loaded 2 times (x 71B)
Class com.google.common.base.Equivalence$Identity                                     : loaded 2 times (x 82B)
Class com.google.common.collect.UnmodifiableIterator                                  : loaded 2 times (x 80B)
Class org.gradle.internal.service.ServiceLocator                                      : loaded 2 times (x 70B)
Class com.google.common.collect.SingletonImmutableBiMap                               : loaded 2 times (x 143B)
Class com.google.common.base.Ascii                                                    : loaded 2 times (x 71B)
Class com.google.common.cache.LocalCache$1                                            : loaded 2 times (x 89B)
Class com.google.common.collect.Iterators$SingletonIterator                           : loaded 2 times (x 81B)
Class com.google.common.collect.AbstractMapEntry                                      : loaded 2 times (x 81B)
Class com.google.common.collect.Sets$ImprovedAbstractSet                              : loaded 2 times (x 135B)
Class com.google.common.collect.ImmutableList$Builder                                 : loaded 2 times (x 77B)
Class com.google.common.collect.AbstractMultimap                                      : loaded 2 times (x 123B)
Class com.google.common.cache.LocalCache$2                                            : loaded 2 times (x 142B)
Class com.google.common.collect.RegularImmutableAsList                                : loaded 2 times (x 217B)
Class com.google.common.util.concurrent.AbstractFuture$Trusted                        : loaded 2 times (x 70B)
Class com.google.common.collect.Iterators                                             : loaded 2 times (x 71B)
Class com.google.common.collect.Lists$StringAsImmutableList                           : loaded 2 times (x 207B)
Class com.google.common.util.concurrent.UncheckedExecutionException                   : loaded 2 times (x 82B)
Class org.gradle.kotlin.dsl.VersionCatalogAccessorsKt                                 : loaded 2 times (x 71B)
Class com.google.common.collect.AbstractMapBasedMultimap$KeySet$1                     : loaded 2 times (x 82B)
Class org.objectweb.asm.ClassWriter                                                   : loaded 2 times (x 106B)
Class com.google.common.base.CharMatcher$And                                          : loaded 2 times (x 112B)
Class com.google.common.cache.CacheLoader$UnsupportedLoadingOperationException        : loaded 2 times (x 82B)
Class org.gradle.internal.classloader.ClasspathUtil$1                                 : loaded 2 times (x 76B)
Class com.google.common.base.Objects                                                  : loaded 2 times (x 71B)
Class org.objectweb.asm.FieldVisitor                                                  : loaded 2 times (x 77B)
Class com.google.common.collect.IndexedImmutableSet                                   : loaded 2 times (x 152B)
Class com.google.common.collect.ImmutableMap$1                                        : loaded 2 times (x 81B)
Class com.google.common.collect.BiMap                                                 : loaded 2 times (x 70B)
Class org.gradle.api.internal.classpath.DefaultModuleRegistry$DefaultModule           : loaded 2 times (x 86B)
Class com.google.common.primitives.Ints                                               : loaded 2 times (x 71B)
Class com.google.common.collect.AbstractIterator                                      : loaded 2 times (x 82B)
Class com.google.common.collect.ObjectArrays                                          : loaded 2 times (x 71B)
Class com.google.common.math.MathPreconditions                                        : loaded 2 times (x 71B)
Class com.google.common.collect.Multiset                                              : loaded 2 times (x 70B)
Class com.google.common.collect.ArrayListMultimapGwtSerializationDependencies         : loaded 2 times (x 172B)
Class com.google.common.collect.AbstractIndexedListIterator                           : loaded 2 times (x 96B)
Class com.google.common.collect.ImmutableMapEntrySet                                  : loaded 2 times (x 152B)
Class org.gradle.api.internal.classpath.Module                                        : loaded 2 times (x 70B)
Class com.google.common.cache.Weigher                                                 : loaded 2 times (x 70B)
Class org.gradle.api.internal.classpath.UnknownModuleException                        : loaded 2 times (x 82B)
Class com.google.common.base.Stopwatch                                                : loaded 2 times (x 72B)
Class com.google.common.cache.LocalCache$Strength                                     : loaded 2 times (x 81B)
Class com.google.common.cache.Cache                                                   : loaded 2 times (x 70B)
Class com.google.common.util.concurrent.AbstractFuture$Cancellation                   : loaded 2 times (x 72B)
Class com.google.common.collect.ImmutableMap$Builder                                  : loaded 2 times (x 82B)
Class com.google.common.cache.RemovalListener                                         : loaded 2 times (x 70B)
Class org.gradle.api.internal.DefaultClassPathRegistry                                : loaded 2 times (x 76B)
Class com.google.common.primitives.IntsMethodsForWeb                                  : loaded 2 times (x 71B)
Class com.google.common.collect.Multimap                                              : loaded 2 times (x 70B)
Class org.gradle.api.internal.ClassPathRegistry                                       : loaded 2 times (x 70B)
Class org.gradle.internal.classpath.DefaultClassPath$ImmutableUniqueList              : loaded 2 times (x 199B)
Class com.google.common.base.ExtraObjectsMethodsForWeb                                : loaded 2 times (x 71B)
Class [Lorg.objectweb.asm.Type;                                                       : loaded 2 times (x 69B)
Class com.google.common.cache.CacheBuilder                                            : loaded 2 times (x 72B)
Class com.google.common.collect.SingletonImmutableList                                : loaded 2 times (x 207B)
Class Settings_gradle$1                                                               : loaded 2 times (x 74B)
Class org.gradle.internal.classpath.ClassPath                                         : loaded 2 times (x 70B)
Class com.google.common.base.JdkPattern                                               : loaded 2 times (x 75B)
Class com.google.common.collect.ImmutableList$ReverseImmutableList                    : loaded 2 times (x 209B)
Class org.objectweb.asm.SymbolTable$Entry                                             : loaded 2 times (x 74B)
Class org.objectweb.asm.Edge                                                          : loaded 2 times (x 72B)
Class com.google.common.base.Suppliers$SupplierOfInstance                             : loaded 2 times (x 79B)
Class com.google.common.collect.Iterators$1                                           : loaded 2 times (x 81B)
Class com.google.common.cache.LocalCache$ComputingValueReference                      : loaded 2 times (x 96B)
Class com.google.common.collect.SingletonImmutableSet                                 : loaded 2 times (x 146B)
Class com.google.common.collect.ImmutableMap$IteratorBasedImmutableMap                : loaded 2 times (x 126B)
Class com.google.common.cache.LocalCache$Segment                                      : loaded 2 times (x 154B)
Class com.google.common.collect.AbstractListMultimap                                  : loaded 2 times (x 172B)
Class [Lorg.objectweb.asm.SymbolTable$Entry;                                          : loaded 2 times (x 69B)
Class com.google.common.cache.CacheLoader                                             : loaded 2 times (x 74B)
Class com.google.common.collect.Iterators$4                                           : loaded 2 times (x 82B)
Class com.google.common.collect.ImmutableBiMap                                        : loaded 2 times (x 143B)
Class org.gradle.api.internal.classpath.ModuleRegistry                                : loaded 2 times (x 70B)
Class org.gradle.internal.installation.GradleInstallation$1                           : loaded 2 times (x 75B)
Class com.google.common.collect.ImmutableSet$JdkBackedSetBuilderImpl                  : loaded 2 times (x 76B)
Class com.google.common.util.concurrent.internal.InternalFutureFailureAccess          : loaded 2 times (x 72B)
Class com.google.common.collect.Iterators$5                                           : loaded 2 times (x 82B)
Class com.google.common.base.CharMatcher$ForPredicate                                 : loaded 2 times (x 112B)
Class com.google.common.cache.LocalCache$LocalManualCache$1                           : loaded 2 times (x 75B)
Class com.google.common.base.CharMatcher$AnyOf                                        : loaded 2 times (x 112B)
Class com.google.common.collect.ImmutableCollection                                   : loaded 2 times (x 125B)
Class org.gradle.api.internal.classpath.DefaultModuleRegistry                         : loaded 2 times (x 86B)
Class com.google.common.collect.Lists                                                 : loaded 2 times (x 71B)
Class com.google.common.util.concurrent.ListenableFuture                              : loaded 2 times (x 70B)
Class com.google.common.cache.ReferenceEntry                                          : loaded 2 times (x 70B)
Class com.google.common.base.Converter                                                : loaded 2 times (x 90B)
Class com.google.common.collect.ImmutableSet$CachingAsList                            : loaded 2 times (x 148B)
Class com.google.common.collect.AbstractMapBasedMultimap                              : loaded 2 times (x 139B)
Class com.google.common.util.concurrent.AbstractFuture                                : loaded 2 times (x 106B)
Class com.google.common.base.FunctionalEquivalence                                    : loaded 2 times (x 83B)
Class com.google.common.collect.Iterators$9                                           : loaded 2 times (x 81B)
Class com.google.common.collect.ImmutableAsList                                       : loaded 2 times (x 209B)
Class org.objectweb.asm.RecordComponentVisitor                                        : loaded 2 times (x 77B)
Class com.google.common.cache.CacheLoader$SupplierToCacheLoader                       : loaded 2 times (x 75B)
Class org.gradle.internal.service.ServiceLookupException                              : loaded 2 times (x 82B)
Class [Lcom.google.common.cache.LocalCache$EntryFactory;                              : loaded 2 times (x 69B)
Class org.gradle.internal.classloader.ClassLoaderFactory                              : loaded 2 times (x 70B)
Class com.google.common.base.CommonPattern                                            : loaded 2 times (x 74B)
Class com.google.common.base.CharMatcher$IsNot                                        : loaded 2 times (x 111B)
Class com.google.common.cache.LocalCache$LocalManualCache                             : loaded 2 times (x 99B)
Class org.gradle.internal.service.CachingServiceLocator                               : loaded 2 times (x 82B)
Class com.google.common.collect.AbstractMapBasedMultimap$KeySet                       : loaded 2 times (x 137B)
Class com.google.common.math.IntMath                                                  : loaded 2 times (x 71B)
Class com.google.common.collect.ImmutableMapEntry                                     : loaded 2 times (x 85B)
Class com.google.common.base.Equivalence                                              : loaded 2 times (x 82B)
Class com.google.common.base.Function                                                 : loaded 2 times (x 70B)
Class com.google.common.collect.ImmutableMapEntry$NonTerminalImmutableMapEntry        : loaded 2 times (x 85B)
Class com.google.common.collect.IndexedImmutableSet$1                                 : loaded 2 times (x 213B)
Class com.google.common.cache.CacheBuilder$OneWeigher                                 : loaded 2 times (x 82B)
Class com.google.common.collect.RegularImmutableList                                  : loaded 2 times (x 213B)
Class org.gradle.internal.classloader.ClasspathUtil                                   : loaded 2 times (x 71B)
Class com.google.common.util.concurrent.Uninterruptibles                              : loaded 2 times (x 71B)
Class com.google.common.util.concurrent.LazyLogger                                    : loaded 2 times (x 72B)
Class com.google.common.collect.Maps                                                  : loaded 2 times (x 71B)
Class org.gradle.api.specs.Spec                                                       : loaded 2 times (x 70B)
Class [Lcom.google.common.collect.ImmutableEntry;                                     : loaded 2 times (x 69B)
Class com.google.common.cache.LocalCache$LoadingValueReference                        : loaded 2 times (x 96B)
Class com.google.common.base.Platform                                                 : loaded 2 times (x 71B)
Class [Lorg.objectweb.asm.AnnotationWriter;                                           : loaded 2 times (x 69B)
Class com.google.common.collect.Maps$8                                                : loaded 2 times (x 82B)
Class com.google.common.collect.Sets$SetView                                          : loaded 2 times (x 138B)
Class com.google.common.cache.LocalCache$StrongValueReference                         : loaded 2 times (x 90B)
Class org.objectweb.asm.Type                                                          : loaded 2 times (x 72B)
Class org.gradle.internal.classloader.VisitableURLClassLoader$InstrumentingVisitableURLClassLoader: loaded 2 times (x 123B)
Class com.google.common.math.IntMath$1                                                : loaded 2 times (x 71B)
Class org.objectweb.asm.ByteVector                                                    : loaded 2 times (x 79B)
Class [Lcom.google.common.cache.CacheBuilder$NullListener;                            : loaded 2 times (x 69B)
Class org.gradle.internal.classloader.VisitableURLClassLoader$Spec                    : loaded 2 times (x 74B)
Class org.gradle.internal.classpath.DefaultClassPath                                  : loaded 2 times (x 90B)
Class org.objectweb.asm.Symbol                                                        : loaded 2 times (x 73B)
Class com.google.common.base.CharMatcher$BitSetMatcher                                : loaded 2 times (x 112B)
Class com.google.common.collect.RegularImmutableMap$Values                            : loaded 2 times (x 207B)
Class com.google.common.collect.ImmutableSet                                          : loaded 2 times (x 145B)
Class org.gradle.internal.classloader.ClassLoaderSpec                                 : loaded 2 times (x 71B)
Class org.objectweb.asm.AnnotationWriter                                              : loaded 2 times (x 79B)
Class com.google.common.cache.CacheStats                                              : loaded 2 times (x 71B)
Class org.objectweb.asm.RecordComponentWriter                                         : loaded 2 times (x 78B)
Class com.google.common.util.concurrent.AbstractFuture$Listener                       : loaded 2 times (x 72B)
Class com.google.common.base.CharMatcher$Or                                           : loaded 2 times (x 112B)
Class Settings_gradle$1$1                                                             : loaded 2 times (x 74B)
Class org.objectweb.asm.Attribute                                                     : loaded 2 times (x 77B)
Class com.google.common.base.Supplier                                                 : loaded 2 times (x 70B)
Class org.gradle.internal.classloader.VisitableURLClassLoader                         : loaded 2 times (x 117B)
Class Settings_gradle                                                                 : loaded 2 times (x 124B)
Class org.gradle.internal.Cast                                                        : loaded 2 times (x 71B)
Class org.gradle.api.Action                                                           : loaded 2 times (x 70B)
Class com.google.common.base.Strings                                                  : loaded 2 times (x 71B)
Class com.google.common.collect.Sets                                                  : loaded 2 times (x 71B)
Class org.objectweb.asm.Handler                                                       : loaded 2 times (x 72B)
Class com.google.common.base.CharMatcher$FastMatcher                                  : loaded 2 times (x 111B)
Class com.google.common.base.Ticker                                                   : loaded 2 times (x 72B)
Class [Lcom.google.common.cache.LocalCache$Segment;                                   : loaded 2 times (x 69B)
Class com.google.common.base.Predicate                                                : loaded 2 times (x 70B)
Class [Lcom.google.common.cache.LocalCache$Strength;                                  : loaded 2 times (x 69B)
Class com.google.common.cache.CacheBuilder$1                                          : loaded 2 times (x 85B)
Class com.google.common.collect.ImmutableMap                                          : loaded 2 times (x 120B)
Class org.gradle.internal.classpath.DefaultClassPath$ImmutableUniqueList$Builder      : loaded 2 times (x 75B)
Class com.google.common.base.CharMatcher$NegatedFastMatcher                           : loaded 2 times (x 113B)
Class com.google.common.cache.LocalCache                                              : loaded 2 times (x 187B)
Class com.google.common.cache.CacheBuilder$2                                          : loaded 2 times (x 79B)
Class com.google.common.collect.ArrayListMultimap                                     : loaded 2 times (x 172B)
Class com.google.common.cache.CacheBuilder$3                                          : loaded 2 times (x 72B)
Class [Lcom.google.common.collect.AbstractMapEntry;                                   : loaded 2 times (x 69B)
Class com.google.common.collect.ImmutableEntry                                        : loaded 2 times (x 82B)
Class org.gradle.api.GradleException                                                  : loaded 2 times (x 82B)
Class com.google.common.collect.CollectPreconditions                                  : loaded 2 times (x 71B)
Class com.google.common.collect.SortedMapDifference                                   : loaded 2 times (x 70B)
Class com.google.common.cache.LocalCache$EntryFactory                                 : loaded 2 times (x 83B)
Class com.google.common.cache.LocalCache$AbstractReferenceEntry                       : loaded 2 times (x 107B)
Class org.gradle.internal.IoActions                                                   : loaded 2 times (x 71B)
Class org.objectweb.asm.SymbolTable                                                   : loaded 2 times (x 72B)
Class com.google.common.cache.CacheLoader$InvalidCacheLoadException                   : loaded 2 times (x 82B)
Class com.google.common.collect.ImmutableSet$RegularSetBuilderImpl                    : loaded 2 times (x 77B)
Class org.gradle.internal.classloader.SystemClassLoaderSpec                           : loaded 2 times (x 71B)
Class com.google.common.cache.LocalCache$StrongEntry                                  : loaded 2 times (x 108B)
Class com.google.common.util.concurrent.AbstractFuture$TrustedFuture                  : loaded 2 times (x 114B)
Class com.google.common.cache.LoadingCache                                            : loaded 2 times (x 70B)
Class org.objectweb.asm.MethodWriter                                                  : loaded 2 times (x 106B)
Class [Lcom.google.common.cache.Weigher;                                              : loaded 2 times (x 69B)
Class com.google.common.collect.RegularImmutableMap$BucketOverflowException           : loaded 2 times (x 82B)
Class com.google.common.collect.RegularImmutableBiMap                                 : loaded 2 times (x 149B)
Class com.google.common.base.CharMatcher$Negated                                      : loaded 2 times (x 113B)
Class com.google.common.base.CharMatcher$Is                                           : loaded 2 times (x 111B)
Class com.google.common.cache.LocalCache$ValueReference                               : loaded 2 times (x 70B)
Class com.google.common.base.PatternCompiler                                          : loaded 2 times (x 70B)
Class com.google.common.util.concurrent.AbstractFuture$Failure                        : loaded 2 times (x 72B)
Class com.google.common.base.Equivalence$Equals                                       : loaded 2 times (x 82B)
Class com.google.common.collect.Hashing                                               : loaded 2 times (x 71B)
Class com.google.common.base.Preconditions                                            : loaded 2 times (x 71B)
Class com.google.common.base.Joiner$1                                                 : loaded 2 times (x 80B)
Class org.objectweb.asm.Label                                                         : loaded 2 times (x 73B)
Class org.objectweb.asm.CurrentFrame                                                  : loaded 2 times (x 73B)
Class org.objectweb.asm.ClassTooLargeException                                        : loaded 2 times (x 83B)
Class com.google.common.base.CharMatcher                                              : loaded 2 times (x 111B)
Class com.google.common.collect.PeekingIterator                                       : loaded 2 times (x 70B)
Class com.google.common.collect.Maps$IteratorBasedAbstractMap                         : loaded 2 times (x 125B)
Class com.google.common.base.Joiner$2                                                 : loaded 2 times (x 79B)
Class org.objectweb.asm.Frame                                                         : loaded 2 times (x 73B)
Class org.objectweb.asm.MethodVisitor                                                 : loaded 2 times (x 105B)
Class com.google.common.base.CharMatcher$1                                            : loaded 2 times (x 113B)
Class com.google.common.base.CharMatcher$NamedFastMatcher                             : loaded 2 times (x 112B)
Class com.google.common.cache.LocalCache$EntryFactory$1                               : loaded 2 times (x 83B)
Class [Lcom.google.common.cache.RemovalListener;                                      : loaded 2 times (x 69B)
Class com.google.common.cache.LocalCache$EntryFactory$2                               : loaded 2 times (x 83B)
Class org.gradle.api.internal.classpath.GlobalCacheRootsProvider                      : loaded 2 times (x 70B)
Class org.objectweb.asm.ModuleWriter                                                  : loaded 2 times (x 82B)
Class com.google.common.cache.LocalCache$EntryFactory$3                               : loaded 2 times (x 83B)
Class com.google.common.base.Ticker$1                                                 : loaded 2 times (x 72B)
Class com.google.common.collect.Maps$BiMapConverter                                   : loaded 2 times (x 90B)
Class com.google.common.collect.ImmutableMapEntrySet$RegularEntrySet                  : loaded 2 times (x 152B)
Class com.google.common.collect.ImmutableSet$Builder                                  : loaded 2 times (x 85B)
Class com.google.common.base.CharMatcher$InRange                                      : loaded 2 times (x 111B)
Class com.google.common.cache.LocalCache$EntryFactory$4                               : loaded 2 times (x 83B)
Class com.google.common.cache.LocalCache$EntryFactory$5                               : loaded 2 times (x 83B)
Class com.google.common.base.PairwiseEquivalence                                      : loaded 2 times (x 83B)
Class com.google.common.cache.LocalCache$EntryFactory$6                               : loaded 2 times (x 83B)
Class org.gradle.internal.installation.CurrentGradleInstallationLocator               : loaded 2 times (x 71B)
Class com.google.common.collect.Maps$KeySet                                           : loaded 2 times (x 137B)
Class com.google.common.collect.ImmutableSet$EmptySetBuilderImpl                      : loaded 2 times (x 76B)
Class com.google.common.cache.LocalCache$EntryFactory$7                               : loaded 2 times (x 83B)
Class com.google.common.collect.ImmutableList                                         : loaded 2 times (x 206B)
Class org.gradle.internal.service.DefaultServiceLocator                               : loaded 2 times (x 83B)
Class com.google.common.cache.LocalCache$EntryFactory$8                               : loaded 2 times (x 83B)
Class com.google.common.collect.ImmutableSet$SetBuilderImpl                           : loaded 2 times (x 76B)
Class org.gradle.internal.installation.CurrentGradleInstallation                      : loaded 2 times (x 73B)
Class com.google.common.cache.CacheLoader$1                                           : loaded 2 times (x 75B)
Class com.google.common.collect.ImmutableList$SubList                                 : loaded 2 times (x 209B)
Class org.gradle.util.internal.GUtil                                                  : loaded 2 times (x 71B)
Class com.google.common.cache.AbstractCache$StatsCounter                              : loaded 2 times (x 70B)
Class com.google.common.collect.Iterators$MergingIterator                             : loaded 2 times (x 81B)
Class com.google.common.collect.RegularImmutableSet                                   : loaded 2 times (x 149B)
Class org.gradle.internal.installation.GradleInstallation                             : loaded 2 times (x 75B)
Class com.google.common.collect.Iterables                                             : loaded 2 times (x 71B)

---------------  S Y S T E M  ---------------

OS:
 Windows 10 , 64 bit Build 19041 (10.0.19041.5915)
OS uptime: 0 days 11:05 hours
Hyper-V role detected

CPU: total 4 (initial active 4) (2 cores per cpu, 2 threads per core) family 6 model 126 stepping 5 microcode 0xca, cx8, cmov, fxsr, ht, mmx, 3dnowpref, sse, sse2, sse3, ssse3, sse4.1, sse4.2, popcnt, lzcnt, tsc, tscinvbit, avx, avx2, aes, erms, clmul, bmi1, bmi2, adx, avx512f, avx512dq, avx512cd, avx512bw, avx512vl, sha, fma, vzeroupper, avx512_vpopcntdq, avx512_vpclmulqdq, avx512_vaes, avx512_vnni, clflush, clflushopt, avx512_vbmi2, avx512_vbmi, hv, rdtscp, rdpid, fsrm, gfni, avx512_bitalg, f16c, avx512_ifma
Processor Information for the first 4 processors :
  Max Mhz: 1190, Current Mhz: 1190, Mhz Limit: 1190

Memory: 4k page, system-wide physical 3862M (97M free)
TotalPageFile size 15638M (AvailPageFile size 4M)
current process WorkingSet (physical memory assigned to process): 205M, peak: 272M
current process commit charge ("private bytes"): 487M, peak: 507M

vm_info: OpenJDK 64-Bit Server VM (21.0.9+-14787801-b1163.94) for windows-amd64 JRE (21.0.9+-14787801-b1163.94), built on 2026-01-27T21:15:44Z by "builder" with MS VC++ 16.10 / 16.11 (VS2019)

END.
