#
# There is insufficient memory for the Java Runtime Environment to continue.
# Native memory allocation (malloc) failed to allocate 1118144 bytes. Error detail: Chunk::new
# Possible reasons:
#   The system is out of physical RAM or swap space
#   This process is running with CompressedOops enabled, and the Java Heap may be blocking the growth of the native heap
# Possible solutions:
#   Reduce memory load on the system
#   Increase physical memory or swap space
#   Check if swap backing store is full
#   Decrease Java heap size (-Xmx/-Xms)
#   Decrease number of Java threads
#   Decrease Java thread stack sizes (-Xss)
#   Set larger code cache with -XX:ReservedCodeCacheSize=
#   JVM is running with Unscaled Compressed Oops mode in which the Java heap is
#     placed in the first 4GB address space. The Java Heap base address is the
#     maximum limit for the native heap growth. Please use -XX:HeapBaseMinAddress
#     to set the Java Heap base and to place the Java Heap above 4GB virtual address.
# This output file may be truncated or incomplete.
#
#  Out of Memory Error (arena.cpp:168), pid=13684, tid=17912
#
# JRE version: OpenJDK Runtime Environment (21.0.9) (build 21.0.9+-14787801-b1163.94)
# Java VM: OpenJDK 64-Bit Server VM (21.0.9+-14787801-b1163.94, mixed mode, tiered, compressed oops, compressed class ptrs, g1 gc, windows-amd64)
# No core dump will be written. Minidumps are not enabled by default on client versions of Windows
#

---------------  S U M M A R Y ------------

Command Line: --add-opens=java.base/java.lang=ALL-UNNAMED --add-opens=java.base/java.lang.invoke=ALL-UNNAMED --add-opens=java.base/java.util=ALL-UNNAMED --add-opens=java.prefs/java.util.prefs=ALL-UNNAMED --add-exports=jdk.compiler/com.sun.tools.javac.api=ALL-UNNAMED --add-exports=jdk.compiler/com.sun.tools.javac.util=ALL-UNNAMED --add-opens=java.base/java.util=ALL-UNNAMED --add-opens=java.prefs/java.util.prefs=ALL-UNNAMED --add-opens=java.base/java.nio.charset=ALL-UNNAMED --add-opens=java.base/java.net=ALL-UNNAMED --add-opens=java.base/java.util.concurrent=ALL-UNNAMED --add-opens=java.base/java.util.concurrent.atomic=ALL-UNNAMED --add-opens=java.xml/javax.xml.namespace=ALL-UNNAMED --add-opens=java.base/java.time=ALL-UNNAMED -XX:MaxMetaspaceSize=256m -Xmx512m -Dfile.encoding=UTF-8 -Duser.country=IN -Duser.language=en -Duser.variant -javaagent:C:\Users\DELL\.gradle\wrapper\dists\gradle-9.3.1-bin\23ovyewtku6u96viwx3xl3oks\gradle-9.3.1\lib\agents\gradle-instrumentation-agent-9.3.1.jar org.gradle.launcher.daemon.bootstrap.GradleDaemon 9.3.1

Host: Intel(R) Core(TM) i3-1005G1 CPU @ 1.20GHz, 4 cores, 3G,  Windows 10 , 64 bit Build 19041 (10.0.19041.5915)
Time: Fri Mar 27 02:29:02 2026 India Standard Time elapsed time: 128.480968 seconds (0d 0h 2m 8s)

---------------  T H R E A D  ---------------

Current thread (0x000001d791c0eb60):  JavaThread "C2 CompilerThread0" daemon [_thread_in_native, id=17912, stack(0x000000474b200000,0x000000474b300000) (1024K)]


Current CompileTask:
C2:128481 16773       4       com.android.ide.common.resources.NodeUtils::updateNamespace (167 bytes)

Stack: [0x000000474b200000,0x000000474b300000]
Native frames: (J=compiled Java code, j=interpreted, Vv=VM code, C=native code)
V  [jvm.dll+0x6d6c99]
V  [jvm.dll+0x866b83]
V  [jvm.dll+0x8691ae]
V  [jvm.dll+0x869893]
V  [jvm.dll+0x280776]
V  [jvm.dll+0xc07cd]
V  [jvm.dll+0xc0d03]
V  [jvm.dll+0x3b986b]
V  [jvm.dll+0x3856a7]
V  [jvm.dll+0x384b1a]
V  [jvm.dll+0x249462]
V  [jvm.dll+0x248a31]
V  [jvm.dll+0x1c7344]
V  [jvm.dll+0x2581ae]
V  [jvm.dll+0x2566f6]
V  [jvm.dll+0x3f48a6]
V  [jvm.dll+0x80f118]
V  [jvm.dll+0x6d54ed]
C  [ucrtbase.dll+0x21bb2]
C  [KERNEL32.DLL+0x17374]
C  [ntdll.dll+0x4cc91]


---------------  P R O C E S S  ---------------

Threads class SMR info:
_java_thread_list=0x000001d7a229ed60, length=96, elements={
0x000001d7fcb633a0, 0x000001d791be9c40, 0x000001d791beba80, 0x000001d791bec7a0,
0x000001d791bf8c10, 0x000001d791c0a8f0, 0x000001d791c0b350, 0x000001d791c0cdc0,
0x000001d791c0eb60, 0x000001d791c1e0f0, 0x000001d796350f80, 0x000001d796884580,
0x000001d7978b7bc0, 0x000001d79726ab70, 0x000001d797388710, 0x000001d798108680,
0x000001d798062db0, 0x000001d798062090, 0x000001d798062720, 0x000001d7980647f0,
0x000001d798064e80, 0x000001d798064160, 0x000001d798063440, 0x000001d798063ad0,
0x000001d79a58de50, 0x000001d79a592d10, 0x000001d79a58f200, 0x000001d79a58caa0,
0x000001d79a58d130, 0x000001d79a58eb70, 0x000001d79a58d7c0, 0x000001d79a592680,
0x000001d79a5905b0, 0x000001d79a590c40, 0x000001d79a5912d0, 0x000001d79b451cb0,
0x000001d79b454410, 0x000001d79b454aa0, 0x000001d79b450f90, 0x000001d79b452340,
0x000001d79b451620, 0x000001d79b4529d0, 0x000001d79b4536f0, 0x000001d79b453060,
0x000001d79b4564e0, 0x000001d79b457200, 0x000001d7995bdd80, 0x000001d799c84500,
0x000001d799c82ac0, 0x000001d799c83150, 0x000001d799c7e290, 0x000001d799c7fcd0,
0x000001d799c7efb0, 0x000001d799c7f640, 0x000001d799c809f0, 0x000001d799c84b90,
0x000001d799c837e0, 0x000001d7a1060fe0, 0x000001d7a1065810, 0x000001d7a1064460,
0x000001d7a1062a20, 0x000001d7a1066bc0, 0x000001d7a1067250, 0x000001d7a1063dd0,
0x000001d7a1063740, 0x000001d7a1067f70, 0x000001d7a1065ea0, 0x000001d7a1064af0,
0x000001d7a21503f0, 0x000001d7a2151110, 0x000001d7a21517a0, 0x000001d7a2151e30,
0x000001d7a2152b50, 0x000001d7a2153870, 0x000001d7a21531e0, 0x000001d7a13377e0,
0x000001d7a1333cd0, 0x000001d7a1332fb0, 0x000001d7a1332290, 0x000001d7a1334360,
0x000001d7a1332920, 0x000001d7a13349f0, 0x000001d7a1335080, 0x000001d7a1335710,
0x000001d7a1337150, 0x000001d7a1337e70, 0x000001d7a1335da0, 0x000001d7a1068600,
0x000001d7a1061d00, 0x000001d7a10630b0, 0x000001d7a1061670, 0x000001d7a1066530,
0x000001d799c80360, 0x000001d799c82430, 0x000001d799c858b0, 0x000001d799c81da0
}
_to_delete_list=0x000001d79bb6ab60, length=98, elements={
0x000001d7fcb633a0, 0x000001d791be9c40, 0x000001d791beba80, 0x000001d791bec7a0,
0x000001d791bf8c10, 0x000001d791c0a8f0, 0x000001d791c0b350, 0x000001d791c0cdc0,
0x000001d791c0eb60, 0x000001d791c1e0f0, 0x000001d796350f80, 0x000001d796884580,
0x000001d7978b7bc0, 0x000001d79726ab70, 0x000001d797388710, 0x000001d798108680,
0x000001d798062db0, 0x000001d798062090, 0x000001d798062720, 0x000001d7980647f0,
0x000001d798064e80, 0x000001d798064160, 0x000001d798063440, 0x000001d798063ad0,
0x000001d79a58de50, 0x000001d79a592d10, 0x000001d79a58f200, 0x000001d79a58caa0,
0x000001d79a58d130, 0x000001d79a58eb70, 0x000001d79a58d7c0, 0x000001d79a592680,
0x000001d79a5905b0, 0x000001d79a590c40, 0x000001d79a5912d0, 0x000001d79b451cb0,
0x000001d79b454410, 0x000001d79b454aa0, 0x000001d79b450f90, 0x000001d79b452340,
0x000001d79b451620, 0x000001d79b4529d0, 0x000001d79b4536f0, 0x000001d79b453060,
0x000001d79b4564e0, 0x000001d79b457200, 0x000001d7995bdd80, 0x000001d7995bd060,
0x000001d7995c04e0, 0x000001d799c84500, 0x000001d799c82ac0, 0x000001d799c83150,
0x000001d799c7e290, 0x000001d799c7fcd0, 0x000001d799c7efb0, 0x000001d799c7f640,
0x000001d799c809f0, 0x000001d799c84b90, 0x000001d799c837e0, 0x000001d7a1060fe0,
0x000001d7a1065810, 0x000001d7a1064460, 0x000001d7a1062a20, 0x000001d7a1066bc0,
0x000001d7a1067250, 0x000001d7a1063dd0, 0x000001d7a1063740, 0x000001d7a1067f70,
0x000001d7a1065ea0, 0x000001d7a1064af0, 0x000001d7a21503f0, 0x000001d7a2151110,
0x000001d7a21517a0, 0x000001d7a2151e30, 0x000001d7a2152b50, 0x000001d7a2153870,
0x000001d7a21531e0, 0x000001d7a13377e0, 0x000001d7a1333cd0, 0x000001d7a1332fb0,
0x000001d7a1332290, 0x000001d7a1334360, 0x000001d7a1332920, 0x000001d7a13349f0,
0x000001d7a1335080, 0x000001d7a1335710, 0x000001d7a1337150, 0x000001d7a1337e70,
0x000001d7a1335da0, 0x000001d7a1068600, 0x000001d7a1061d00, 0x000001d7a10630b0,
0x000001d7a1061670, 0x000001d7a1066530, 0x000001d799c80360, 0x000001d799c82430,
0x000001d799c858b0, 0x000001d799c81da0
}

Java Threads: ( => current thread )
  0x000001d7fcb633a0 JavaThread "main"                              [_thread_blocked, id=17148, stack(0x000000474a300000,0x000000474a400000) (1024K)]
  0x000001d791be9c40 JavaThread "Common-Cleaner"             daemon [_thread_blocked, id=17492, stack(0x000000474ab00000,0x000000474ac00000) (1024K)]
  0x000001d791beba80 JavaThread "Reference Handler"          daemon [_thread_blocked, id=2392, stack(0x000000474ac00000,0x000000474ad00000) (1024K)]
  0x000001d791bec7a0 JavaThread "Finalizer"                  daemon [_thread_blocked, id=18816, stack(0x000000474ad00000,0x000000474ae00000) (1024K)]
  0x000001d791bf8c10 JavaThread "Signal Dispatcher"          daemon [_thread_blocked, id=10692, stack(0x000000474ae00000,0x000000474af00000) (1024K)]
  0x000001d791c0a8f0 JavaThread "Attach Listener"            daemon [_thread_blocked, id=18276, stack(0x000000474af00000,0x000000474b000000) (1024K)]
  0x000001d791c0b350 JavaThread "Service Thread"             daemon [_thread_blocked, id=18164, stack(0x000000474b000000,0x000000474b100000) (1024K)]
  0x000001d791c0cdc0 JavaThread "Monitor Deflation Thread"   daemon [_thread_blocked, id=8556, stack(0x000000474b100000,0x000000474b200000) (1024K)]
=>0x000001d791c0eb60 JavaThread "C2 CompilerThread0"         daemon [_thread_in_native, id=17912, stack(0x000000474b200000,0x000000474b300000) (1024K)]
  0x000001d791c1e0f0 JavaThread "C1 CompilerThread0"         daemon [_thread_blocked, id=9648, stack(0x000000474b300000,0x000000474b400000) (1024K)]
  0x000001d796350f80 JavaThread "Notification Thread"        daemon [_thread_blocked, id=11788, stack(0x000000474b400000,0x000000474b500000) (1024K)]
  0x000001d796884580 JavaThread "Daemon health stats"               [_thread_blocked, id=3612, stack(0x000000474b800000,0x000000474b900000) (1024K)]
  0x000001d7978b7bc0 JavaThread "Incoming local TCP Connector on port 60554"        [_thread_in_native, id=7832, stack(0x000000474b900000,0x000000474ba00000) (1024K)]
  0x000001d79726ab70 JavaThread "Daemon periodic checks"            [_thread_blocked, id=8208, stack(0x000000474ba00000,0x000000474bb00000) (1024K)]
  0x000001d797388710 JavaThread "Daemon"                            [_thread_blocked, id=3180, stack(0x000000474bb00000,0x000000474bc00000) (1024K)]
  0x000001d798108680 JavaThread "Handler for socket connection from /127.0.0.1:60554 to /127.0.0.1:60555"        [_thread_in_native, id=3472, stack(0x000000474bc00000,0x000000474bd00000) (1024K)]
  0x000001d798062db0 JavaThread "Cancel handler"                    [_thread_blocked, id=11868, stack(0x000000474bd00000,0x000000474be00000) (1024K)]
  0x000001d798062090 JavaThread "Daemon worker"                     [_thread_blocked, id=5352, stack(0x000000474be00000,0x000000474bf00000) (1024K)]
  0x000001d798062720 JavaThread "Asynchronous log dispatcher for DefaultDaemonConnection: socket connection from /127.0.0.1:60554 to /127.0.0.1:60555"        [_thread_blocked, id=9936, stack(0x000000474bf00000,0x000000474c000000) (1024K)]
  0x000001d7980647f0 JavaThread "Stdin handler"                     [_thread_blocked, id=10300, stack(0x000000474c000000,0x000000474c100000) (1024K)]
  0x000001d798064e80 JavaThread "Daemon client event forwarder"        [_thread_blocked, id=17472, stack(0x000000474c100000,0x000000474c200000) (1024K)]
  0x000001d798064160 JavaThread "Cache worker for journal cache (C:\Users\DELL\.gradle\caches\journal-1)"        [_thread_blocked, id=15408, stack(0x000000474c200000,0x000000474c300000) (1024K)]
  0x000001d798063440 JavaThread "File lock request listener"        [_thread_in_native, id=15248, stack(0x000000474c300000,0x000000474c400000) (1024K)]
  0x000001d798063ad0 JavaThread "Cache worker for file hash cache (C:\Users\DELL\.gradle\caches\9.3.1\fileHashes)"        [_thread_blocked, id=10596, stack(0x000000474c400000,0x000000474c500000) (1024K)]
  0x000001d79a58de50 JavaThread "Cache worker for file hash cache (C:\Users\DELL\Desktop\kavachsecurecom\android-app\.gradle\9.3.1\fileHashes)"        [_thread_blocked, id=15664, stack(0x000000474c500000,0x000000474c600000) (1024K)]
  0x000001d79a592d10 JavaThread "Cache worker for Build Output Cleanup Cache (C:\Users\DELL\Desktop\kavachsecurecom\android-app\.gradle\buildOutputCleanup)"        [_thread_blocked, id=7496, stack(0x000000474c600000,0x000000474c700000) (1024K)]
  0x000001d79a58f200 JavaThread "File watcher server"        daemon [_thread_in_native, id=13484, stack(0x000000474c700000,0x000000474c800000) (1024K)]
  0x000001d79a58caa0 JavaThread "File watcher consumer"      daemon [_thread_blocked, id=14012, stack(0x000000474c800000,0x000000474c900000) (1024K)]
  0x000001d79a58d130 JavaThread "Cache worker for checksums cache (C:\Users\DELL\Desktop\kavachsecurecom\android-app\.gradle\9.3.1\checksums)"        [_thread_blocked, id=15252, stack(0x000000474c900000,0x000000474ca00000) (1024K)]
  0x000001d79a58eb70 JavaThread "Cache worker for file content cache (C:\Users\DELL\.gradle\caches\9.3.1\fileContent)"        [_thread_blocked, id=2780, stack(0x000000474ca00000,0x000000474cb00000) (1024K)]
  0x000001d79a58d7c0 JavaThread "Cache worker for cache directory md-supplier (C:\Users\DELL\.gradle\caches\9.3.1\md-supplier)"        [_thread_blocked, id=1516, stack(0x000000474cb00000,0x000000474cc00000) (1024K)]
  0x000001d79a592680 JavaThread "Cache worker for cache directory md-rule (C:\Users\DELL\.gradle\caches\9.3.1\md-rule)"        [_thread_blocked, id=8552, stack(0x000000474cc00000,0x000000474cd00000) (1024K)]
  0x000001d79a5905b0 JavaThread "Unconstrained build operations"        [_thread_blocked, id=10308, stack(0x000000474cd00000,0x000000474ce00000) (1024K)]
  0x000001d79a590c40 JavaThread "Unconstrained build operations Thread 2"        [_thread_blocked, id=16164, stack(0x000000474ce00000,0x000000474cf00000) (1024K)]
  0x000001d79a5912d0 JavaThread "Unconstrained build operations Thread 3"        [_thread_blocked, id=11232, stack(0x000000474cf00000,0x000000474d000000) (1024K)]
  0x000001d79b451cb0 JavaThread "Unconstrained build operations Thread 4"        [_thread_blocked, id=5520, stack(0x000000474d000000,0x000000474d100000) (1024K)]
  0x000001d79b454410 JavaThread "Unconstrained build operations Thread 5"        [_thread_blocked, id=18160, stack(0x000000474d100000,0x000000474d200000) (1024K)]
  0x000001d79b454aa0 JavaThread "Unconstrained build operations Thread 6"        [_thread_blocked, id=15560, stack(0x000000474d200000,0x000000474d300000) (1024K)]
  0x000001d79b450f90 JavaThread "Unconstrained build operations Thread 7"        [_thread_blocked, id=18608, stack(0x000000474d300000,0x000000474d400000) (1024K)]
  0x000001d79b452340 JavaThread "Unconstrained build operations Thread 8"        [_thread_blocked, id=15648, stack(0x000000474d400000,0x000000474d500000) (1024K)]
  0x000001d79b451620 JavaThread "Unconstrained build operations Thread 9"        [_thread_blocked, id=17136, stack(0x000000474d500000,0x000000474d600000) (1024K)]
  0x000001d79b4529d0 JavaThread "Unconstrained build operations Thread 10"        [_thread_blocked, id=15140, stack(0x000000474d600000,0x000000474d700000) (1024K)]
  0x000001d79b4536f0 JavaThread "Unconstrained build operations Thread 11"        [_thread_blocked, id=15548, stack(0x000000474d700000,0x000000474d800000) (1024K)]
  0x000001d79b453060 JavaThread "Unconstrained build operations Thread 12"        [_thread_blocked, id=12356, stack(0x000000474d800000,0x000000474d900000) (1024K)]
  0x000001d79b4564e0 JavaThread "File lock release action executor"        [_thread_blocked, id=17920, stack(0x000000474d900000,0x000000474da00000) (1024K)]
  0x000001d79b457200 JavaThread "Memory manager"                    [_thread_blocked, id=15628, stack(0x000000474da00000,0x000000474db00000) (1024K)]
  0x000001d7995bdd80 JavaThread "build event listener"              [_thread_blocked, id=4988, stack(0x000000474db00000,0x000000474dc00000) (1024K)]
  0x000001d799c84500 JavaThread "pool-3-thread-1"                   [_thread_blocked, id=14968, stack(0x000000474a000000,0x000000474a100000) (1024K)]
  0x000001d799c82ac0 JavaThread "build event listener"              [_thread_blocked, id=18400, stack(0x000000474a100000,0x000000474a200000) (1024K)]
  0x000001d799c83150 JavaThread "included builds"                   [_thread_blocked, id=16292, stack(0x000000474a200000,0x000000474a300000) (1024K)]
  0x000001d799c7e290 JavaThread "Execution worker"                  [_thread_in_native, id=300, stack(0x000000474df00000,0x000000474e000000) (1024K)]
  0x000001d799c7fcd0 JavaThread "Execution worker Thread 2"         [_thread_blocked, id=4436, stack(0x000000474e000000,0x000000474e100000) (1024K)]
  0x000001d799c7efb0 JavaThread "Execution worker Thread 3"         [_thread_blocked, id=18452, stack(0x000000474e100000,0x000000474e200000) (1024K)]
  0x000001d799c7f640 JavaThread "Cache worker for execution history cache (C:\Users\DELL\Desktop\kavachsecurecom\android-app\.gradle\9.3.1\executionHistory)"        [_thread_blocked, id=2148, stack(0x000000474e200000,0x000000474e300000) (1024K)]
  0x000001d799c809f0 JavaThread "Unconstrained build operations Thread 13"        [_thread_blocked, id=3588, stack(0x000000474e300000,0x000000474e400000) (1024K)]
  0x000001d799c84b90 JavaThread "Unconstrained build operations Thread 14"        [_thread_blocked, id=6580, stack(0x000000474e400000,0x000000474e500000) (1024K)]
  0x000001d799c837e0 JavaThread "Unconstrained build operations Thread 15"        [_thread_blocked, id=6700, stack(0x000000474e500000,0x000000474e600000) (1024K)]
  0x000001d7a1060fe0 JavaThread "Unconstrained build operations Thread 16"        [_thread_blocked, id=13268, stack(0x000000474e600000,0x000000474e700000) (1024K)]
  0x000001d7a1065810 JavaThread "Unconstrained build operations Thread 17"        [_thread_blocked, id=12276, stack(0x000000474e700000,0x000000474e800000) (1024K)]
  0x000001d7a1064460 JavaThread "Unconstrained build operations Thread 18"        [_thread_blocked, id=8720, stack(0x000000474e800000,0x000000474e900000) (1024K)]
  0x000001d7a1062a20 JavaThread "Unconstrained build operations Thread 19"        [_thread_blocked, id=16920, stack(0x000000474e900000,0x000000474ea00000) (1024K)]
  0x000001d7a1066bc0 JavaThread "Unconstrained build operations Thread 20"        [_thread_blocked, id=17100, stack(0x000000474ea00000,0x000000474eb00000) (1024K)]
  0x000001d7a1067250 JavaThread "Unconstrained build operations Thread 21"        [_thread_blocked, id=19404, stack(0x000000474eb00000,0x000000474ec00000) (1024K)]
  0x000001d7a1063dd0 JavaThread "Unconstrained build operations Thread 22"        [_thread_blocked, id=16172, stack(0x000000474ec00000,0x000000474ed00000) (1024K)]
  0x000001d7a1063740 JavaThread "Unconstrained build operations Thread 23"        [_thread_blocked, id=6168, stack(0x000000474ed00000,0x000000474ee00000) (1024K)]
  0x000001d7a1067f70 JavaThread "Unconstrained build operations Thread 24"        [_thread_blocked, id=15880, stack(0x000000474ee00000,0x000000474ef00000) (1024K)]
  0x000001d7a1065ea0 JavaThread "Unconstrained build operations Thread 25"        [_thread_blocked, id=17632, stack(0x000000474ef00000,0x000000474f000000) (1024K)]
  0x000001d7a1064af0 JavaThread "Unconstrained build operations Thread 26"        [_thread_blocked, id=13740, stack(0x000000474f000000,0x000000474f100000) (1024K)]
  0x000001d7a21503f0 JavaThread "WorkerExecutor Queue"              [_thread_in_native, id=13568, stack(0x000000474f100000,0x000000474f200000) (1024K)]
  0x000001d7a2151110 JavaThread "Unconstrained build operations Thread 27"        [_thread_blocked, id=18416, stack(0x000000474f200000,0x000000474f300000) (1024K)]
  0x000001d7a21517a0 JavaThread "Unconstrained build operations Thread 28"        [_thread_blocked, id=16988, stack(0x000000474f300000,0x000000474f400000) (1024K)]
  0x000001d7a2151e30 JavaThread "Unconstrained build operations Thread 29"        [_thread_blocked, id=9192, stack(0x000000474f400000,0x000000474f500000) (1024K)]
  0x000001d7a2152b50 JavaThread "Unconstrained build operations Thread 30"        [_thread_blocked, id=3136, stack(0x000000474f500000,0x000000474f600000) (1024K)]
  0x000001d7a2153870 JavaThread "Unconstrained build operations Thread 31"        [_thread_blocked, id=10884, stack(0x000000474f600000,0x000000474f700000) (1024K)]
  0x000001d7a21531e0 JavaThread "Unconstrained build operations Thread 32"        [_thread_blocked, id=17896, stack(0x000000474f700000,0x000000474f800000) (1024K)]
  0x000001d7a13377e0 JavaThread "Unconstrained build operations Thread 33"        [_thread_blocked, id=18168, stack(0x000000474f900000,0x000000474fa00000) (1024K)]
  0x000001d7a1333cd0 JavaThread "Unconstrained build operations Thread 34"        [_thread_blocked, id=16864, stack(0x000000474fa00000,0x000000474fb00000) (1024K)]
  0x000001d7a1332fb0 JavaThread "Unconstrained build operations Thread 35"        [_thread_blocked, id=17532, stack(0x000000474fb00000,0x000000474fc00000) (1024K)]
  0x000001d7a1332290 JavaThread "WorkerExecutor Queue Thread 2"        [_thread_blocked, id=9080, stack(0x000000474f800000,0x000000474f900000) (1024K)]
  0x000001d7a1334360 JavaThread "Unconstrained build operations Thread 36"        [_thread_blocked, id=17480, stack(0x000000474fc00000,0x000000474fd00000) (1024K)]
  0x000001d7a1332920 JavaThread "Unconstrained build operations Thread 37"        [_thread_blocked, id=16104, stack(0x000000474fd00000,0x000000474fe00000) (1024K)]
  0x000001d7a13349f0 JavaThread "Unconstrained build operations Thread 38"        [_thread_blocked, id=9000, stack(0x000000474fe00000,0x000000474ff00000) (1024K)]
  0x000001d7a1335080 JavaThread "WorkerExecutor Queue Thread 3"        [_thread_blocked, id=16120, stack(0x000000474ff00000,0x0000004750000000) (1024K)]
  0x000001d7a1335710 JavaThread "WorkerExecutor Queue Thread 4"        [_thread_blocked, id=624, stack(0x0000004750000000,0x0000004750100000) (1024K)]
  0x000001d7a1337150 JavaThread "RMI Scheduler(0)"           daemon [_thread_blocked, id=13320, stack(0x0000004750100000,0x0000004750200000) (1024K)]
  0x000001d7a1337e70 JavaThread "RMI RenewClean-[127.0.0.1:17717,org.jetbrains.kotlin.daemon.common.LoopbackNetworkInterface$ClientLoopbackSocketFactory@19107332]" daemon [_thread_blocked, id=2624, stack(0x0000004750200000,0x0000004750300000) (1024K)]
  0x000001d7a1335da0 JavaThread "RMI GC Daemon"              daemon [_thread_blocked, id=8432, stack(0x0000004750300000,0x0000004750400000) (1024K)]
  0x000001d7a1068600 JavaThread "RMI TCP Accept-0"           daemon [_thread_in_native, id=19348, stack(0x0000004750400000,0x0000004750500000) (1024K)]
  0x000001d7a1061d00 JavaThread "RMI Reaper"                        [_thread_blocked, id=19340, stack(0x0000004750500000,0x0000004750600000) (1024K)]
  0x000001d7a10630b0 JavaThread "RMI TCP Connection(idle)"   daemon [_thread_blocked, id=10576, stack(0x0000004750600000,0x0000004750700000) (1024K)]
  0x000001d7a1061670 JavaThread "Unconstrained build operations Thread 39"        [_thread_blocked, id=16704, stack(0x0000004750700000,0x0000004750800000) (1024K)]
  0x000001d7a1066530 JavaThread "Unconstrained build operations Thread 40"        [_thread_blocked, id=8672, stack(0x0000004750800000,0x0000004750900000) (1024K)]
  0x000001d799c80360 JavaThread "ForkJoinPool-1-worker-1"    daemon [_thread_in_vm, id=1900, stack(0x0000004750900000,0x0000004750a00000) (1024K)]
  0x000001d799c82430 JavaThread "ForkJoinPool-1-worker-2"    daemon [_thread_blocked, id=11920, stack(0x0000004750a00000,0x0000004750b00000) (1024K)]
  0x000001d799c858b0 JavaThread "ForkJoinPool-1-worker-3"    daemon [_thread_in_Java, id=8896, stack(0x0000004750b00000,0x0000004750c00000) (1024K)]
  0x000001d799c81da0 JavaThread "ForkJoinPool-1-worker-4"    daemon [_thread_blocked, id=17588, stack(0x0000004750c00000,0x0000004750d00000) (1024K)]
Total: 96

Other Threads:
  0x000001d791b73a90 VMThread "VM Thread"                           [id=13904, stack(0x000000474aa00000,0x000000474ab00000) (1024K)]
  0x000001d7fcbf6b00 WatcherThread "VM Periodic Task Thread"        [id=9972, stack(0x000000474a900000,0x000000474aa00000) (1024K)]
  0x000001d7fcb8c3f0 WorkerThread "GC Thread#0"                     [id=19176, stack(0x000000474a400000,0x000000474a500000) (1024K)]
  0x000001d7964b0700 WorkerThread "GC Thread#1"                     [id=12700, stack(0x000000474b500000,0x000000474b600000) (1024K)]
  0x000001d7964df780 WorkerThread "GC Thread#2"                     [id=12532, stack(0x000000474b600000,0x000000474b700000) (1024K)]
  0x000001d79680f2f0 WorkerThread "GC Thread#3"                     [id=16936, stack(0x000000474b700000,0x000000474b800000) (1024K)]
  0x000001d7fcb922f0 ConcurrentGCThread "G1 Main Marker"            [id=16924, stack(0x000000474a500000,0x000000474a600000) (1024K)]
  0x000001d7fcb92e70 WorkerThread "G1 Conc#0"                       [id=13500, stack(0x000000474a600000,0x000000474a700000) (1024K)]
  0x000001d7fcbeac00 ConcurrentGCThread "G1 Refine#0"               [id=3712, stack(0x000000474a700000,0x000000474a800000) (1024K)]
  0x000001d7fcbeb7f0 ConcurrentGCThread "G1 Service"                [id=9312, stack(0x000000474a800000,0x000000474a900000) (1024K)]
Total: 10

Threads with active compile tasks:
C2 CompilerThread0  128603 16773       4       com.android.ide.common.resources.NodeUtils::updateNamespace (167 bytes)
Total: 1

VM state: not at safepoint (normal execution)

VM Mutex/Monitor currently owned by a thread: None

Heap address: 0x00000000e0000000, size: 512 MB, Compressed Oops mode: 32-bit

CDS archive(s) not mapped
Compressed class space mapped at: 0x0000000100000000-0x000000010d000000, reserved size: 218103808
Narrow klass base: 0x0000000000000000, Narrow klass shift: 3, Narrow klass range: 0x10d000000

GC Precious Log:
 CardTable entry size: 512
 Card Set container configuration: InlinePtr #cards 5 size 8 Array Of Cards #cards 12 size 40 Howl #buckets 4 coarsen threshold 1843 Howl Bitmap #cards 512 size 80 coarsen threshold 460 Card regions per heap region 1 cards per card region 2048
 CPUs: 4 total, 4 available
 Memory: 3862M
 Large Page Support: Disabled
 NUMA Support: Disabled
 Compressed Oops: Enabled (32-bit)
 Heap Region Size: 1M
 Heap Min Capacity: 8M
 Heap Initial Capacity: 62M
 Heap Max Capacity: 512M
 Pre-touch: Disabled
 Parallel Workers: 4
 Concurrent Workers: 1
 Concurrent Refinement Workers: 4
 Periodic GC: Disabled

Heap:
 garbage-first heap   total 439296K, used 426865K [0x00000000e0000000, 0x0000000100000000)
  region size 1024K, 12 young (12288K), 3 survivors (3072K)
 Metaspace       used 128669K, committed 130880K, reserved 344064K
  class space    used 17992K, committed 19072K, reserved 212992K

Heap Regions: E=young(eden), S=young(survivor), O=old, HS=humongous(starts), HC=humongous(continues), CS=collection set, F=free, TAMS=top-at-mark-start, PB=parsable bottom
|   0|0x00000000e0000000, 0x00000000e0100000, 0x00000000e0100000|100%|HS|  |TAMS 0x00000000e0100000| PB 0x00000000e0000000| Complete 
|   1|0x00000000e0100000, 0x00000000e0200000, 0x00000000e0200000|100%|HC|  |TAMS 0x00000000e0200000| PB 0x00000000e0100000| Complete 
|   2|0x00000000e0200000, 0x00000000e0300000, 0x00000000e0300000|100%|HC|  |TAMS 0x00000000e0300000| PB 0x00000000e0200000| Complete 
|   3|0x00000000e0300000, 0x00000000e0400000, 0x00000000e0400000|100%|HC|  |TAMS 0x00000000e0400000| PB 0x00000000e0300000| Complete 
|   4|0x00000000e0400000, 0x00000000e0500000, 0x00000000e0500000|100%| O|  |TAMS 0x00000000e0500000| PB 0x00000000e0400000| Untracked 
|   5|0x00000000e0500000, 0x00000000e0600000, 0x00000000e0600000|100%| O|  |TAMS 0x00000000e0600000| PB 0x00000000e0500000| Untracked 
|   6|0x00000000e0600000, 0x00000000e0700000, 0x00000000e0700000|100%| O|  |TAMS 0x00000000e0700000| PB 0x00000000e0600000| Untracked 
|   7|0x00000000e0700000, 0x00000000e0800000, 0x00000000e0800000|100%| O|  |TAMS 0x00000000e0800000| PB 0x00000000e0700000| Untracked 
|   8|0x00000000e0800000, 0x00000000e0900000, 0x00000000e0900000|100%| O|  |TAMS 0x00000000e0900000| PB 0x00000000e0800000| Untracked 
|   9|0x00000000e0900000, 0x00000000e0a00000, 0x00000000e0a00000|100%| O|  |TAMS 0x00000000e0a00000| PB 0x00000000e0900000| Untracked 
|  10|0x00000000e0a00000, 0x00000000e0b00000, 0x00000000e0b00000|100%| O|  |TAMS 0x00000000e0b00000| PB 0x00000000e0a00000| Untracked 
|  11|0x00000000e0b00000, 0x00000000e0c00000, 0x00000000e0c00000|100%|HS|  |TAMS 0x00000000e0c00000| PB 0x00000000e0b00000| Complete 
|  12|0x00000000e0c00000, 0x00000000e0d00000, 0x00000000e0d00000|100%| O|  |TAMS 0x00000000e0d00000| PB 0x00000000e0c00000| Untracked 
|  13|0x00000000e0d00000, 0x00000000e0e00000, 0x00000000e0e00000|100%| O|  |TAMS 0x00000000e0e00000| PB 0x00000000e0d00000| Untracked 
|  14|0x00000000e0e00000, 0x00000000e0f00000, 0x00000000e0f00000|100%| O|  |TAMS 0x00000000e0f00000| PB 0x00000000e0e00000| Untracked 
|  15|0x00000000e0f00000, 0x00000000e1000000, 0x00000000e1000000|100%| O|  |TAMS 0x00000000e1000000| PB 0x00000000e0f00000| Untracked 
|  16|0x00000000e1000000, 0x00000000e1100000, 0x00000000e1100000|100%| O|  |TAMS 0x00000000e1100000| PB 0x00000000e1000000| Untracked 
|  17|0x00000000e1100000, 0x00000000e1200000, 0x00000000e1200000|100%| O|  |TAMS 0x00000000e1200000| PB 0x00000000e1100000| Untracked 
|  18|0x00000000e1200000, 0x00000000e1300000, 0x00000000e1300000|100%| O|  |TAMS 0x00000000e1300000| PB 0x00000000e1200000| Untracked 
|  19|0x00000000e1300000, 0x00000000e1400000, 0x00000000e1400000|100%| O|  |TAMS 0x00000000e1400000| PB 0x00000000e1300000| Untracked 
|  20|0x00000000e1400000, 0x00000000e1500000, 0x00000000e1500000|100%| O|  |TAMS 0x00000000e1500000| PB 0x00000000e1400000| Untracked 
|  21|0x00000000e1500000, 0x00000000e1600000, 0x00000000e1600000|100%| O|  |TAMS 0x00000000e1600000| PB 0x00000000e1500000| Untracked 
|  22|0x00000000e1600000, 0x00000000e1700000, 0x00000000e1700000|100%| O|  |TAMS 0x00000000e1700000| PB 0x00000000e1600000| Untracked 
|  23|0x00000000e1700000, 0x00000000e1800000, 0x00000000e1800000|100%| O|  |TAMS 0x00000000e1800000| PB 0x00000000e1700000| Untracked 
|  24|0x00000000e1800000, 0x00000000e1900000, 0x00000000e1900000|100%| O|  |TAMS 0x00000000e1900000| PB 0x00000000e1800000| Untracked 
|  25|0x00000000e1900000, 0x00000000e1a00000, 0x00000000e1a00000|100%| O|  |TAMS 0x00000000e1a00000| PB 0x00000000e1900000| Untracked 
|  26|0x00000000e1a00000, 0x00000000e1b00000, 0x00000000e1b00000|100%| O|  |TAMS 0x00000000e1b00000| PB 0x00000000e1a00000| Untracked 
|  27|0x00000000e1b00000, 0x00000000e1c00000, 0x00000000e1c00000|100%| O|  |TAMS 0x00000000e1c00000| PB 0x00000000e1b00000| Untracked 
|  28|0x00000000e1c00000, 0x00000000e1d00000, 0x00000000e1d00000|100%| O|  |TAMS 0x00000000e1d00000| PB 0x00000000e1c00000| Untracked 
|  29|0x00000000e1d00000, 0x00000000e1e00000, 0x00000000e1e00000|100%| O|  |TAMS 0x00000000e1e00000| PB 0x00000000e1d00000| Untracked 
|  30|0x00000000e1e00000, 0x00000000e1f00000, 0x00000000e1f00000|100%| O|  |TAMS 0x00000000e1f00000| PB 0x00000000e1e00000| Untracked 
|  31|0x00000000e1f00000, 0x00000000e2000000, 0x00000000e2000000|100%| O|  |TAMS 0x00000000e2000000| PB 0x00000000e1f00000| Untracked 
|  32|0x00000000e2000000, 0x00000000e2100000, 0x00000000e2100000|100%| O|  |TAMS 0x00000000e2100000| PB 0x00000000e2000000| Untracked 
|  33|0x00000000e2100000, 0x00000000e2200000, 0x00000000e2200000|100%| O|  |TAMS 0x00000000e2200000| PB 0x00000000e2100000| Untracked 
|  34|0x00000000e2200000, 0x00000000e2300000, 0x00000000e2300000|100%| O|  |TAMS 0x00000000e2300000| PB 0x00000000e2200000| Untracked 
|  35|0x00000000e2300000, 0x00000000e2400000, 0x00000000e2400000|100%| O|  |TAMS 0x00000000e2400000| PB 0x00000000e2300000| Untracked 
|  36|0x00000000e2400000, 0x00000000e2500000, 0x00000000e2500000|100%| O|  |TAMS 0x00000000e2500000| PB 0x00000000e2400000| Untracked 
|  37|0x00000000e2500000, 0x00000000e2600000, 0x00000000e2600000|100%| O|  |TAMS 0x00000000e2600000| PB 0x00000000e2500000| Untracked 
|  38|0x00000000e2600000, 0x00000000e2700000, 0x00000000e2700000|100%| O|  |TAMS 0x00000000e2700000| PB 0x00000000e2600000| Untracked 
|  39|0x00000000e2700000, 0x00000000e2800000, 0x00000000e2800000|100%| O|  |TAMS 0x00000000e2800000| PB 0x00000000e2700000| Untracked 
|  40|0x00000000e2800000, 0x00000000e2900000, 0x00000000e2900000|100%| O|  |TAMS 0x00000000e2900000| PB 0x00000000e2800000| Untracked 
|  41|0x00000000e2900000, 0x00000000e2a00000, 0x00000000e2a00000|100%| O|  |TAMS 0x00000000e2a00000| PB 0x00000000e2900000| Untracked 
|  42|0x00000000e2a00000, 0x00000000e2b00000, 0x00000000e2b00000|100%| O|  |TAMS 0x00000000e2b00000| PB 0x00000000e2a00000| Untracked 
|  43|0x00000000e2b00000, 0x00000000e2c00000, 0x00000000e2c00000|100%|HS|  |TAMS 0x00000000e2c00000| PB 0x00000000e2b00000| Complete 
|  44|0x00000000e2c00000, 0x00000000e2d00000, 0x00000000e2d00000|100%|HS|  |TAMS 0x00000000e2d00000| PB 0x00000000e2c00000| Complete 
|  45|0x00000000e2d00000, 0x00000000e2e00000, 0x00000000e2e00000|100%|HS|  |TAMS 0x00000000e2e00000| PB 0x00000000e2d00000| Complete 
|  46|0x00000000e2e00000, 0x00000000e2f00000, 0x00000000e2f00000|100%|HC|  |TAMS 0x00000000e2f00000| PB 0x00000000e2e00000| Complete 
|  47|0x00000000e2f00000, 0x00000000e3000000, 0x00000000e3000000|100%|HS|  |TAMS 0x00000000e3000000| PB 0x00000000e2f00000| Complete 
|  48|0x00000000e3000000, 0x00000000e3100000, 0x00000000e3100000|100%|HS|  |TAMS 0x00000000e3100000| PB 0x00000000e3000000| Complete 
|  49|0x00000000e3100000, 0x00000000e3200000, 0x00000000e3200000|100%|HS|  |TAMS 0x00000000e3200000| PB 0x00000000e3100000| Complete 
|  50|0x00000000e3200000, 0x00000000e3300000, 0x00000000e3300000|100%| O|  |TAMS 0x00000000e3300000| PB 0x00000000e3200000| Untracked 
|  51|0x00000000e3300000, 0x00000000e3400000, 0x00000000e3400000|100%| O|  |TAMS 0x00000000e3400000| PB 0x00000000e3300000| Untracked 
|  52|0x00000000e3400000, 0x00000000e3500000, 0x00000000e3500000|100%| O|  |TAMS 0x00000000e3500000| PB 0x00000000e3400000| Untracked 
|  53|0x00000000e3500000, 0x00000000e3600000, 0x00000000e3600000|100%|HS|  |TAMS 0x00000000e3600000| PB 0x00000000e3500000| Complete 
|  54|0x00000000e3600000, 0x00000000e3700000, 0x00000000e3700000|100%| O|  |TAMS 0x00000000e3700000| PB 0x00000000e3600000| Untracked 
|  55|0x00000000e3700000, 0x00000000e3800000, 0x00000000e3800000|100%|HS|  |TAMS 0x00000000e3800000| PB 0x00000000e3700000| Complete 
|  56|0x00000000e3800000, 0x00000000e3900000, 0x00000000e3900000|100%|HC|  |TAMS 0x00000000e3900000| PB 0x00000000e3800000| Complete 
|  57|0x00000000e3900000, 0x00000000e3a00000, 0x00000000e3a00000|100%| O|  |TAMS 0x00000000e3a00000| PB 0x00000000e3900000| Untracked 
|  58|0x00000000e3a00000, 0x00000000e3b00000, 0x00000000e3b00000|100%| O|  |TAMS 0x00000000e3b00000| PB 0x00000000e3a00000| Untracked 
|  59|0x00000000e3b00000, 0x00000000e3c00000, 0x00000000e3c00000|100%| O|  |TAMS 0x00000000e3c00000| PB 0x00000000e3b00000| Untracked 
|  60|0x00000000e3c00000, 0x00000000e3d00000, 0x00000000e3d00000|100%| O|  |TAMS 0x00000000e3d00000| PB 0x00000000e3c00000| Untracked 
|  61|0x00000000e3d00000, 0x00000000e3e00000, 0x00000000e3e00000|100%| O|  |TAMS 0x00000000e3e00000| PB 0x00000000e3d00000| Untracked 
|  62|0x00000000e3e00000, 0x00000000e3f00000, 0x00000000e3f00000|100%| O|  |TAMS 0x00000000e3f00000| PB 0x00000000e3e00000| Untracked 
|  63|0x00000000e3f00000, 0x00000000e4000000, 0x00000000e4000000|100%| O|  |TAMS 0x00000000e4000000| PB 0x00000000e3f00000| Untracked 
|  64|0x00000000e4000000, 0x00000000e4100000, 0x00000000e4100000|100%| O|  |TAMS 0x00000000e4100000| PB 0x00000000e4000000| Untracked 
|  65|0x00000000e4100000, 0x00000000e4200000, 0x00000000e4200000|100%|HS|  |TAMS 0x00000000e4200000| PB 0x00000000e4100000| Complete 
|  66|0x00000000e4200000, 0x00000000e4300000, 0x00000000e4300000|100%| O|  |TAMS 0x00000000e4300000| PB 0x00000000e4200000| Untracked 
|  67|0x00000000e4300000, 0x00000000e4400000, 0x00000000e4400000|100%| O|  |TAMS 0x00000000e4400000| PB 0x00000000e4300000| Untracked 
|  68|0x00000000e4400000, 0x00000000e4500000, 0x00000000e4500000|100%| O|  |TAMS 0x00000000e4500000| PB 0x00000000e4400000| Untracked 
|  69|0x00000000e4500000, 0x00000000e4600000, 0x00000000e4600000|100%| O|  |TAMS 0x00000000e4600000| PB 0x00000000e4500000| Untracked 
|  70|0x00000000e4600000, 0x00000000e4700000, 0x00000000e4700000|100%| O|  |TAMS 0x00000000e4700000| PB 0x00000000e4600000| Untracked 
|  71|0x00000000e4700000, 0x00000000e4800000, 0x00000000e4800000|100%| O|  |TAMS 0x00000000e4800000| PB 0x00000000e4700000| Untracked 
|  72|0x00000000e4800000, 0x00000000e4900000, 0x00000000e4900000|100%| O|  |TAMS 0x00000000e4900000| PB 0x00000000e4800000| Untracked 
|  73|0x00000000e4900000, 0x00000000e4a00000, 0x00000000e4a00000|100%| O|  |TAMS 0x00000000e4a00000| PB 0x00000000e4900000| Untracked 
|  74|0x00000000e4a00000, 0x00000000e4b00000, 0x00000000e4b00000|100%| O|  |TAMS 0x00000000e4b00000| PB 0x00000000e4a00000| Untracked 
|  75|0x00000000e4b00000, 0x00000000e4c00000, 0x00000000e4c00000|100%| O|  |TAMS 0x00000000e4c00000| PB 0x00000000e4b00000| Untracked 
|  76|0x00000000e4c00000, 0x00000000e4d00000, 0x00000000e4d00000|100%| O|  |TAMS 0x00000000e4d00000| PB 0x00000000e4c00000| Untracked 
|  77|0x00000000e4d00000, 0x00000000e4e00000, 0x00000000e4e00000|100%| O|  |TAMS 0x00000000e4e00000| PB 0x00000000e4d00000| Untracked 
|  78|0x00000000e4e00000, 0x00000000e4f00000, 0x00000000e4f00000|100%| O|  |TAMS 0x00000000e4f00000| PB 0x00000000e4e00000| Untracked 
|  79|0x00000000e4f00000, 0x00000000e5000000, 0x00000000e5000000|100%| O|  |TAMS 0x00000000e5000000| PB 0x00000000e4f00000| Untracked 
|  80|0x00000000e5000000, 0x00000000e5100000, 0x00000000e5100000|100%| O|  |TAMS 0x00000000e5100000| PB 0x00000000e5000000| Untracked 
|  81|0x00000000e5100000, 0x00000000e5200000, 0x00000000e5200000|100%| O|  |TAMS 0x00000000e5200000| PB 0x00000000e5100000| Untracked 
|  82|0x00000000e5200000, 0x00000000e5300000, 0x00000000e5300000|100%| O|  |TAMS 0x00000000e5300000| PB 0x00000000e5200000| Untracked 
|  83|0x00000000e5300000, 0x00000000e5400000, 0x00000000e5400000|100%| O|  |TAMS 0x00000000e5400000| PB 0x00000000e5300000| Untracked 
|  84|0x00000000e5400000, 0x00000000e5500000, 0x00000000e5500000|100%| O|  |TAMS 0x00000000e5500000| PB 0x00000000e5400000| Untracked 
|  85|0x00000000e5500000, 0x00000000e5600000, 0x00000000e5600000|100%| O|  |TAMS 0x00000000e5600000| PB 0x00000000e5500000| Untracked 
|  86|0x00000000e5600000, 0x00000000e5700000, 0x00000000e5700000|100%| O|  |TAMS 0x00000000e5700000| PB 0x00000000e5600000| Untracked 
|  87|0x00000000e5700000, 0x00000000e5800000, 0x00000000e5800000|100%| O|  |TAMS 0x00000000e5800000| PB 0x00000000e5700000| Untracked 
|  88|0x00000000e5800000, 0x00000000e5900000, 0x00000000e5900000|100%| O|  |TAMS 0x00000000e5900000| PB 0x00000000e5800000| Untracked 
|  89|0x00000000e5900000, 0x00000000e5a00000, 0x00000000e5a00000|100%|HS|  |TAMS 0x00000000e5a00000| PB 0x00000000e5900000| Complete 
|  90|0x00000000e5a00000, 0x00000000e5b00000, 0x00000000e5b00000|100%| O|  |TAMS 0x00000000e5b00000| PB 0x00000000e5a00000| Untracked 
|  91|0x00000000e5b00000, 0x00000000e5c00000, 0x00000000e5c00000|100%| O|  |TAMS 0x00000000e5c00000| PB 0x00000000e5b00000| Untracked 
|  92|0x00000000e5c00000, 0x00000000e5d00000, 0x00000000e5d00000|100%| O|  |TAMS 0x00000000e5d00000| PB 0x00000000e5c00000| Untracked 
|  93|0x00000000e5d00000, 0x00000000e5e00000, 0x00000000e5e00000|100%| O|  |TAMS 0x00000000e5e00000| PB 0x00000000e5d00000| Untracked 
|  94|0x00000000e5e00000, 0x00000000e5f00000, 0x00000000e5f00000|100%|HS|  |TAMS 0x00000000e5f00000| PB 0x00000000e5e00000| Complete 
|  95|0x00000000e5f00000, 0x00000000e6000000, 0x00000000e6000000|100%|HC|  |TAMS 0x00000000e6000000| PB 0x00000000e5f00000| Complete 
|  96|0x00000000e6000000, 0x00000000e6100000, 0x00000000e6100000|100%| O|  |TAMS 0x00000000e6100000| PB 0x00000000e6000000| Untracked 
|  97|0x00000000e6100000, 0x00000000e6200000, 0x00000000e6200000|100%| O|  |TAMS 0x00000000e6200000| PB 0x00000000e6100000| Untracked 
|  98|0x00000000e6200000, 0x00000000e6300000, 0x00000000e6300000|100%| O|  |TAMS 0x00000000e6300000| PB 0x00000000e6200000| Untracked 
|  99|0x00000000e6300000, 0x00000000e6400000, 0x00000000e6400000|100%| O|  |TAMS 0x00000000e6400000| PB 0x00000000e6300000| Untracked 
| 100|0x00000000e6400000, 0x00000000e6500000, 0x00000000e6500000|100%|HS|  |TAMS 0x00000000e6500000| PB 0x00000000e6400000| Complete 
| 101|0x00000000e6500000, 0x00000000e6600000, 0x00000000e6600000|100%|HC|  |TAMS 0x00000000e6600000| PB 0x00000000e6500000| Complete 
| 102|0x00000000e6600000, 0x00000000e6700000, 0x00000000e6700000|100%|HC|  |TAMS 0x00000000e6700000| PB 0x00000000e6600000| Complete 
| 103|0x00000000e6700000, 0x00000000e6800000, 0x00000000e6800000|100%|HC|  |TAMS 0x00000000e6800000| PB 0x00000000e6700000| Complete 
| 104|0x00000000e6800000, 0x00000000e6900000, 0x00000000e6900000|100%|HS|  |TAMS 0x00000000e6900000| PB 0x00000000e6800000| Complete 
| 105|0x00000000e6900000, 0x00000000e6a00000, 0x00000000e6a00000|100%|HC|  |TAMS 0x00000000e6a00000| PB 0x00000000e6900000| Complete 
| 106|0x00000000e6a00000, 0x00000000e6b00000, 0x00000000e6b00000|100%|HC|  |TAMS 0x00000000e6b00000| PB 0x00000000e6a00000| Complete 
| 107|0x00000000e6b00000, 0x00000000e6c00000, 0x00000000e6c00000|100%|HC|  |TAMS 0x00000000e6c00000| PB 0x00000000e6b00000| Complete 
| 108|0x00000000e6c00000, 0x00000000e6d00000, 0x00000000e6d00000|100%|HS|  |TAMS 0x00000000e6d00000| PB 0x00000000e6c00000| Complete 
| 109|0x00000000e6d00000, 0x00000000e6e00000, 0x00000000e6e00000|100%|HS|  |TAMS 0x00000000e6e00000| PB 0x00000000e6d00000| Complete 
| 110|0x00000000e6e00000, 0x00000000e6f00000, 0x00000000e6f00000|100%|HS|  |TAMS 0x00000000e6f00000| PB 0x00000000e6e00000| Complete 
| 111|0x00000000e6f00000, 0x00000000e7000000, 0x00000000e7000000|100%|HS|  |TAMS 0x00000000e7000000| PB 0x00000000e6f00000| Complete 
| 112|0x00000000e7000000, 0x00000000e7100000, 0x00000000e7100000|100%|HS|  |TAMS 0x00000000e7100000| PB 0x00000000e7000000| Complete 
| 113|0x00000000e7100000, 0x00000000e7200000, 0x00000000e7200000|100%| O|  |TAMS 0x00000000e7200000| PB 0x00000000e7100000| Untracked 
| 114|0x00000000e7200000, 0x00000000e7300000, 0x00000000e7300000|100%| O|  |TAMS 0x00000000e7300000| PB 0x00000000e7200000| Untracked 
| 115|0x00000000e7300000, 0x00000000e7400000, 0x00000000e7400000|100%| O|  |TAMS 0x00000000e7400000| PB 0x00000000e7300000| Untracked 
| 116|0x00000000e7400000, 0x00000000e7500000, 0x00000000e7500000|100%| O|  |TAMS 0x00000000e7500000| PB 0x00000000e7400000| Untracked 
| 117|0x00000000e7500000, 0x00000000e7600000, 0x00000000e7600000|100%| O|  |TAMS 0x00000000e7600000| PB 0x00000000e7500000| Untracked 
| 118|0x00000000e7600000, 0x00000000e7700000, 0x00000000e7700000|100%|HS|  |TAMS 0x00000000e7700000| PB 0x00000000e7600000| Complete 
| 119|0x00000000e7700000, 0x00000000e7800000, 0x00000000e7800000|100%|HC|  |TAMS 0x00000000e7800000| PB 0x00000000e7700000| Complete 
| 120|0x00000000e7800000, 0x00000000e7900000, 0x00000000e7900000|100%|HS|  |TAMS 0x00000000e7900000| PB 0x00000000e7800000| Complete 
| 121|0x00000000e7900000, 0x00000000e7a00000, 0x00000000e7a00000|100%|HC|  |TAMS 0x00000000e7a00000| PB 0x00000000e7900000| Complete 
| 122|0x00000000e7a00000, 0x00000000e7b00000, 0x00000000e7b00000|100%|HC|  |TAMS 0x00000000e7b00000| PB 0x00000000e7a00000| Complete 
| 123|0x00000000e7b00000, 0x00000000e7c00000, 0x00000000e7c00000|100%|HS|  |TAMS 0x00000000e7c00000| PB 0x00000000e7b00000| Complete 
| 124|0x00000000e7c00000, 0x00000000e7d00000, 0x00000000e7d00000|100%|HC|  |TAMS 0x00000000e7d00000| PB 0x00000000e7c00000| Complete 
| 125|0x00000000e7d00000, 0x00000000e7e00000, 0x00000000e7e00000|100%|HS|  |TAMS 0x00000000e7e00000| PB 0x00000000e7d00000| Complete 
| 126|0x00000000e7e00000, 0x00000000e7f00000, 0x00000000e7f00000|100%|HC|  |TAMS 0x00000000e7f00000| PB 0x00000000e7e00000| Complete 
| 127|0x00000000e7f00000, 0x00000000e8000000, 0x00000000e8000000|100%|HS|  |TAMS 0x00000000e8000000| PB 0x00000000e7f00000| Complete 
| 128|0x00000000e8000000, 0x00000000e8100000, 0x00000000e8100000|100%|HC|  |TAMS 0x00000000e8100000| PB 0x00000000e8000000| Complete 
| 129|0x00000000e8100000, 0x00000000e8200000, 0x00000000e8200000|100%|HS|  |TAMS 0x00000000e8200000| PB 0x00000000e8100000| Complete 
| 130|0x00000000e8200000, 0x00000000e8300000, 0x00000000e8300000|100%|HC|  |TAMS 0x00000000e8300000| PB 0x00000000e8200000| Complete 
| 131|0x00000000e8300000, 0x00000000e8400000, 0x00000000e8400000|100%|HC|  |TAMS 0x00000000e8400000| PB 0x00000000e8300000| Complete 
| 132|0x00000000e8400000, 0x00000000e8500000, 0x00000000e8500000|100%|HS|  |TAMS 0x00000000e8500000| PB 0x00000000e8400000| Complete 
| 133|0x00000000e8500000, 0x00000000e8600000, 0x00000000e8600000|100%|HC|  |TAMS 0x00000000e8600000| PB 0x00000000e8500000| Complete 
| 134|0x00000000e8600000, 0x00000000e8700000, 0x00000000e8700000|100%|HC|  |TAMS 0x00000000e8700000| PB 0x00000000e8600000| Complete 
| 135|0x00000000e8700000, 0x00000000e8800000, 0x00000000e8800000|100%|HS|  |TAMS 0x00000000e8800000| PB 0x00000000e8700000| Complete 
| 136|0x00000000e8800000, 0x00000000e8900000, 0x00000000e8900000|100%| O|  |TAMS 0x00000000e8900000| PB 0x00000000e8800000| Untracked 
| 137|0x00000000e8900000, 0x00000000e8a00000, 0x00000000e8a00000|100%| O|  |TAMS 0x00000000e8a00000| PB 0x00000000e8900000| Untracked 
| 138|0x00000000e8a00000, 0x00000000e8b00000, 0x00000000e8b00000|100%| O|  |TAMS 0x00000000e8b00000| PB 0x00000000e8a00000| Untracked 
| 139|0x00000000e8b00000, 0x00000000e8c00000, 0x00000000e8c00000|100%| O|  |TAMS 0x00000000e8c00000| PB 0x00000000e8b00000| Untracked 
| 140|0x00000000e8c00000, 0x00000000e8d00000, 0x00000000e8d00000|100%| O|  |TAMS 0x00000000e8c00000| PB 0x00000000e8c00000| Untracked 
| 141|0x00000000e8d00000, 0x00000000e8e00000, 0x00000000e8e00000|100%| O|  |TAMS 0x00000000e8d00000| PB 0x00000000e8d00000| Untracked 
| 142|0x00000000e8e00000, 0x00000000e8f00000, 0x00000000e8f00000|100%| O|  |TAMS 0x00000000e8f00000| PB 0x00000000e8e00000| Untracked 
| 143|0x00000000e8f00000, 0x00000000e9000000, 0x00000000e9000000|100%| O|  |TAMS 0x00000000e9000000| PB 0x00000000e8f00000| Untracked 
| 144|0x00000000e9000000, 0x00000000e9100000, 0x00000000e9100000|100%|HS|  |TAMS 0x00000000e9100000| PB 0x00000000e9000000| Complete 
| 145|0x00000000e9100000, 0x00000000e9200000, 0x00000000e9200000|100%|HC|  |TAMS 0x00000000e9200000| PB 0x00000000e9100000| Complete 
| 146|0x00000000e9200000, 0x00000000e9300000, 0x00000000e9300000|100%|HC|  |TAMS 0x00000000e9300000| PB 0x00000000e9200000| Complete 
| 147|0x00000000e9300000, 0x00000000e9400000, 0x00000000e9400000|100%|HC|  |TAMS 0x00000000e9400000| PB 0x00000000e9300000| Complete 
| 148|0x00000000e9400000, 0x00000000e9500000, 0x00000000e9500000|100%| O|  |TAMS 0x00000000e9500000| PB 0x00000000e9400000| Untracked 
| 149|0x00000000e9500000, 0x00000000e9600000, 0x00000000e9600000|100%| O|  |TAMS 0x00000000e9600000| PB 0x00000000e9500000| Untracked 
| 150|0x00000000e9600000, 0x00000000e9700000, 0x00000000e9700000|100%|HS|  |TAMS 0x00000000e9700000| PB 0x00000000e9600000| Complete 
| 151|0x00000000e9700000, 0x00000000e9800000, 0x00000000e9800000|100%|HS|  |TAMS 0x00000000e9800000| PB 0x00000000e9700000| Complete 
| 152|0x00000000e9800000, 0x00000000e9900000, 0x00000000e9900000|100%|HC|  |TAMS 0x00000000e9900000| PB 0x00000000e9800000| Complete 
| 153|0x00000000e9900000, 0x00000000e9a00000, 0x00000000e9a00000|100%|HS|  |TAMS 0x00000000e9a00000| PB 0x00000000e9900000| Complete 
| 154|0x00000000e9a00000, 0x00000000e9b00000, 0x00000000e9b00000|100%|HS|  |TAMS 0x00000000e9b00000| PB 0x00000000e9a00000| Complete 
| 155|0x00000000e9b00000, 0x00000000e9c00000, 0x00000000e9c00000|100%|HS|  |TAMS 0x00000000e9c00000| PB 0x00000000e9b00000| Complete 
| 156|0x00000000e9c00000, 0x00000000e9d00000, 0x00000000e9d00000|100%|HC|  |TAMS 0x00000000e9d00000| PB 0x00000000e9c00000| Complete 
| 157|0x00000000e9d00000, 0x00000000e9e00000, 0x00000000e9e00000|100%|HC|  |TAMS 0x00000000e9e00000| PB 0x00000000e9d00000| Complete 
| 158|0x00000000e9e00000, 0x00000000e9f00000, 0x00000000e9f00000|100%| O|  |TAMS 0x00000000e9f00000| PB 0x00000000e9e00000| Untracked 
| 159|0x00000000e9f00000, 0x00000000ea000000, 0x00000000ea000000|100%| O|  |TAMS 0x00000000ea000000| PB 0x00000000e9f00000| Untracked 
| 160|0x00000000ea000000, 0x00000000ea100000, 0x00000000ea100000|100%| O|  |TAMS 0x00000000ea100000| PB 0x00000000ea000000| Untracked 
| 161|0x00000000ea100000, 0x00000000ea200000, 0x00000000ea200000|100%|HS|  |TAMS 0x00000000ea200000| PB 0x00000000ea100000| Complete 
| 162|0x00000000ea200000, 0x00000000ea300000, 0x00000000ea300000|100%|HC|  |TAMS 0x00000000ea300000| PB 0x00000000ea200000| Complete 
| 163|0x00000000ea300000, 0x00000000ea400000, 0x00000000ea400000|100%|HC|  |TAMS 0x00000000ea400000| PB 0x00000000ea300000| Complete 
| 164|0x00000000ea400000, 0x00000000ea500000, 0x00000000ea500000|100%|HC|  |TAMS 0x00000000ea500000| PB 0x00000000ea400000| Complete 
| 165|0x00000000ea500000, 0x00000000ea600000, 0x00000000ea600000|100%| O|  |TAMS 0x00000000ea600000| PB 0x00000000ea500000| Untracked 
| 166|0x00000000ea600000, 0x00000000ea700000, 0x00000000ea700000|100%|HS|  |TAMS 0x00000000ea700000| PB 0x00000000ea600000| Complete 
| 167|0x00000000ea700000, 0x00000000ea800000, 0x00000000ea800000|100%| O|  |TAMS 0x00000000ea800000| PB 0x00000000ea700000| Untracked 
| 168|0x00000000ea800000, 0x00000000ea900000, 0x00000000ea900000|100%|HS|  |TAMS 0x00000000ea900000| PB 0x00000000ea800000| Complete 
| 169|0x00000000ea900000, 0x00000000eaa00000, 0x00000000eaa00000|100%| O|  |TAMS 0x00000000eaa00000| PB 0x00000000ea900000| Untracked 
| 170|0x00000000eaa00000, 0x00000000eab00000, 0x00000000eab00000|100%|HS|  |TAMS 0x00000000eab00000| PB 0x00000000eaa00000| Complete 
| 171|0x00000000eab00000, 0x00000000eac00000, 0x00000000eac00000|100%| O|  |TAMS 0x00000000eac00000| PB 0x00000000eab00000| Untracked 
| 172|0x00000000eac00000, 0x00000000ead00000, 0x00000000ead00000|100%|HS|  |TAMS 0x00000000ead00000| PB 0x00000000eac00000| Complete 
| 173|0x00000000ead00000, 0x00000000eae00000, 0x00000000eae00000|100%| O|  |TAMS 0x00000000eae00000| PB 0x00000000ead00000| Untracked 
| 174|0x00000000eae00000, 0x00000000eaf00000, 0x00000000eaf00000|100%| O|  |TAMS 0x00000000eaf00000| PB 0x00000000eae00000| Untracked 
| 175|0x00000000eaf00000, 0x00000000eb000000, 0x00000000eb000000|100%| O|  |TAMS 0x00000000eb000000| PB 0x00000000eaf00000| Untracked 
| 176|0x00000000eb000000, 0x00000000eb100000, 0x00000000eb100000|100%|HS|  |TAMS 0x00000000eb100000| PB 0x00000000eb000000| Complete 
| 177|0x00000000eb100000, 0x00000000eb200000, 0x00000000eb200000|100%|HC|  |TAMS 0x00000000eb200000| PB 0x00000000eb100000| Complete 
| 178|0x00000000eb200000, 0x00000000eb300000, 0x00000000eb300000|100%| O|  |TAMS 0x00000000eb300000| PB 0x00000000eb200000| Untracked 
| 179|0x00000000eb300000, 0x00000000eb400000, 0x00000000eb400000|100%| O|  |TAMS 0x00000000eb400000| PB 0x00000000eb300000| Untracked 
| 180|0x00000000eb400000, 0x00000000eb500000, 0x00000000eb500000|100%| O|  |TAMS 0x00000000eb500000| PB 0x00000000eb400000| Untracked 
| 181|0x00000000eb500000, 0x00000000eb600000, 0x00000000eb600000|100%|HS|  |TAMS 0x00000000eb600000| PB 0x00000000eb500000| Complete 
| 182|0x00000000eb600000, 0x00000000eb700000, 0x00000000eb700000|100%|HC|  |TAMS 0x00000000eb700000| PB 0x00000000eb600000| Complete 
| 183|0x00000000eb700000, 0x00000000eb800000, 0x00000000eb800000|100%| O|  |TAMS 0x00000000eb800000| PB 0x00000000eb700000| Untracked 
| 184|0x00000000eb800000, 0x00000000eb900000, 0x00000000eb900000|100%|HS|  |TAMS 0x00000000eb900000| PB 0x00000000eb800000| Complete 
| 185|0x00000000eb900000, 0x00000000eba00000, 0x00000000eba00000|100%|HC|  |TAMS 0x00000000eba00000| PB 0x00000000eb900000| Complete 
| 186|0x00000000eba00000, 0x00000000ebb00000, 0x00000000ebb00000|100%|HC|  |TAMS 0x00000000ebb00000| PB 0x00000000eba00000| Complete 
| 187|0x00000000ebb00000, 0x00000000ebc00000, 0x00000000ebc00000|100%| O|  |TAMS 0x00000000ebc00000| PB 0x00000000ebb00000| Untracked 
| 188|0x00000000ebc00000, 0x00000000ebd00000, 0x00000000ebd00000|100%| O|  |TAMS 0x00000000ebd00000| PB 0x00000000ebc00000| Untracked 
| 189|0x00000000ebd00000, 0x00000000ebe00000, 0x00000000ebe00000|100%| O|  |TAMS 0x00000000ebe00000| PB 0x00000000ebd00000| Untracked 
| 190|0x00000000ebe00000, 0x00000000ebf00000, 0x00000000ebf00000|100%|HS|  |TAMS 0x00000000ebf00000| PB 0x00000000ebe00000| Complete 
| 191|0x00000000ebf00000, 0x00000000ec000000, 0x00000000ec000000|100%|HC|  |TAMS 0x00000000ec000000| PB 0x00000000ebf00000| Complete 
| 192|0x00000000ec000000, 0x00000000ec100000, 0x00000000ec100000|100%| O|  |TAMS 0x00000000ec100000| PB 0x00000000ec000000| Untracked 
| 193|0x00000000ec100000, 0x00000000ec200000, 0x00000000ec200000|100%|HS|  |TAMS 0x00000000ec200000| PB 0x00000000ec100000| Complete 
| 194|0x00000000ec200000, 0x00000000ec300000, 0x00000000ec300000|100%| O|  |TAMS 0x00000000ec300000| PB 0x00000000ec200000| Untracked 
| 195|0x00000000ec300000, 0x00000000ec400000, 0x00000000ec400000|100%| O|  |TAMS 0x00000000ec400000| PB 0x00000000ec300000| Untracked 
| 196|0x00000000ec400000, 0x00000000ec500000, 0x00000000ec500000|100%| O|  |TAMS 0x00000000ec500000| PB 0x00000000ec400000| Untracked 
| 197|0x00000000ec500000, 0x00000000ec600000, 0x00000000ec600000|100%|HS|  |TAMS 0x00000000ec600000| PB 0x00000000ec500000| Complete 
| 198|0x00000000ec600000, 0x00000000ec700000, 0x00000000ec700000|100%|HC|  |TAMS 0x00000000ec700000| PB 0x00000000ec600000| Complete 
| 199|0x00000000ec700000, 0x00000000ec800000, 0x00000000ec800000|100%| O|  |TAMS 0x00000000ec800000| PB 0x00000000ec700000| Untracked 
| 200|0x00000000ec800000, 0x00000000ec900000, 0x00000000ec900000|100%| O|  |TAMS 0x00000000ec900000| PB 0x00000000ec800000| Untracked 
| 201|0x00000000ec900000, 0x00000000eca00000, 0x00000000eca00000|100%| O|  |TAMS 0x00000000eca00000| PB 0x00000000ec900000| Untracked 
| 202|0x00000000eca00000, 0x00000000ecb00000, 0x00000000ecb00000|100%|HS|  |TAMS 0x00000000ecb00000| PB 0x00000000eca00000| Complete 
| 203|0x00000000ecb00000, 0x00000000ecc00000, 0x00000000ecc00000|100%|HC|  |TAMS 0x00000000ecc00000| PB 0x00000000ecb00000| Complete 
| 204|0x00000000ecc00000, 0x00000000ecd00000, 0x00000000ecd00000|100%| O|  |TAMS 0x00000000ecd00000| PB 0x00000000ecc00000| Untracked 
| 205|0x00000000ecd00000, 0x00000000ece00000, 0x00000000ece00000|100%| O|  |TAMS 0x00000000ece00000| PB 0x00000000ecd00000| Untracked 
| 206|0x00000000ece00000, 0x00000000ecf00000, 0x00000000ecf00000|100%| O|  |TAMS 0x00000000ecf00000| PB 0x00000000ece00000| Untracked 
| 207|0x00000000ecf00000, 0x00000000ed000000, 0x00000000ed000000|100%| O|  |TAMS 0x00000000ed000000| PB 0x00000000ecf00000| Untracked 
| 208|0x00000000ed000000, 0x00000000ed100000, 0x00000000ed100000|100%| O|  |TAMS 0x00000000ed100000| PB 0x00000000ed000000| Untracked 
| 209|0x00000000ed100000, 0x00000000ed200000, 0x00000000ed200000|100%| O|  |TAMS 0x00000000ed200000| PB 0x00000000ed100000| Untracked 
| 210|0x00000000ed200000, 0x00000000ed300000, 0x00000000ed300000|100%| O|  |TAMS 0x00000000ed300000| PB 0x00000000ed200000| Untracked 
| 211|0x00000000ed300000, 0x00000000ed400000, 0x00000000ed400000|100%| O|  |TAMS 0x00000000ed400000| PB 0x00000000ed300000| Untracked 
| 212|0x00000000ed400000, 0x00000000ed500000, 0x00000000ed500000|100%| O|  |TAMS 0x00000000ed500000| PB 0x00000000ed400000| Untracked 
| 213|0x00000000ed500000, 0x00000000ed600000, 0x00000000ed600000|100%| O|  |TAMS 0x00000000ed600000| PB 0x00000000ed500000| Untracked 
| 214|0x00000000ed600000, 0x00000000ed700000, 0x00000000ed700000|100%| O|  |TAMS 0x00000000ed700000| PB 0x00000000ed600000| Untracked 
| 215|0x00000000ed700000, 0x00000000ed800000, 0x00000000ed800000|100%| O|  |TAMS 0x00000000ed800000| PB 0x00000000ed700000| Untracked 
| 216|0x00000000ed800000, 0x00000000ed900000, 0x00000000ed900000|100%| O|  |TAMS 0x00000000ed900000| PB 0x00000000ed800000| Untracked 
| 217|0x00000000ed900000, 0x00000000eda00000, 0x00000000eda00000|100%| O|  |TAMS 0x00000000eda00000| PB 0x00000000ed900000| Untracked 
| 218|0x00000000eda00000, 0x00000000edb00000, 0x00000000edb00000|100%| O|  |TAMS 0x00000000edb00000| PB 0x00000000eda00000| Untracked 
| 219|0x00000000edb00000, 0x00000000edc00000, 0x00000000edc00000|100%| O|  |TAMS 0x00000000edc00000| PB 0x00000000edb00000| Untracked 
| 220|0x00000000edc00000, 0x00000000edd00000, 0x00000000edd00000|100%| O|  |TAMS 0x00000000edd00000| PB 0x00000000edc00000| Untracked 
| 221|0x00000000edd00000, 0x00000000ede00000, 0x00000000ede00000|100%| O|  |TAMS 0x00000000ede00000| PB 0x00000000edd00000| Untracked 
| 222|0x00000000ede00000, 0x00000000edf00000, 0x00000000edf00000|100%| O|  |TAMS 0x00000000edf00000| PB 0x00000000ede00000| Untracked 
| 223|0x00000000edf00000, 0x00000000ee000000, 0x00000000ee000000|100%| O|  |TAMS 0x00000000ee000000| PB 0x00000000edf00000| Untracked 
| 224|0x00000000ee000000, 0x00000000ee100000, 0x00000000ee100000|100%| O|  |TAMS 0x00000000ee100000| PB 0x00000000ee000000| Untracked 
| 225|0x00000000ee100000, 0x00000000ee200000, 0x00000000ee200000|100%| O|  |TAMS 0x00000000ee200000| PB 0x00000000ee100000| Untracked 
| 226|0x00000000ee200000, 0x00000000ee300000, 0x00000000ee300000|100%| O|  |TAMS 0x00000000ee300000| PB 0x00000000ee200000| Untracked 
| 227|0x00000000ee300000, 0x00000000ee400000, 0x00000000ee400000|100%| O|  |TAMS 0x00000000ee400000| PB 0x00000000ee300000| Untracked 
| 228|0x00000000ee400000, 0x00000000ee500000, 0x00000000ee500000|100%|HS|  |TAMS 0x00000000ee500000| PB 0x00000000ee400000| Complete 
| 229|0x00000000ee500000, 0x00000000ee600000, 0x00000000ee600000|100%|HC|  |TAMS 0x00000000ee600000| PB 0x00000000ee500000| Complete 
| 230|0x00000000ee600000, 0x00000000ee700000, 0x00000000ee700000|100%|HS|  |TAMS 0x00000000ee700000| PB 0x00000000ee600000| Complete 
| 231|0x00000000ee700000, 0x00000000ee800000, 0x00000000ee800000|100%| O|  |TAMS 0x00000000ee800000| PB 0x00000000ee700000| Untracked 
| 232|0x00000000ee800000, 0x00000000ee900000, 0x00000000ee900000|100%| O|  |TAMS 0x00000000ee900000| PB 0x00000000ee800000| Untracked 
| 233|0x00000000ee900000, 0x00000000eea00000, 0x00000000eea00000|100%| O|  |TAMS 0x00000000eea00000| PB 0x00000000ee900000| Untracked 
| 234|0x00000000eea00000, 0x00000000eeb00000, 0x00000000eeb00000|100%| O|  |TAMS 0x00000000eeb00000| PB 0x00000000eea00000| Untracked 
| 235|0x00000000eeb00000, 0x00000000eec00000, 0x00000000eec00000|100%| O|  |TAMS 0x00000000eec00000| PB 0x00000000eeb00000| Untracked 
| 236|0x00000000eec00000, 0x00000000eed00000, 0x00000000eed00000|100%|HS|  |TAMS 0x00000000eed00000| PB 0x00000000eec00000| Complete 
| 237|0x00000000eed00000, 0x00000000eee00000, 0x00000000eee00000|100%|HC|  |TAMS 0x00000000eee00000| PB 0x00000000eed00000| Complete 
| 238|0x00000000eee00000, 0x00000000eef00000, 0x00000000eef00000|100%|HC|  |TAMS 0x00000000eef00000| PB 0x00000000eee00000| Complete 
| 239|0x00000000eef00000, 0x00000000ef000000, 0x00000000ef000000|100%| O|  |TAMS 0x00000000ef000000| PB 0x00000000eef00000| Untracked 
| 240|0x00000000ef000000, 0x00000000ef100000, 0x00000000ef100000|100%| O|  |TAMS 0x00000000ef100000| PB 0x00000000ef000000| Untracked 
| 241|0x00000000ef100000, 0x00000000ef200000, 0x00000000ef200000|100%| O|  |TAMS 0x00000000ef200000| PB 0x00000000ef100000| Untracked 
| 242|0x00000000ef200000, 0x00000000ef300000, 0x00000000ef300000|100%| O|  |TAMS 0x00000000ef300000| PB 0x00000000ef200000| Untracked 
| 243|0x00000000ef300000, 0x00000000ef400000, 0x00000000ef400000|100%| O|  |TAMS 0x00000000ef400000| PB 0x00000000ef300000| Untracked 
| 244|0x00000000ef400000, 0x00000000ef500000, 0x00000000ef500000|100%| O|  |TAMS 0x00000000ef500000| PB 0x00000000ef400000| Untracked 
| 245|0x00000000ef500000, 0x00000000ef600000, 0x00000000ef600000|100%| O|  |TAMS 0x00000000ef600000| PB 0x00000000ef500000| Untracked 
| 246|0x00000000ef600000, 0x00000000ef700000, 0x00000000ef700000|100%| O|  |TAMS 0x00000000ef700000| PB 0x00000000ef600000| Untracked 
| 247|0x00000000ef700000, 0x00000000ef800000, 0x00000000ef800000|100%| O|  |TAMS 0x00000000ef800000| PB 0x00000000ef700000| Untracked 
| 248|0x00000000ef800000, 0x00000000ef900000, 0x00000000ef900000|100%| O|  |TAMS 0x00000000ef900000| PB 0x00000000ef800000| Untracked 
| 249|0x00000000ef900000, 0x00000000efa00000, 0x00000000efa00000|100%| O|  |TAMS 0x00000000efa00000| PB 0x00000000ef900000| Untracked 
| 250|0x00000000efa00000, 0x00000000efb00000, 0x00000000efb00000|100%| O|  |TAMS 0x00000000efb00000| PB 0x00000000efa00000| Untracked 
| 251|0x00000000efb00000, 0x00000000efc00000, 0x00000000efc00000|100%| O|  |TAMS 0x00000000efc00000| PB 0x00000000efb00000| Untracked 
| 252|0x00000000efc00000, 0x00000000efd00000, 0x00000000efd00000|100%| O|  |TAMS 0x00000000efd00000| PB 0x00000000efc00000| Untracked 
| 253|0x00000000efd00000, 0x00000000efe00000, 0x00000000efe00000|100%| O|  |TAMS 0x00000000efe00000| PB 0x00000000efd00000| Untracked 
| 254|0x00000000efe00000, 0x00000000eff00000, 0x00000000eff00000|100%| O|  |TAMS 0x00000000eff00000| PB 0x00000000efe00000| Untracked 
| 255|0x00000000eff00000, 0x00000000f0000000, 0x00000000f0000000|100%| O|  |TAMS 0x00000000f0000000| PB 0x00000000eff00000| Untracked 
| 256|0x00000000f0000000, 0x00000000f0100000, 0x00000000f0100000|100%| O|  |TAMS 0x00000000f0100000| PB 0x00000000f0000000| Untracked 
| 257|0x00000000f0100000, 0x00000000f0200000, 0x00000000f0200000|100%| O|  |TAMS 0x00000000f0200000| PB 0x00000000f0100000| Untracked 
| 258|0x00000000f0200000, 0x00000000f0300000, 0x00000000f0300000|100%| O|  |TAMS 0x00000000f0300000| PB 0x00000000f0200000| Untracked 
| 259|0x00000000f0300000, 0x00000000f0400000, 0x00000000f0400000|100%| O|  |TAMS 0x00000000f0400000| PB 0x00000000f0300000| Untracked 
| 260|0x00000000f0400000, 0x00000000f0500000, 0x00000000f0500000|100%| O|  |TAMS 0x00000000f0500000| PB 0x00000000f0400000| Untracked 
| 261|0x00000000f0500000, 0x00000000f0600000, 0x00000000f0600000|100%| O|  |TAMS 0x00000000f0600000| PB 0x00000000f0500000| Untracked 
| 262|0x00000000f0600000, 0x00000000f0700000, 0x00000000f0700000|100%| O|  |TAMS 0x00000000f0700000| PB 0x00000000f0600000| Untracked 
| 263|0x00000000f0700000, 0x00000000f0800000, 0x00000000f0800000|100%| O|  |TAMS 0x00000000f0800000| PB 0x00000000f0700000| Untracked 
| 264|0x00000000f0800000, 0x00000000f0900000, 0x00000000f0900000|100%| O|  |TAMS 0x00000000f0900000| PB 0x00000000f0800000| Untracked 
| 265|0x00000000f0900000, 0x00000000f0a00000, 0x00000000f0a00000|100%| O|  |TAMS 0x00000000f0a00000| PB 0x00000000f0900000| Untracked 
| 266|0x00000000f0a00000, 0x00000000f0b00000, 0x00000000f0b00000|100%| O|  |TAMS 0x00000000f0b00000| PB 0x00000000f0a00000| Untracked 
| 267|0x00000000f0b00000, 0x00000000f0c00000, 0x00000000f0c00000|100%| O|  |TAMS 0x00000000f0c00000| PB 0x00000000f0b00000| Untracked 
| 268|0x00000000f0c00000, 0x00000000f0d00000, 0x00000000f0d00000|100%| O|  |TAMS 0x00000000f0d00000| PB 0x00000000f0c00000| Untracked 
| 269|0x00000000f0d00000, 0x00000000f0e00000, 0x00000000f0e00000|100%| O|  |TAMS 0x00000000f0e00000| PB 0x00000000f0d00000| Untracked 
| 270|0x00000000f0e00000, 0x00000000f0f00000, 0x00000000f0f00000|100%| O|  |TAMS 0x00000000f0f00000| PB 0x00000000f0e00000| Untracked 
| 271|0x00000000f0f00000, 0x00000000f1000000, 0x00000000f1000000|100%| O|  |TAMS 0x00000000f1000000| PB 0x00000000f0f00000| Untracked 
| 272|0x00000000f1000000, 0x00000000f1100000, 0x00000000f1100000|100%| O|  |TAMS 0x00000000f1100000| PB 0x00000000f1000000| Untracked 
| 273|0x00000000f1100000, 0x00000000f1200000, 0x00000000f1200000|100%| O|  |TAMS 0x00000000f1200000| PB 0x00000000f1100000| Untracked 
| 274|0x00000000f1200000, 0x00000000f1300000, 0x00000000f1300000|100%| O|  |TAMS 0x00000000f1300000| PB 0x00000000f1200000| Untracked 
| 275|0x00000000f1300000, 0x00000000f1400000, 0x00000000f1400000|100%| O|  |TAMS 0x00000000f1400000| PB 0x00000000f1300000| Untracked 
| 276|0x00000000f1400000, 0x00000000f1500000, 0x00000000f1500000|100%| O|  |TAMS 0x00000000f1500000| PB 0x00000000f1400000| Untracked 
| 277|0x00000000f1500000, 0x00000000f1600000, 0x00000000f1600000|100%| O|  |TAMS 0x00000000f1600000| PB 0x00000000f1500000| Untracked 
| 278|0x00000000f1600000, 0x00000000f1700000, 0x00000000f1700000|100%| O|  |TAMS 0x00000000f1700000| PB 0x00000000f1600000| Untracked 
| 279|0x00000000f1700000, 0x00000000f1800000, 0x00000000f1800000|100%| O|  |TAMS 0x00000000f1800000| PB 0x00000000f1700000| Untracked 
| 280|0x00000000f1800000, 0x00000000f1900000, 0x00000000f1900000|100%| O|  |TAMS 0x00000000f1900000| PB 0x00000000f1800000| Untracked 
| 281|0x00000000f1900000, 0x00000000f1a00000, 0x00000000f1a00000|100%| O|  |TAMS 0x00000000f1a00000| PB 0x00000000f1900000| Untracked 
| 282|0x00000000f1a00000, 0x00000000f1b00000, 0x00000000f1b00000|100%| O|  |TAMS 0x00000000f1b00000| PB 0x00000000f1a00000| Untracked 
| 283|0x00000000f1b00000, 0x00000000f1c00000, 0x00000000f1c00000|100%| O|  |TAMS 0x00000000f1c00000| PB 0x00000000f1b00000| Untracked 
| 284|0x00000000f1c00000, 0x00000000f1d00000, 0x00000000f1d00000|100%| O|  |TAMS 0x00000000f1d00000| PB 0x00000000f1c00000| Untracked 
| 285|0x00000000f1d00000, 0x00000000f1e00000, 0x00000000f1e00000|100%| O|  |TAMS 0x00000000f1e00000| PB 0x00000000f1d00000| Untracked 
| 286|0x00000000f1e00000, 0x00000000f1f00000, 0x00000000f1f00000|100%| O|  |TAMS 0x00000000f1f00000| PB 0x00000000f1e00000| Untracked 
| 287|0x00000000f1f00000, 0x00000000f2000000, 0x00000000f2000000|100%| O|  |TAMS 0x00000000f2000000| PB 0x00000000f1f00000| Untracked 
| 288|0x00000000f2000000, 0x00000000f2100000, 0x00000000f2100000|100%| O|  |TAMS 0x00000000f2100000| PB 0x00000000f2000000| Untracked 
| 289|0x00000000f2100000, 0x00000000f2200000, 0x00000000f2200000|100%| O|  |TAMS 0x00000000f2200000| PB 0x00000000f2100000| Untracked 
| 290|0x00000000f2200000, 0x00000000f2300000, 0x00000000f2300000|100%| O|  |TAMS 0x00000000f2300000| PB 0x00000000f2200000| Untracked 
| 291|0x00000000f2300000, 0x00000000f2400000, 0x00000000f2400000|100%| O|  |TAMS 0x00000000f2400000| PB 0x00000000f2300000| Untracked 
| 292|0x00000000f2400000, 0x00000000f2500000, 0x00000000f2500000|100%| O|  |TAMS 0x00000000f2500000| PB 0x00000000f2400000| Untracked 
| 293|0x00000000f2500000, 0x00000000f2600000, 0x00000000f2600000|100%| O|  |TAMS 0x00000000f2600000| PB 0x00000000f2500000| Untracked 
| 294|0x00000000f2600000, 0x00000000f2700000, 0x00000000f2700000|100%| O|  |TAMS 0x00000000f2700000| PB 0x00000000f2600000| Untracked 
| 295|0x00000000f2700000, 0x00000000f2800000, 0x00000000f2800000|100%| O|  |TAMS 0x00000000f2800000| PB 0x00000000f2700000| Untracked 
| 296|0x00000000f2800000, 0x00000000f2900000, 0x00000000f2900000|100%| O|  |TAMS 0x00000000f2900000| PB 0x00000000f2800000| Untracked 
| 297|0x00000000f2900000, 0x00000000f2a00000, 0x00000000f2a00000|100%| O|  |TAMS 0x00000000f2a00000| PB 0x00000000f2900000| Untracked 
| 298|0x00000000f2a00000, 0x00000000f2b00000, 0x00000000f2b00000|100%| O|  |TAMS 0x00000000f2b00000| PB 0x00000000f2a00000| Untracked 
| 299|0x00000000f2b00000, 0x00000000f2c00000, 0x00000000f2c00000|100%| O|  |TAMS 0x00000000f2c00000| PB 0x00000000f2b00000| Untracked 
| 300|0x00000000f2c00000, 0x00000000f2d00000, 0x00000000f2d00000|100%| O|  |TAMS 0x00000000f2d00000| PB 0x00000000f2c00000| Untracked 
| 301|0x00000000f2d00000, 0x00000000f2e00000, 0x00000000f2e00000|100%| O|  |TAMS 0x00000000f2e00000| PB 0x00000000f2d00000| Untracked 
| 302|0x00000000f2e00000, 0x00000000f2f00000, 0x00000000f2f00000|100%| O|  |TAMS 0x00000000f2f00000| PB 0x00000000f2e00000| Untracked 
| 303|0x00000000f2f00000, 0x00000000f3000000, 0x00000000f3000000|100%| O|  |TAMS 0x00000000f3000000| PB 0x00000000f2f00000| Untracked 
| 304|0x00000000f3000000, 0x00000000f3100000, 0x00000000f3100000|100%| O|  |TAMS 0x00000000f3100000| PB 0x00000000f3000000| Untracked 
| 305|0x00000000f3100000, 0x00000000f3200000, 0x00000000f3200000|100%| O|  |TAMS 0x00000000f3200000| PB 0x00000000f3100000| Untracked 
| 306|0x00000000f3200000, 0x00000000f3300000, 0x00000000f3300000|100%| O|  |TAMS 0x00000000f3300000| PB 0x00000000f3200000| Untracked 
| 307|0x00000000f3300000, 0x00000000f3400000, 0x00000000f3400000|100%| O|  |TAMS 0x00000000f3400000| PB 0x00000000f3300000| Untracked 
| 308|0x00000000f3400000, 0x00000000f3500000, 0x00000000f3500000|100%| O|  |TAMS 0x00000000f3500000| PB 0x00000000f3400000| Untracked 
| 309|0x00000000f3500000, 0x00000000f3600000, 0x00000000f3600000|100%| O|  |TAMS 0x00000000f3600000| PB 0x00000000f3500000| Untracked 
| 310|0x00000000f3600000, 0x00000000f3700000, 0x00000000f3700000|100%| O|  |TAMS 0x00000000f3700000| PB 0x00000000f3600000| Untracked 
| 311|0x00000000f3700000, 0x00000000f3800000, 0x00000000f3800000|100%| O|  |TAMS 0x00000000f3800000| PB 0x00000000f3700000| Untracked 
| 312|0x00000000f3800000, 0x00000000f3900000, 0x00000000f3900000|100%| O|  |TAMS 0x00000000f3900000| PB 0x00000000f3800000| Untracked 
| 313|0x00000000f3900000, 0x00000000f3a00000, 0x00000000f3a00000|100%| O|  |TAMS 0x00000000f3a00000| PB 0x00000000f3900000| Untracked 
| 314|0x00000000f3a00000, 0x00000000f3b00000, 0x00000000f3b00000|100%| O|  |TAMS 0x00000000f3b00000| PB 0x00000000f3a00000| Untracked 
| 315|0x00000000f3b00000, 0x00000000f3c00000, 0x00000000f3c00000|100%| O|  |TAMS 0x00000000f3c00000| PB 0x00000000f3b00000| Untracked 
| 316|0x00000000f3c00000, 0x00000000f3d00000, 0x00000000f3d00000|100%| O|  |TAMS 0x00000000f3d00000| PB 0x00000000f3c00000| Untracked 
| 317|0x00000000f3d00000, 0x00000000f3e00000, 0x00000000f3e00000|100%| O|  |TAMS 0x00000000f3e00000| PB 0x00000000f3d00000| Untracked 
| 318|0x00000000f3e00000, 0x00000000f3f00000, 0x00000000f3f00000|100%| O|  |TAMS 0x00000000f3f00000| PB 0x00000000f3e00000| Untracked 
| 319|0x00000000f3f00000, 0x00000000f4000000, 0x00000000f4000000|100%| O|  |TAMS 0x00000000f4000000| PB 0x00000000f3f00000| Untracked 
| 320|0x00000000f4000000, 0x00000000f4100000, 0x00000000f4100000|100%| O|  |TAMS 0x00000000f4100000| PB 0x00000000f4000000| Untracked 
| 321|0x00000000f4100000, 0x00000000f4200000, 0x00000000f4200000|100%| O|  |TAMS 0x00000000f4200000| PB 0x00000000f4100000| Untracked 
| 322|0x00000000f4200000, 0x00000000f4300000, 0x00000000f4300000|100%| O|  |TAMS 0x00000000f4300000| PB 0x00000000f4200000| Untracked 
| 323|0x00000000f4300000, 0x00000000f4400000, 0x00000000f4400000|100%| O|  |TAMS 0x00000000f4400000| PB 0x00000000f4300000| Untracked 
| 324|0x00000000f4400000, 0x00000000f4500000, 0x00000000f4500000|100%| O|  |TAMS 0x00000000f4500000| PB 0x00000000f4400000| Untracked 
| 325|0x00000000f4500000, 0x00000000f4600000, 0x00000000f4600000|100%| O|  |TAMS 0x00000000f4600000| PB 0x00000000f4500000| Untracked 
| 326|0x00000000f4600000, 0x00000000f4700000, 0x00000000f4700000|100%| O|  |TAMS 0x00000000f4700000| PB 0x00000000f4600000| Untracked 
| 327|0x00000000f4700000, 0x00000000f4800000, 0x00000000f4800000|100%| O|  |TAMS 0x00000000f4800000| PB 0x00000000f4700000| Untracked 
| 328|0x00000000f4800000, 0x00000000f4900000, 0x00000000f4900000|100%| O|  |TAMS 0x00000000f4900000| PB 0x00000000f4800000| Untracked 
| 329|0x00000000f4900000, 0x00000000f4a00000, 0x00000000f4a00000|100%| O|  |TAMS 0x00000000f4a00000| PB 0x00000000f4900000| Untracked 
| 330|0x00000000f4a00000, 0x00000000f4b00000, 0x00000000f4b00000|100%| O|  |TAMS 0x00000000f4b00000| PB 0x00000000f4a00000| Untracked 
| 331|0x00000000f4b00000, 0x00000000f4c00000, 0x00000000f4c00000|100%| O|  |TAMS 0x00000000f4c00000| PB 0x00000000f4b00000| Untracked 
| 332|0x00000000f4c00000, 0x00000000f4d00000, 0x00000000f4d00000|100%| O|  |TAMS 0x00000000f4d00000| PB 0x00000000f4c00000| Untracked 
| 333|0x00000000f4d00000, 0x00000000f4e00000, 0x00000000f4e00000|100%| O|  |TAMS 0x00000000f4e00000| PB 0x00000000f4d00000| Untracked 
| 334|0x00000000f4e00000, 0x00000000f4f00000, 0x00000000f4f00000|100%| O|  |TAMS 0x00000000f4f00000| PB 0x00000000f4e00000| Untracked 
| 335|0x00000000f4f00000, 0x00000000f5000000, 0x00000000f5000000|100%| O|  |TAMS 0x00000000f4f00000| PB 0x00000000f4f00000| Untracked 
| 336|0x00000000f5000000, 0x00000000f5100000, 0x00000000f5100000|100%| O|  |TAMS 0x00000000f5000000| PB 0x00000000f5000000| Untracked 
| 337|0x00000000f5100000, 0x00000000f5200000, 0x00000000f5200000|100%| O|  |TAMS 0x00000000f5100000| PB 0x00000000f5100000| Untracked 
| 338|0x00000000f5200000, 0x00000000f5300000, 0x00000000f5300000|100%| O|  |TAMS 0x00000000f5200000| PB 0x00000000f5200000| Untracked 
| 339|0x00000000f5300000, 0x00000000f5400000, 0x00000000f5400000|100%| O|  |TAMS 0x00000000f5300000| PB 0x00000000f5300000| Untracked 
| 340|0x00000000f5400000, 0x00000000f5500000, 0x00000000f5500000|100%| O|  |TAMS 0x00000000f5400000| PB 0x00000000f5400000| Untracked 
| 341|0x00000000f5500000, 0x00000000f5600000, 0x00000000f5600000|100%| O|  |TAMS 0x00000000f5500000| PB 0x00000000f5500000| Untracked 
| 342|0x00000000f5600000, 0x00000000f5700000, 0x00000000f5700000|100%| O|  |TAMS 0x00000000f5600000| PB 0x00000000f5600000| Untracked 
| 343|0x00000000f5700000, 0x00000000f5800000, 0x00000000f5800000|100%| O|  |TAMS 0x00000000f5700000| PB 0x00000000f5700000| Untracked 
| 344|0x00000000f5800000, 0x00000000f5900000, 0x00000000f5900000|100%| O|  |TAMS 0x00000000f5800000| PB 0x00000000f5800000| Untracked 
| 345|0x00000000f5900000, 0x00000000f5a00000, 0x00000000f5a00000|100%| O|  |TAMS 0x00000000f5900000| PB 0x00000000f5900000| Untracked 
| 346|0x00000000f5a00000, 0x00000000f5b00000, 0x00000000f5b00000|100%| O|  |TAMS 0x00000000f5a00000| PB 0x00000000f5a00000| Untracked 
| 347|0x00000000f5b00000, 0x00000000f5c00000, 0x00000000f5c00000|100%| O|  |TAMS 0x00000000f5b00000| PB 0x00000000f5b00000| Untracked 
| 348|0x00000000f5c00000, 0x00000000f5d00000, 0x00000000f5d00000|100%| O|  |TAMS 0x00000000f5c00000| PB 0x00000000f5c00000| Untracked 
| 349|0x00000000f5d00000, 0x00000000f5e00000, 0x00000000f5e00000|100%| O|  |TAMS 0x00000000f5d00000| PB 0x00000000f5d00000| Untracked 
| 350|0x00000000f5e00000, 0x00000000f5f00000, 0x00000000f5f00000|100%| O|  |TAMS 0x00000000f5e00000| PB 0x00000000f5e00000| Untracked 
| 351|0x00000000f5f00000, 0x00000000f6000000, 0x00000000f6000000|100%| O|  |TAMS 0x00000000f5f00000| PB 0x00000000f5f00000| Untracked 
| 352|0x00000000f6000000, 0x00000000f6100000, 0x00000000f6100000|100%| O|  |TAMS 0x00000000f6000000| PB 0x00000000f6000000| Untracked 
| 353|0x00000000f6100000, 0x00000000f6200000, 0x00000000f6200000|100%| O|  |TAMS 0x00000000f6100000| PB 0x00000000f6100000| Untracked 
| 354|0x00000000f6200000, 0x00000000f6300000, 0x00000000f6300000|100%| O|  |TAMS 0x00000000f6200000| PB 0x00000000f6200000| Untracked 
| 355|0x00000000f6300000, 0x00000000f6400000, 0x00000000f6400000|100%| O|  |TAMS 0x00000000f6300000| PB 0x00000000f6300000| Untracked 
| 356|0x00000000f6400000, 0x00000000f6500000, 0x00000000f6500000|100%| O|  |TAMS 0x00000000f6400000| PB 0x00000000f6400000| Untracked 
| 357|0x00000000f6500000, 0x00000000f6600000, 0x00000000f6600000|100%| O|  |TAMS 0x00000000f6500000| PB 0x00000000f6500000| Untracked 
| 358|0x00000000f6600000, 0x00000000f6700000, 0x00000000f6700000|100%| O|  |TAMS 0x00000000f6600000| PB 0x00000000f6600000| Untracked 
| 359|0x00000000f6700000, 0x00000000f6800000, 0x00000000f6800000|100%| O|  |TAMS 0x00000000f6700000| PB 0x00000000f6700000| Untracked 
| 360|0x00000000f6800000, 0x00000000f6900000, 0x00000000f6900000|100%| O|  |TAMS 0x00000000f6800000| PB 0x00000000f6800000| Untracked 
| 361|0x00000000f6900000, 0x00000000f6a00000, 0x00000000f6a00000|100%| O|  |TAMS 0x00000000f6900000| PB 0x00000000f6900000| Untracked 
| 362|0x00000000f6a00000, 0x00000000f6b00000, 0x00000000f6b00000|100%| O|  |TAMS 0x00000000f6a00000| PB 0x00000000f6a00000| Untracked 
| 363|0x00000000f6b00000, 0x00000000f6c00000, 0x00000000f6c00000|100%| O|  |TAMS 0x00000000f6b00000| PB 0x00000000f6b00000| Untracked 
| 364|0x00000000f6c00000, 0x00000000f6d00000, 0x00000000f6d00000|100%| O|  |TAMS 0x00000000f6c00000| PB 0x00000000f6c00000| Untracked 
| 365|0x00000000f6d00000, 0x00000000f6e00000, 0x00000000f6e00000|100%| O|  |TAMS 0x00000000f6d00000| PB 0x00000000f6d00000| Untracked 
| 366|0x00000000f6e00000, 0x00000000f6f00000, 0x00000000f6f00000|100%| O|  |TAMS 0x00000000f6e00000| PB 0x00000000f6e00000| Untracked 
| 367|0x00000000f6f00000, 0x00000000f7000000, 0x00000000f7000000|100%| O|  |TAMS 0x00000000f6f00000| PB 0x00000000f6f00000| Untracked 
| 368|0x00000000f7000000, 0x00000000f7100000, 0x00000000f7100000|100%| O|  |TAMS 0x00000000f7000000| PB 0x00000000f7000000| Untracked 
| 369|0x00000000f7100000, 0x00000000f7200000, 0x00000000f7200000|100%| O|  |TAMS 0x00000000f7100000| PB 0x00000000f7100000| Untracked 
| 370|0x00000000f7200000, 0x00000000f7300000, 0x00000000f7300000|100%| O|  |TAMS 0x00000000f7200000| PB 0x00000000f7200000| Untracked 
| 371|0x00000000f7300000, 0x00000000f7400000, 0x00000000f7400000|100%| O|  |TAMS 0x00000000f7300000| PB 0x00000000f7300000| Untracked 
| 372|0x00000000f7400000, 0x00000000f7500000, 0x00000000f7500000|100%| O|  |TAMS 0x00000000f7400000| PB 0x00000000f7400000| Untracked 
| 373|0x00000000f7500000, 0x00000000f7600000, 0x00000000f7600000|100%| O|  |TAMS 0x00000000f7500000| PB 0x00000000f7500000| Untracked 
| 374|0x00000000f7600000, 0x00000000f7700000, 0x00000000f7700000|100%| O|  |TAMS 0x00000000f7600000| PB 0x00000000f7600000| Untracked 
| 375|0x00000000f7700000, 0x00000000f7800000, 0x00000000f7800000|100%| O|  |TAMS 0x00000000f7700000| PB 0x00000000f7700000| Untracked 
| 376|0x00000000f7800000, 0x00000000f7900000, 0x00000000f7900000|100%| O|  |TAMS 0x00000000f7800000| PB 0x00000000f7800000| Untracked 
| 377|0x00000000f7900000, 0x00000000f7a00000, 0x00000000f7a00000|100%| O|  |TAMS 0x00000000f7900000| PB 0x00000000f7900000| Untracked 
| 378|0x00000000f7a00000, 0x00000000f7b00000, 0x00000000f7b00000|100%| O|  |TAMS 0x00000000f7a00000| PB 0x00000000f7a00000| Untracked 
| 379|0x00000000f7b00000, 0x00000000f7c00000, 0x00000000f7c00000|100%| O|  |TAMS 0x00000000f7b00000| PB 0x00000000f7b00000| Untracked 
| 380|0x00000000f7c00000, 0x00000000f7c00000, 0x00000000f7d00000|  0%| F|  |TAMS 0x00000000f7c00000| PB 0x00000000f7c00000| Untracked 
| 381|0x00000000f7d00000, 0x00000000f7d00000, 0x00000000f7e00000|  0%| F|  |TAMS 0x00000000f7d00000| PB 0x00000000f7d00000| Untracked 
| 382|0x00000000f7e00000, 0x00000000f7e00000, 0x00000000f7f00000|  0%| F|  |TAMS 0x00000000f7e00000| PB 0x00000000f7e00000| Untracked 
| 383|0x00000000f7f00000, 0x00000000f8000000, 0x00000000f8000000|100%| O|  |TAMS 0x00000000f7f00000| PB 0x00000000f7f00000| Untracked 
| 384|0x00000000f8000000, 0x00000000f8100000, 0x00000000f8100000|100%| O|  |TAMS 0x00000000f8000000| PB 0x00000000f8000000| Untracked 
| 385|0x00000000f8100000, 0x00000000f8200000, 0x00000000f8200000|100%| S|CS|TAMS 0x00000000f8100000| PB 0x00000000f8100000| Complete 
| 386|0x00000000f8200000, 0x00000000f8200000, 0x00000000f8300000|  0%| F|  |TAMS 0x00000000f8200000| PB 0x00000000f8200000| Untracked 
| 387|0x00000000f8300000, 0x00000000f8300000, 0x00000000f8400000|  0%| F|  |TAMS 0x00000000f8300000| PB 0x00000000f8300000| Untracked 
| 388|0x00000000f8400000, 0x00000000f8400000, 0x00000000f8500000|  0%| F|  |TAMS 0x00000000f8400000| PB 0x00000000f8400000| Untracked 
| 389|0x00000000f8500000, 0x00000000f8500000, 0x00000000f8600000|  0%| F|  |TAMS 0x00000000f8500000| PB 0x00000000f8500000| Untracked 
| 390|0x00000000f8600000, 0x00000000f8600000, 0x00000000f8700000|  0%| F|  |TAMS 0x00000000f8600000| PB 0x00000000f8600000| Untracked 
| 391|0x00000000f8700000, 0x00000000f8700000, 0x00000000f8800000|  0%| F|  |TAMS 0x00000000f8700000| PB 0x00000000f8700000| Untracked 
| 392|0x00000000f8800000, 0x00000000f8800000, 0x00000000f8900000|  0%| F|  |TAMS 0x00000000f8800000| PB 0x00000000f8800000| Untracked 
| 393|0x00000000f8900000, 0x00000000f894f6b8, 0x00000000f8a00000| 31%| E|  |TAMS 0x00000000f8900000| PB 0x00000000f8900000| Complete 
| 394|0x00000000f8a00000, 0x00000000f8b00000, 0x00000000f8b00000|100%| E|CS|TAMS 0x00000000f8a00000| PB 0x00000000f8a00000| Complete 
| 395|0x00000000f8b00000, 0x00000000f8c00000, 0x00000000f8c00000|100%| E|CS|TAMS 0x00000000f8b00000| PB 0x00000000f8b00000| Complete 
| 396|0x00000000f8c00000, 0x00000000f8d00000, 0x00000000f8d00000|100%| S|CS|TAMS 0x00000000f8c00000| PB 0x00000000f8c00000| Complete 
| 397|0x00000000f8d00000, 0x00000000f8e00000, 0x00000000f8e00000|100%| S|CS|TAMS 0x00000000f8d00000| PB 0x00000000f8d00000| Complete 
| 481|0x00000000fe100000, 0x00000000fe1dc5e0, 0x00000000fe200000| 86%| O|  |TAMS 0x00000000fe100000| PB 0x00000000fe100000| Untracked 
| 482|0x00000000fe200000, 0x00000000fe300000, 0x00000000fe300000|100%| O|  |TAMS 0x00000000fe200000| PB 0x00000000fe200000| Untracked 
| 483|0x00000000fe300000, 0x00000000fe400000, 0x00000000fe400000|100%| O|  |TAMS 0x00000000fe300000| PB 0x00000000fe300000| Untracked 
| 484|0x00000000fe400000, 0x00000000fe500000, 0x00000000fe500000|100%| O|  |TAMS 0x00000000fe400000| PB 0x00000000fe400000| Untracked 
| 485|0x00000000fe500000, 0x00000000fe600000, 0x00000000fe600000|100%| O|  |TAMS 0x00000000fe500000| PB 0x00000000fe500000| Untracked 
| 486|0x00000000fe600000, 0x00000000fe700000, 0x00000000fe700000|100%| O|  |TAMS 0x00000000fe600000| PB 0x00000000fe600000| Untracked 
| 487|0x00000000fe700000, 0x00000000fe800000, 0x00000000fe800000|100%| O|  |TAMS 0x00000000fe700000| PB 0x00000000fe700000| Untracked 
| 488|0x00000000fe800000, 0x00000000fe900000, 0x00000000fe900000|100%| O|  |TAMS 0x00000000fe800000| PB 0x00000000fe800000| Untracked 
| 489|0x00000000fe900000, 0x00000000fea00000, 0x00000000fea00000|100%| O|  |TAMS 0x00000000fe900000| PB 0x00000000fe900000| Untracked 
| 490|0x00000000fea00000, 0x00000000feb00000, 0x00000000feb00000|100%| O|  |TAMS 0x00000000fea00000| PB 0x00000000fea00000| Untracked 
| 491|0x00000000feb00000, 0x00000000fec00000, 0x00000000fec00000|100%| O|  |TAMS 0x00000000fec00000| PB 0x00000000feb00000| Untracked 
| 492|0x00000000fec00000, 0x00000000fed00000, 0x00000000fed00000|100%| O|  |TAMS 0x00000000fed00000| PB 0x00000000fec00000| Untracked 
| 493|0x00000000fed00000, 0x00000000fee00000, 0x00000000fee00000|100%| E|CS|TAMS 0x00000000fed00000| PB 0x00000000fed00000| Complete 
| 494|0x00000000fee00000, 0x00000000fef00000, 0x00000000fef00000|100%| O|  |TAMS 0x00000000fef00000| PB 0x00000000fee00000| Untracked 
| 495|0x00000000fef00000, 0x00000000ff000000, 0x00000000ff000000|100%| O|  |TAMS 0x00000000ff000000| PB 0x00000000fef00000| Untracked 
| 496|0x00000000ff000000, 0x00000000ff100000, 0x00000000ff100000|100%| E|CS|TAMS 0x00000000ff000000| PB 0x00000000ff000000| Complete 
| 497|0x00000000ff100000, 0x00000000ff200000, 0x00000000ff200000|100%| O|  |TAMS 0x00000000ff200000| PB 0x00000000ff100000| Untracked 
| 498|0x00000000ff200000, 0x00000000ff300000, 0x00000000ff300000|100%| O|  |TAMS 0x00000000ff300000| PB 0x00000000ff200000| Untracked 
| 499|0x00000000ff300000, 0x00000000ff400000, 0x00000000ff400000|100%| O|  |TAMS 0x00000000ff400000| PB 0x00000000ff300000| Untracked 
| 500|0x00000000ff400000, 0x00000000ff500000, 0x00000000ff500000|100%| O|  |TAMS 0x00000000ff500000| PB 0x00000000ff400000| Untracked 
| 501|0x00000000ff500000, 0x00000000ff600000, 0x00000000ff600000|100%| O|  |TAMS 0x00000000ff600000| PB 0x00000000ff500000| Untracked 
| 502|0x00000000ff600000, 0x00000000ff700000, 0x00000000ff700000|100%| O|  |TAMS 0x00000000ff700000| PB 0x00000000ff600000| Untracked 
| 503|0x00000000ff700000, 0x00000000ff800000, 0x00000000ff800000|100%| O|  |TAMS 0x00000000ff800000| PB 0x00000000ff700000| Untracked 
| 504|0x00000000ff800000, 0x00000000ff900000, 0x00000000ff900000|100%| O|  |TAMS 0x00000000ff900000| PB 0x00000000ff800000| Untracked 
| 505|0x00000000ff900000, 0x00000000ffa00000, 0x00000000ffa00000|100%| E|CS|TAMS 0x00000000ff900000| PB 0x00000000ff900000| Complete 
| 506|0x00000000ffa00000, 0x00000000ffb00000, 0x00000000ffb00000|100%| E|CS|TAMS 0x00000000ffa00000| PB 0x00000000ffa00000| Complete 
| 507|0x00000000ffb00000, 0x00000000ffc00000, 0x00000000ffc00000|100%| O|  |TAMS 0x00000000ffc00000| PB 0x00000000ffb00000| Untracked 
| 508|0x00000000ffc00000, 0x00000000ffd00000, 0x00000000ffd00000|100%| E|CS|TAMS 0x00000000ffc00000| PB 0x00000000ffc00000| Complete 
| 509|0x00000000ffd00000, 0x00000000ffe00000, 0x00000000ffe00000|100%| E|CS|TAMS 0x00000000ffd00000| PB 0x00000000ffd00000| Complete 
| 510|0x00000000ffe00000, 0x00000000fff00000, 0x00000000fff00000|100%| E|CS|TAMS 0x00000000ffe00000| PB 0x00000000ffe00000| Complete 
| 511|0x00000000fff00000, 0x0000000100000000, 0x0000000100000000|100%| O|  |TAMS 0x0000000100000000| PB 0x00000000fff00000| Untracked 

Card table byte_map: [0x000001d7ffcd0000,0x000001d7ffdd0000] _byte_map_base: 0x000001d7ff5d0000

Marking Bits: (CMBitMap*) 0x000001d7fcb8ca00
 Bits: [0x000001d78f000000, 0x000001d78f800000)

Polling page: 0x000001d7fa8b0000

Metaspace:

Usage:
  Non-class:    108.08 MB used.
      Class:     17.57 MB used.
       Both:    125.65 MB used.

Virtual space:
  Non-class space:      128.00 MB reserved,     109.19 MB ( 85%) committed,  2 nodes.
      Class space:      208.00 MB reserved,      18.62 MB (  9%) committed,  1 nodes.
             Both:      336.00 MB reserved,     127.81 MB ( 38%) committed. 

Chunk freelists:
   Non-Class:  2.22 MB
       Class:  13.31 MB
        Both:  15.53 MB

MaxMetaspaceSize: 256.00 MB
CompressedClassSpaceSize: 208.00 MB
Initial GC threshold: 21.00 MB
Current GC threshold: 207.00 MB
CDS: off
 - commit_granule_bytes: 65536.
 - commit_granule_words: 8192.
 - virtual_space_node_default_size: 8388608.
 - enlarge_chunks_in_place: 1.
 - use_allocation_guard: 0.


Internal statistics:

num_allocs_failed_limit: 6.
num_arena_births: 4412.
num_arena_deaths: 0.
num_vsnodes_births: 3.
num_vsnodes_deaths: 0.
num_space_committed: 2043.
num_space_uncommitted: 0.
num_chunks_returned_to_freelist: 6.
num_chunks_taken_from_freelist: 9921.
num_chunk_merges: 3.
num_chunk_splits: 6463.
num_chunks_enlarged: 4048.
num_inconsistent_stats: 0.

CodeHeap 'non-profiled nmethods': size=120000Kb used=10272Kb max_used=10272Kb free=109727Kb
 bounds [0x000001d787ad0000, 0x000001d7884e0000, 0x000001d78f000000]
CodeHeap 'profiled nmethods': size=120000Kb used=27523Kb max_used=27523Kb free=92477Kb
 bounds [0x000001d780000000, 0x000001d781af0000, 0x000001d787530000]
CodeHeap 'non-nmethods': size=5760Kb used=2284Kb max_used=2336Kb free=3475Kb
 bounds [0x000001d787530000, 0x000001d7877a0000, 0x000001d787ad0000]
CodeCache: size=245760Kb, used=40079Kb, max_used=40131Kb, free=205679Kb
 total_blobs=14974, nmethods=14039, adapters=838, full_count=0
Compilation: enabled, stopped_count=0, restarted_count=0

Compilation events (20 events):
Event: 128.362 Thread 0x000001d791c1e0f0 16769       3       com.android.tools.r8.internal.gq0::<init> (7 bytes)
Event: 128.362 Thread 0x000001d791c1e0f0 nmethod 16769 0x000001d781adcc90 code [0x000001d781adce40, 0x000001d781adcf78]
Event: 128.364 Thread 0x000001d791c1e0f0 16770       3       java.util.UUID::<init> (15 bytes)
Event: 128.364 Thread 0x000001d791c1e0f0 nmethod 16770 0x000001d781add010 code [0x000001d781add1c0, 0x000001d781add330]
Event: 128.366 Thread 0x000001d791c1e0f0 16771       3       com.sun.org.apache.xerces.internal.dom.CoreDocumentImpl::callUserDataHandlers (44 bytes)
Event: 128.369 Thread 0x000001d791c1e0f0 nmethod 16771 0x000001d781add410 code [0x000001d781add680, 0x000001d781ade250]
Event: 128.369 Thread 0x000001d791c1e0f0 16774       3       com.sun.org.apache.xerces.internal.dom.ElementImpl::getNodeName (16 bytes)
Event: 128.370 Thread 0x000001d791c1e0f0 nmethod 16774 0x000001d781ade590 code [0x000001d781ade7a0, 0x000001d781adedf8]
Event: 128.374 Thread 0x000001d791c1e0f0 16775       3       org.gradle.jvm.toolchain.internal.DefaultJavaLanguageVersion::<init> (10 bytes)
Event: 128.374 Thread 0x000001d791c1e0f0 nmethod 16775 0x000001d781adf010 code [0x000001d781adf1c0, 0x000001d781adf328]
Event: 128.375 Thread 0x000001d791c1e0f0 16776       3       org.gradle.internal.time.Time::clock (4 bytes)
Event: 128.377 Thread 0x000001d791c1e0f0 nmethod 16776 0x000001d781adf410 code [0x000001d781adf5a0, 0x000001d781adf698]
Event: 128.385 Thread 0x000001d791c0eb60 nmethod 16760 0x000001d7884d6e10 code [0x000001d7884d7040, 0x000001d7884d7680]
Event: 128.385 Thread 0x000001d791c0eb60 16773       4       com.android.ide.common.resources.NodeUtils::updateNamespace (167 bytes)
Event: 128.403 Thread 0x000001d791c1e0f0 16777       2       com.android.tools.r8.internal.gg1::get (37 bytes)
Event: 128.403 Thread 0x000001d791c1e0f0 nmethod 16777 0x000001d781adf710 code [0x000001d781adf8c0, 0x000001d781adfad8]
Event: 128.410 Thread 0x000001d791c1e0f0 16778       3       com.android.tools.r8.internal.tq0::<init> (7 bytes)
Event: 128.410 Thread 0x000001d791c1e0f0 nmethod 16778 0x000001d781adfc90 code [0x000001d781adfe40, 0x000001d781adff78]
Event: 128.410 Thread 0x000001d791c1e0f0 16779       3       com.android.tools.r8.internal.ze0::<init> (7 bytes)
Event: 128.410 Thread 0x000001d791c1e0f0 nmethod 16779 0x000001d781ae0010 code [0x000001d781ae01c0, 0x000001d781ae02f8]

GC Heap History (20 events):
Event: 109.797 GC heap before
{Heap before GC invocations=98 (full 0):
 garbage-first heap   total 427008K, used 302005K [0x00000000e0000000, 0x0000000100000000)
  region size 1024K, 50 young (51200K), 3 survivors (3072K)
 Metaspace       used 125496K, committed 127680K, reserved 344064K
  class space    used 17410K, committed 18432K, reserved 212992K
}
Event: 109.884 GC heap after
{Heap after GC invocations=99 (full 0):
 garbage-first heap   total 427008K, used 271360K [0x00000000e0000000, 0x0000000100000000)
  region size 1024K, 7 young (7168K), 7 survivors (7168K)
 Metaspace       used 125496K, committed 127680K, reserved 344064K
  class space    used 17410K, committed 18432K, reserved 212992K
}
Event: 114.200 GC heap before
{Heap before GC invocations=99 (full 0):
 garbage-first heap   total 427008K, used 308224K [0x00000000e0000000, 0x0000000100000000)
  region size 1024K, 44 young (45056K), 7 survivors (7168K)
 Metaspace       used 128045K, committed 130240K, reserved 344064K
  class space    used 17941K, committed 19008K, reserved 212992K
}
Event: 114.260 GC heap after
{Heap after GC invocations=100 (full 0):
 garbage-first heap   total 427008K, used 280064K [0x00000000e0000000, 0x0000000100000000)
  region size 1024K, 6 young (6144K), 6 survivors (6144K)
 Metaspace       used 128045K, committed 130240K, reserved 344064K
  class space    used 17941K, committed 19008K, reserved 212992K
}
Event: 118.744 GC heap before
{Heap before GC invocations=100 (full 0):
 garbage-first heap   total 427008K, used 350720K [0x00000000e0000000, 0x0000000100000000)
  region size 1024K, 76 young (77824K), 6 survivors (6144K)
 Metaspace       used 128567K, committed 130816K, reserved 344064K
  class space    used 17985K, committed 19072K, reserved 212992K
}
Event: 118.924 GC heap after
{Heap after GC invocations=101 (full 0):
 garbage-first heap   total 427008K, used 314880K [0x00000000e0000000, 0x0000000100000000)
  region size 1024K, 10 young (10240K), 10 survivors (10240K)
 Metaspace       used 128567K, committed 130816K, reserved 344064K
  class space    used 17985K, committed 19072K, reserved 212992K
}
Event: 121.014 GC heap before
{Heap before GC invocations=101 (full 0):
 garbage-first heap   total 427008K, used 365056K [0x00000000e0000000, 0x0000000100000000)
  region size 1024K, 60 young (61440K), 10 survivors (10240K)
 Metaspace       used 128626K, committed 130816K, reserved 344064K
  class space    used 17989K, committed 19072K, reserved 212992K
}
Event: 121.161 GC heap after
{Heap after GC invocations=102 (full 0):
 garbage-first heap   total 427008K, used 340480K [0x00000000e0000000, 0x0000000100000000)
  region size 1024K, 8 young (8192K), 8 survivors (8192K)
 Metaspace       used 128626K, committed 130816K, reserved 344064K
  class space    used 17989K, committed 19072K, reserved 212992K
}
Event: 122.096 GC heap before
{Heap before GC invocations=102 (full 0):
 garbage-first heap   total 427008K, used 380416K [0x00000000e0000000, 0x0000000100000000)
  region size 1024K, 48 young (49152K), 8 survivors (8192K)
 Metaspace       used 128656K, committed 130880K, reserved 344064K
  class space    used 17991K, committed 19072K, reserved 212992K
}
Event: 122.152 GC heap after
{Heap after GC invocations=103 (full 0):
 garbage-first heap   total 427008K, used 361472K [0x00000000e0000000, 0x0000000100000000)
  region size 1024K, 6 young (6144K), 6 survivors (6144K)
 Metaspace       used 128656K, committed 130880K, reserved 344064K
  class space    used 17991K, committed 19072K, reserved 212992K
}
Event: 122.649 GC heap before
{Heap before GC invocations=103 (full 0):
 garbage-first heap   total 427008K, used 390144K [0x00000000e0000000, 0x0000000100000000)
  region size 1024K, 35 young (35840K), 6 survivors (6144K)
 Metaspace       used 128661K, committed 130880K, reserved 344064K
  class space    used 17992K, committed 19072K, reserved 212992K
}
Event: 122.712 GC heap after
{Heap after GC invocations=104 (full 0):
 garbage-first heap   total 427008K, used 378368K [0x00000000e0000000, 0x0000000100000000)
  region size 1024K, 5 young (5120K), 5 survivors (5120K)
 Metaspace       used 128661K, committed 130880K, reserved 344064K
  class space    used 17992K, committed 19072K, reserved 212992K
}
Event: 126.641 GC heap before
{Heap before GC invocations=104 (full 0):
 garbage-first heap   total 427008K, used 399872K [0x00000000e0000000, 0x0000000100000000)
  region size 1024K, 26 young (26624K), 5 survivors (5120K)
 Metaspace       used 128664K, committed 130880K, reserved 344064K
  class space    used 17992K, committed 19072K, reserved 212992K
}
Event: 126.776 GC heap after
{Heap after GC invocations=105 (full 0):
 garbage-first heap   total 427008K, used 390144K [0x00000000e0000000, 0x0000000100000000)
  region size 1024K, 4 young (4096K), 4 survivors (4096K)
 Metaspace       used 128664K, committed 130880K, reserved 344064K
  class space    used 17992K, committed 19072K, reserved 212992K
}
Event: 127.055 GC heap before
{Heap before GC invocations=105 (full 0):
 garbage-first heap   total 427008K, used 406528K [0x00000000e0000000, 0x0000000100000000)
  region size 1024K, 20 young (20480K), 4 survivors (4096K)
 Metaspace       used 128667K, committed 130880K, reserved 344064K
  class space    used 17992K, committed 19072K, reserved 212992K
}
Event: 127.080 GC heap after
{Heap after GC invocations=106 (full 0):
 garbage-first heap   total 427008K, used 399360K [0x00000000e0000000, 0x0000000100000000)
  region size 1024K, 3 young (3072K), 3 survivors (3072K)
 Metaspace       used 128667K, committed 130880K, reserved 344064K
  class space    used 17992K, committed 19072K, reserved 212992K
}
Event: 127.807 GC heap before
{Heap before GC invocations=106 (full 0):
 garbage-first heap   total 427008K, used 415744K [0x00000000e0000000, 0x0000000100000000)
  region size 1024K, 20 young (20480K), 3 survivors (3072K)
 Metaspace       used 128668K, committed 130880K, reserved 344064K
  class space    used 17992K, committed 19072K, reserved 212992K
}
Event: 127.840 GC heap after
{Heap after GC invocations=107 (full 0):
 garbage-first heap   total 429056K, used 408576K [0x00000000e0000000, 0x0000000100000000)
  region size 1024K, 3 young (3072K), 3 survivors (3072K)
 Metaspace       used 128668K, committed 130880K, reserved 344064K
  class space    used 17992K, committed 19072K, reserved 212992K
}
Event: 127.958 GC heap before
{Heap before GC invocations=107 (full 0):
 garbage-first heap   total 429056K, used 425984K [0x00000000e0000000, 0x0000000100000000)
  region size 1024K, 20 young (20480K), 3 survivors (3072K)
 Metaspace       used 128668K, committed 130880K, reserved 344064K
  class space    used 17992K, committed 19072K, reserved 212992K
}
Event: 128.043 GC heap after
{Heap after GC invocations=108 (full 0):
 garbage-first heap   total 439296K, used 418673K [0x00000000e0000000, 0x0000000100000000)
  region size 1024K, 3 young (3072K), 3 survivors (3072K)
 Metaspace       used 128668K, committed 130880K, reserved 344064K
  class space    used 17992K, committed 19072K, reserved 212992K
}

Dll operation events (3 events):
Event: 0.032 Loaded shared library C:\Program Files\Android\Android Studio\jbr\bin\java.dll
Event: 0.040 Loaded shared library C:\Program Files\Android\Android Studio\jbr\bin\zip.dll
Event: 3.089 Loaded shared library C:\Program Files\Android\Android Studio\jbr\bin\verify.dll

Deoptimization events (20 events):
Event: 123.414 Thread 0x000001d799c7e290 DEOPT PACKING pc=0x000001d7819c877e sp=0x000000474dffa130
Event: 123.415 Thread 0x000001d799c7e290 DEOPT UNPACKING pc=0x000001d7875885e2 sp=0x000000474dff95a0 mode 0
Event: 125.546 Thread 0x000001d799c80360 Uncommon trap: trap_request=0x0000003b fr.pc=0x000001d78847d1c0 relative=0x0000000000000de0
Event: 125.546 Thread 0x000001d799c80360 Uncommon trap: reason=unloaded action=reinterpret pc=0x000001d78847d1c0 method=com.android.tools.r8.dex.z.h()Lcom/android/tools/r8/graph/n6; @ 915 c2
Event: 125.546 Thread 0x000001d799c80360 DEOPT PACKING pc=0x000001d78847d1c0 sp=0x00000047509fe8c0
Event: 125.546 Thread 0x000001d799c80360 DEOPT UNPACKING pc=0x000001d787587aa2 sp=0x00000047509fe878 mode 2
Event: 125.658 Thread 0x000001d799c80360 Uncommon trap: trap_request=0x000000a7 fr.pc=0x000001d78846dd6c relative=0x0000000000009d2c
Event: 125.658 Thread 0x000001d799c80360 Uncommon trap: reason=unloaded action=reinterpret pc=0x000001d78846dd6c method=com.android.tools.r8.internal.zf0.a(IILcom/android/tools/r8/internal/tk0;Lcom/android/tools/r8/graph/yb;)Lcom/android/tools/r8/internal/sk0; @ 1411 c2
Event: 125.658 Thread 0x000001d799c80360 DEOPT PACKING pc=0x000001d78846dd6c sp=0x00000047509fe8e0
Event: 125.658 Thread 0x000001d799c80360 DEOPT UNPACKING pc=0x000001d787587aa2 sp=0x00000047509fe898 mode 2
Event: 126.825 Thread 0x000001d799c858b0 Uncommon trap: trap_request=0x000000fe fr.pc=0x000001d7884a479c relative=0x0000000000009e9c
Event: 126.825 Thread 0x000001d799c858b0 Uncommon trap: reason=unloaded action=reinterpret pc=0x000001d7884a479c method=com.android.tools.r8.internal.zf0.a(IILcom/android/tools/r8/internal/tk0;Lcom/android/tools/r8/graph/yb;)Lcom/android/tools/r8/internal/sk0; @ 1701 c2
Event: 126.825 Thread 0x000001d799c858b0 DEOPT PACKING pc=0x000001d7884a479c sp=0x0000004750bfebb0
Event: 126.825 Thread 0x000001d799c858b0 DEOPT UNPACKING pc=0x000001d787587aa2 sp=0x0000004750bfeb68 mode 2
Event: 126.899 Thread 0x000001d799c7e290 DEOPT PACKING pc=0x000001d781935472 sp=0x000000474dffa480
Event: 126.900 Thread 0x000001d799c7e290 DEOPT UNPACKING pc=0x000001d7875885e2 sp=0x000000474dff9918 mode 0
Event: 128.339 Thread 0x000001d799c81da0 Uncommon trap: trap_request=0xffffff6e fr.pc=0x000001d7884d547c relative=0x000000000000015c
Event: 128.339 Thread 0x000001d799c81da0 Uncommon trap: reason=loop_limit_check action=maybe_recompile pc=0x000001d7884d547c method=com.android.tools.r8.internal.gg1.get(I)I @ 15 c2
Event: 128.339 Thread 0x000001d799c81da0 DEOPT PACKING pc=0x000001d7884d547c sp=0x0000004750cfe8c0
Event: 128.340 Thread 0x000001d799c81da0 DEOPT UNPACKING pc=0x000001d787587aa2 sp=0x0000004750cfe840 mode 2

Classes loaded (20 events):
Event: 112.863 Loading class java/nio/ShortBuffer
Event: 112.922 Loading class java/nio/ShortBuffer done
Event: 112.927 Loading class java/nio/HeapShortBuffer
Event: 112.951 Loading class java/nio/HeapShortBuffer done
Event: 113.145 Loading class java/util/AbstractList$RandomAccessSubList
Event: 113.149 Loading class java/util/AbstractList$SubList
Event: 113.153 Loading class java/util/AbstractList$SubList done
Event: 113.154 Loading class java/util/AbstractList$RandomAccessSubList done
Event: 113.157 Loading class java/util/AbstractList$SubList$1
Event: 113.158 Loading class java/util/AbstractList$SubList$1 done
Event: 116.251 Loading class com/sun/org/apache/xerces/internal/dom/DOMImplementationImpl
Event: 116.268 Loading class org/w3c/dom/DOMImplementation
Event: 116.269 Loading class org/w3c/dom/DOMImplementation done
Event: 116.269 Loading class com/sun/org/apache/xerces/internal/dom/CoreDOMImplementationImpl
Event: 116.300 Loading class org/w3c/dom/ls/DOMImplementationLS
Event: 116.300 Loading class org/w3c/dom/ls/DOMImplementationLS done
Event: 116.301 Loading class com/sun/org/apache/xerces/internal/dom/CoreDOMImplementationImpl done
Event: 116.301 Loading class com/sun/org/apache/xerces/internal/dom/DOMImplementationImpl done
Event: 116.301 Loading class com/sun/org/apache/xerces/internal/dom/DeferredDOMImplementationImpl
Event: 116.302 Loading class com/sun/org/apache/xerces/internal/dom/DeferredDOMImplementationImpl done

Classes unloaded (0 events):
No events

Classes redefined (0 events):
No events

Internal exceptions (20 events):
Event: 125.638 Thread 0x000001d799c7e290 Exception <a 'sun/nio/fs/WindowsException'{0x00000000f87783c8}> (0x00000000f87783c8) 
thrown [s\src\hotspot\share\prims\jni.cpp, line 537]
Event: 125.649 Thread 0x000001d799c7e290 Exception <a 'sun/nio/fs/WindowsException'{0x00000000f86411c0}> (0x00000000f86411c0) 
thrown [s\src\hotspot\share\prims\jni.cpp, line 537]
Event: 126.584 Thread 0x000001d799c7e290 Exception <a 'sun/nio/fs/WindowsException'{0x00000000f8646c30}> (0x00000000f8646c30) 
thrown [s\src\hotspot\share\prims\jni.cpp, line 537]
Event: 126.585 Thread 0x000001d799c7e290 Exception <a 'sun/nio/fs/WindowsException'{0x00000000f7e60df0}> (0x00000000f7e60df0) 
thrown [s\src\hotspot\share\prims\jni.cpp, line 537]
Event: 126.905 Thread 0x000001d799c7e290 Exception <a 'sun/nio/fs/WindowsException'{0x00000000fed13760}> (0x00000000fed13760) 
thrown [s\src\hotspot\share\prims\jni.cpp, line 537]
Event: 126.914 Thread 0x000001d799c7e290 Exception <a 'sun/nio/fs/WindowsException'{0x00000000fed264d0}> (0x00000000fed264d0) 
thrown [s\src\hotspot\share\prims\jni.cpp, line 537]
Event: 126.914 Thread 0x000001d799c7e290 Exception <a 'sun/nio/fs/WindowsException'{0x00000000fed28078}> (0x00000000fed28078) 
thrown [s\src\hotspot\share\prims\jni.cpp, line 537]
Event: 126.920 Thread 0x000001d799c7e290 Exception <a 'sun/nio/fs/WindowsException'{0x00000000fed97098}> (0x00000000fed97098) 
thrown [s\src\hotspot\share\prims\jni.cpp, line 537]
Event: 126.928 Thread 0x000001d799c7e290 Exception <a 'sun/nio/fs/WindowsException'{0x00000000fed9cb08}> (0x00000000fed9cb08) 
thrown [s\src\hotspot\share\prims\jni.cpp, line 537]
Event: 126.928 Thread 0x000001d799c7e290 Exception <a 'sun/nio/fs/WindowsException'{0x00000000f8bc38b0}> (0x00000000f8bc38b0) 
thrown [s\src\hotspot\share\prims\jni.cpp, line 537]
Event: 126.941 Thread 0x000001d799c7e290 Exception <a 'sun/nio/fs/WindowsException'{0x00000000f8a69320}> (0x00000000f8a69320) 
thrown [s\src\hotspot\share\prims\jni.cpp, line 537]
Event: 126.948 Thread 0x000001d799c7e290 Exception <a 'sun/nio/fs/WindowsException'{0x00000000f8a6ed90}> (0x00000000f8a6ed90) 
thrown [s\src\hotspot\share\prims\jni.cpp, line 537]
Event: 126.948 Thread 0x000001d799c7e290 Exception <a 'sun/nio/fs/WindowsException'{0x00000000f89636a8}> (0x00000000f89636a8) 
thrown [s\src\hotspot\share\prims\jni.cpp, line 537]
Event: 127.174 Thread 0x000001d799c7e290 Exception <a 'sun/nio/fs/WindowsException'{0x00000000ffdfab20}> (0x00000000ffdfab20) 
thrown [s\src\hotspot\share\prims\jni.cpp, line 537]
Event: 127.211 Thread 0x000001d799c7e290 Exception <a 'sun/nio/fs/WindowsException'{0x00000000ffca26a0}> (0x00000000ffca26a0) 
thrown [s\src\hotspot\share\prims\jni.cpp, line 537]
Event: 127.214 Thread 0x000001d799c7e290 Exception <a 'sun/nio/fs/WindowsException'{0x00000000ffca41c8}> (0x00000000ffca41c8) 
thrown [s\src\hotspot\share\prims\jni.cpp, line 537]
Event: 127.892 Thread 0x000001d79726ab70 Exception <a 'sun/nio/fs/WindowsException'{0x00000000ffe0dbc0}> (0x00000000ffe0dbc0) 
thrown [s\src\hotspot\share\prims\jni.cpp, line 537]
Event: 128.382 Thread 0x000001d799c7e290 Exception <a 'sun/nio/fs/WindowsException'{0x00000000ff964f00}> (0x00000000ff964f00) 
thrown [s\src\hotspot\share\prims\jni.cpp, line 537]
Event: 128.448 Thread 0x000001d79726ab70 Exception <a 'sun/nio/fs/WindowsException'{0x00000000fed49f30}> (0x00000000fed49f30) 
thrown [s\src\hotspot\share\prims\jni.cpp, line 537]
Event: 128.461 Thread 0x000001d79726ab70 Exception <a 'sun/nio/fs/WindowsException'{0x00000000fed4b6f0}> (0x00000000fed4b6f0) 
thrown [s\src\hotspot\share\prims\jni.cpp, line 537]

ZGC Phase Switch (0 events):
No events

VM Operations (20 events):
Event: 121.539 Executing VM operation: RendezvousGCThreads
Event: 121.539 Executing VM operation: RendezvousGCThreads done
Event: 122.044 Executing VM operation: G1CollectForAllocation (G1 Evacuation Pause)
Event: 122.152 Executing VM operation: G1CollectForAllocation (G1 Evacuation Pause) done
Event: 122.560 Executing VM operation: G1CollectForAllocation (G1 Evacuation Pause)
Event: 122.712 Executing VM operation: G1CollectForAllocation (G1 Evacuation Pause) done
Event: 123.712 Executing VM operation: Cleanup
Event: 125.539 Executing VM operation: Cleanup done
Event: 125.541 Executing VM operation: HandshakeAllThreads (Deoptimize)
Event: 125.544 Executing VM operation: HandshakeAllThreads (Deoptimize) done
Event: 126.544 Executing VM operation: Cleanup
Event: 126.582 Executing VM operation: Cleanup done
Event: 126.598 Executing VM operation: G1CollectForAllocation (G1 Evacuation Pause)
Event: 126.776 Executing VM operation: G1CollectForAllocation (G1 Evacuation Pause) done
Event: 126.998 Executing VM operation: G1CollectForAllocation (G1 Evacuation Pause)
Event: 127.081 Executing VM operation: G1CollectForAllocation (G1 Evacuation Pause) done
Event: 127.725 Executing VM operation: G1CollectForAllocation (G1 Evacuation Pause)
Event: 127.840 Executing VM operation: G1CollectForAllocation (G1 Evacuation Pause) done
Event: 127.939 Executing VM operation: G1CollectForAllocation (G1 Evacuation Pause)
Event: 128.047 Executing VM operation: G1CollectForAllocation (G1 Evacuation Pause) done

Memory protections (0 events):
No events

Nmethod flushes (20 events):
Event: 104.791 Thread 0x000001d791b73a90 flushing  nmethod 0x000001d7808b3d90
Event: 104.792 Thread 0x000001d791b73a90 flushing  nmethod 0x000001d780b2b290
Event: 104.792 Thread 0x000001d791b73a90 flushing  nmethod 0x000001d780cfe790
Event: 104.792 Thread 0x000001d791b73a90 flushing  nmethod 0x000001d780d04310
Event: 104.792 Thread 0x000001d791b73a90 flushing  nmethod 0x000001d780f0b890
Event: 104.792 Thread 0x000001d791b73a90 flushing  nmethod 0x000001d780f59690
Event: 104.792 Thread 0x000001d791b73a90 flushing  nmethod 0x000001d780f5a710
Event: 104.792 Thread 0x000001d791b73a90 flushing  nmethod 0x000001d787b8a590
Event: 104.792 Thread 0x000001d791b73a90 flushing  nmethod 0x000001d787bd9e90
Event: 104.792 Thread 0x000001d791b73a90 flushing  nmethod 0x000001d787ce1090
Event: 104.793 Thread 0x000001d791b73a90 flushing  nmethod 0x000001d787ea9990
Event: 104.793 Thread 0x000001d791b73a90 flushing  nmethod 0x000001d7881a3910
Event: 104.794 Thread 0x000001d791b73a90 flushing  nmethod 0x000001d7800e3090
Event: 104.794 Thread 0x000001d791b73a90 flushing  nmethod 0x000001d7801f6490
Event: 104.794 Thread 0x000001d791b73a90 flushing  nmethod 0x000001d780201990
Event: 104.795 Thread 0x000001d791b73a90 flushing  nmethod 0x000001d780536f10
Event: 104.795 Thread 0x000001d791b73a90 flushing  nmethod 0x000001d780b75610
Event: 104.795 Thread 0x000001d791b73a90 flushing  nmethod 0x000001d780b7ef10
Event: 104.795 Thread 0x000001d791b73a90 flushing  nmethod 0x000001d780f0ed10
Event: 104.795 Thread 0x000001d791b73a90 flushing  nmethod 0x000001d78143fc90

Events (20 events):
Event: 83.664 Thread 0x000001d799c7e290 Thread added: 0x000001d7a1332920
Event: 83.668 Thread 0x000001d799c7e290 Thread added: 0x000001d7a13349f0
Event: 83.797 Thread 0x000001d7a1332290 Thread added: 0x000001d7a1335080
Event: 83.799 Thread 0x000001d7a1332290 Thread added: 0x000001d7a1335710
Event: 83.801 Thread 0x000001d7a21503f0 Thread added: 0x000001d7a1337150
Event: 83.908 Thread 0x000001d7a21503f0 Thread added: 0x000001d7a1337e70
Event: 84.008 Loaded shared library C:\Program Files\Android\Android Studio\jbr\bin\rmi.dll
Event: 84.444 Thread 0x000001d7a21503f0 Thread added: 0x000001d7a1335da0
Event: 85.016 Thread 0x000001d7a21503f0 Thread added: 0x000001d7a1068600
Event: 85.016 Thread 0x000001d7a21503f0 Thread added: 0x000001d7a1061d00
Event: 85.220 Thread 0x000001d7a1068600 Thread added: 0x000001d7a10630b0
Event: 85.506 Thread 0x000001d799c7e290 Thread added: 0x000001d7a1061670
Event: 85.506 Thread 0x000001d799c7e290 Thread added: 0x000001d7a1066530
Event: 104.901 Thread 0x000001d7a1335080 Thread added: 0x000001d799c80360
Event: 104.911 Thread 0x000001d7a1335080 Thread added: 0x000001d799c82430
Event: 104.993 Thread 0x000001d799c80360 Thread added: 0x000001d799c858b0
Event: 105.077 Thread 0x000001d799c82430 Thread added: 0x000001d799c81da0
Event: 116.124 Thread 0x000001d7995bf7c0 Thread exited: 0x000001d7995bf7c0
Event: 116.163 Thread 0x000001d7995c04e0 Thread exited: 0x000001d7995c04e0
Event: 116.165 Thread 0x000001d7995bd060 Thread exited: 0x000001d7995bd060


Dynamic libraries:
0x00007ff693740000 - 0x00007ff69374a000 	C:\Program Files\Android\Android Studio\jbr\bin\java.exe
0x00007ffbe3470000 - 0x00007ffbe3668000 	C:\Windows\SYSTEM32\ntdll.dll
0x00007ffbe29e0000 - 0x00007ffbe2aa2000 	C:\Windows\System32\KERNEL32.DLL
0x00007ffbe0c80000 - 0x00007ffbe0f76000 	C:\Windows\System32\KERNELBASE.dll
0x00007ffbe0f80000 - 0x00007ffbe1080000 	C:\Windows\System32\ucrtbase.dll
0x00007ffbdaac0000 - 0x00007ffbdaad8000 	C:\Program Files\Android\Android Studio\jbr\bin\jli.dll
0x00007ffbe2ab0000 - 0x00007ffbe2c51000 	C:\Windows\System32\USER32.dll
0x00007ffbe1220000 - 0x00007ffbe1242000 	C:\Windows\System32\win32u.dll
0x00007ffbe1490000 - 0x00007ffbe14bb000 	C:\Windows\System32\GDI32.dll
0x00007ffbe1100000 - 0x00007ffbe1219000 	C:\Windows\System32\gdi32full.dll
0x00007ffbe0b90000 - 0x00007ffbe0c2d000 	C:\Windows\System32\msvcp_win.dll
0x00007ffbdaae0000 - 0x00007ffbdaafb000 	C:\Program Files\Android\Android Studio\jbr\bin\VCRUNTIME140.dll
0x00007ffbce3d0000 - 0x00007ffbce66b000 	C:\Windows\WinSxS\amd64_microsoft.windows.common-controls_6595b64144ccf1df_6.0.19041.6456_none_60b8a6cb71f64256\COMCTL32.dll
0x00007ffbe2fb0000 - 0x00007ffbe304e000 	C:\Windows\System32\msvcrt.dll
0x00007ffbe31a0000 - 0x00007ffbe31cf000 	C:\Windows\System32\IMM32.DLL
0x00007ffbdaab0000 - 0x00007ffbdaabc000 	C:\Program Files\Android\Android Studio\jbr\bin\vcruntime140_1.dll
0x00007ffbb7070000 - 0x00007ffbb70fd000 	C:\Program Files\Android\Android Studio\jbr\bin\msvcp140.dll
0x00007ffb7c7b0000 - 0x00007ffb7d446000 	C:\Program Files\Android\Android Studio\jbr\bin\server\jvm.dll
0x00007ffbe14c0000 - 0x00007ffbe1571000 	C:\Windows\System32\ADVAPI32.dll
0x00007ffbe15a0000 - 0x00007ffbe163f000 	C:\Windows\System32\sechost.dll
0x00007ffbe17f0000 - 0x00007ffbe1910000 	C:\Windows\System32\RPCRT4.dll
0x00007ffbe13b0000 - 0x00007ffbe13d7000 	C:\Windows\System32\bcrypt.dll
0x00007ffbe2d40000 - 0x00007ffbe2dab000 	C:\Windows\System32\WS2_32.dll
0x00007ffbe0960000 - 0x00007ffbe09ab000 	C:\Windows\SYSTEM32\POWRPROF.dll
0x00007ffbc9c30000 - 0x00007ffbc9c57000 	C:\Windows\SYSTEM32\WINMM.dll
0x00007ffbd9910000 - 0x00007ffbd991a000 	C:\Windows\SYSTEM32\VERSION.dll
0x00007ffbe0940000 - 0x00007ffbe0952000 	C:\Windows\SYSTEM32\UMPDC.dll
0x00007ffbdf2d0000 - 0x00007ffbdf2e2000 	C:\Windows\SYSTEM32\kernel.appcore.dll
0x00007ffbda950000 - 0x00007ffbda95a000 	C:\Program Files\Android\Android Studio\jbr\bin\jimage.dll
0x00007ffbde6a0000 - 0x00007ffbde8a1000 	C:\Windows\SYSTEM32\DBGHELP.DLL
0x00007ffbb3290000 - 0x00007ffbb32c4000 	C:\Windows\SYSTEM32\dbgcore.DLL
0x00007ffbe0b00000 - 0x00007ffbe0b82000 	C:\Windows\System32\bcryptPrimitives.dll
0x00007ffbcefc0000 - 0x00007ffbcefce000 	C:\Program Files\Android\Android Studio\jbr\bin\instrument.dll
0x00007ffbda100000 - 0x00007ffbda120000 	C:\Program Files\Android\Android Studio\jbr\bin\java.dll
0x00007ffbd0220000 - 0x00007ffbd0238000 	C:\Program Files\Android\Android Studio\jbr\bin\zip.dll
0x00007ffbe1da0000 - 0x00007ffbe2510000 	C:\Windows\System32\SHELL32.dll
0x00007ffbdeb10000 - 0x00007ffbdf2b5000 	C:\Windows\SYSTEM32\windows.storage.dll
0x00007ffbe1910000 - 0x00007ffbe1c64000 	C:\Windows\System32\combase.dll
0x00007ffbe0450000 - 0x00007ffbe047b000 	C:\Windows\SYSTEM32\Wldp.dll
0x00007ffbe2e30000 - 0x00007ffbe2efd000 	C:\Windows\System32\OLEAUT32.dll
0x00007ffbe2f00000 - 0x00007ffbe2fad000 	C:\Windows\System32\SHCORE.dll
0x00007ffbe32f0000 - 0x00007ffbe334b000 	C:\Windows\System32\shlwapi.dll
0x00007ffbe0a30000 - 0x00007ffbe0a54000 	C:\Windows\SYSTEM32\profapi.dll
0x00007ffbd95c0000 - 0x00007ffbd95d0000 	C:\Program Files\Android\Android Studio\jbr\bin\net.dll
0x00007ffbd5a40000 - 0x00007ffbd5b4a000 	C:\Windows\SYSTEM32\WINHTTP.dll
0x00007ffbe0160000 - 0x00007ffbe01ca000 	C:\Windows\system32\mswsock.dll
0x00007ffbcfb50000 - 0x00007ffbcfb66000 	C:\Program Files\Android\Android Studio\jbr\bin\nio.dll
0x00007ffbcfb00000 - 0x00007ffbcfb10000 	C:\Program Files\Android\Android Studio\jbr\bin\verify.dll
0x00007ffbcee40000 - 0x00007ffbcee67000 	C:\Users\DELL\.gradle\native\660c5614fbf4a5f2a75b1949f50a0caf5cd603558e7d8a26e50b933a0cfb79d1\windows-amd64\native-platform.dll
0x00007ffbb6cf0000 - 0x00007ffbb6d67000 	C:\Users\DELL\.gradle\native\0.2.8\x86_64-windows-gnu\gradle-fileevents.dll
0x00007ffbd5800000 - 0x00007ffbd5809000 	C:\Program Files\Android\Android Studio\jbr\bin\management.dll
0x00007ffbd01e0000 - 0x00007ffbd01eb000 	C:\Program Files\Android\Android Studio\jbr\bin\management_ext.dll
0x00007ffbe1590000 - 0x00007ffbe1598000 	C:\Windows\System32\PSAPI.DLL
0x00007ffbdfe50000 - 0x00007ffbdfe8b000 	C:\Windows\SYSTEM32\IPHLPAPI.DLL
0x00007ffbe1580000 - 0x00007ffbe1588000 	C:\Windows\System32\NSI.dll
0x00007ffbcfb40000 - 0x00007ffbcfb49000 	C:\Program Files\Android\Android Studio\jbr\bin\extnet.dll
0x00007ffbe0310000 - 0x00007ffbe0328000 	C:\Windows\SYSTEM32\CRYPTSP.dll
0x00007ffbdfa90000 - 0x00007ffbdfac8000 	C:\Windows\system32\rsaenh.dll
0x00007ffbe09b0000 - 0x00007ffbe09de000 	C:\Windows\SYSTEM32\USERENV.dll
0x00007ffbe0330000 - 0x00007ffbe033c000 	C:\Windows\SYSTEM32\CRYPTBASE.dll
0x00007ffbda170000 - 0x00007ffbda177000 	C:\Windows\system32\wshunix.dll
0x00007ffbdaa40000 - 0x00007ffbdaa47000 	C:\Program Files\Android\Android Studio\jbr\bin\rmi.dll

JVMTI agents:
C:\Users\DELL\.gradle\wrapper\dists\gradle-9.3.1-bin\23ovyewtku6u96viwx3xl3oks\gradle-9.3.1\lib\agents\gradle-instrumentation-agent-9.3.1.jar path:C:\Program Files\Android\Android Studio\jbr\bin\instrument.dll, loaded, initialized, instrumentlib options:none

dbghelp: loaded successfully - version: 4.0.5 - missing functions: none
symbol engine: initialized successfully - sym options: 0x614 - pdb path: .;C:\Program Files\Android\Android Studio\jbr\bin;C:\Windows\SYSTEM32;C:\Windows\WinSxS\amd64_microsoft.windows.common-controls_6595b64144ccf1df_6.0.19041.6456_none_60b8a6cb71f64256;C:\Program Files\Android\Android Studio\jbr\bin\server;C:\Users\DELL\.gradle\native\660c5614fbf4a5f2a75b1949f50a0caf5cd603558e7d8a26e50b933a0cfb79d1\windows-amd64;C:\Users\DELL\.gradle\native\0.2.8\x86_64-windows-gnu

VM Arguments:
jvm_args: --add-opens=java.base/java.lang=ALL-UNNAMED --add-opens=java.base/java.lang.invoke=ALL-UNNAMED --add-opens=java.base/java.util=ALL-UNNAMED --add-opens=java.prefs/java.util.prefs=ALL-UNNAMED --add-exports=jdk.compiler/com.sun.tools.javac.api=ALL-UNNAMED --add-exports=jdk.compiler/com.sun.tools.javac.util=ALL-UNNAMED --add-opens=java.base/java.util=ALL-UNNAMED --add-opens=java.prefs/java.util.prefs=ALL-UNNAMED --add-opens=java.base/java.nio.charset=ALL-UNNAMED --add-opens=java.base/java.net=ALL-UNNAMED --add-opens=java.base/java.util.concurrent=ALL-UNNAMED --add-opens=java.base/java.util.concurrent.atomic=ALL-UNNAMED --add-opens=java.xml/javax.xml.namespace=ALL-UNNAMED --add-opens=java.base/java.time=ALL-UNNAMED -XX:MaxMetaspaceSize=256m -Xmx512m -Dfile.encoding=UTF-8 -Duser.country=IN -Duser.language=en -Duser.variant -javaagent:C:\Users\DELL\.gradle\wrapper\dists\gradle-9.3.1-bin\23ovyewtku6u96viwx3xl3oks\gradle-9.3.1\lib\agents\gradle-instrumentation-agent-9.3.1.jar 
java_command: org.gradle.launcher.daemon.bootstrap.GradleDaemon 9.3.1
java_class_path (initial): C:\Users\DELL\.gradle\wrapper\dists\gradle-9.3.1-bin\23ovyewtku6u96viwx3xl3oks\gradle-9.3.1\lib\gradle-daemon-main-9.3.1.jar
Launcher Type: SUN_STANDARD

[Global flags]
     intx CICompilerCount                          = 3                                         {product} {ergonomic}
   size_t CompressedClassSpaceSize                 = 218103808                                 {product} {ergonomic}
     uint ConcGCThreads                            = 1                                         {product} {ergonomic}
     uint G1ConcRefinementThreads                  = 4                                         {product} {ergonomic}
   size_t G1HeapRegionSize                         = 1048576                                   {product} {ergonomic}
    uintx GCDrainStackTargetSize                   = 64                                        {product} {ergonomic}
   size_t InitialHeapSize                          = 65011712                                  {product} {ergonomic}
   size_t MarkStackSize                            = 4194304                                   {product} {ergonomic}
   size_t MaxHeapSize                              = 536870912                                 {product} {command line}
   size_t MaxMetaspaceSize                         = 268435456                                 {product} {command line}
   size_t MaxNewSize                               = 321912832                                 {product} {ergonomic}
   size_t MinHeapDeltaBytes                        = 1048576                                   {product} {ergonomic}
   size_t MinHeapSize                              = 8388608                                   {product} {ergonomic}
    uintx NonNMethodCodeHeapSize                   = 5832780                                {pd product} {ergonomic}
    uintx NonProfiledCodeHeapSize                  = 122912730                              {pd product} {ergonomic}
    uintx ProfiledCodeHeapSize                     = 122912730                              {pd product} {ergonomic}
    uintx ReservedCodeCacheSize                    = 251658240                              {pd product} {ergonomic}
     bool SegmentedCodeCache                       = true                                      {product} {ergonomic}
   size_t SoftMaxHeapSize                          = 536870912                              {manageable} {ergonomic}
     bool UseCompressedOops                        = true                           {product lp64_product} {ergonomic}
     bool UseG1GC                                  = true                                      {product} {ergonomic}
     bool UseLargePagesIndividualAllocation        = false                                  {pd product} {ergonomic}

Logging:
Log output configuration:
 #0: stdout all=warning uptime,level,tags foldmultilines=false
 #1: stderr all=off uptime,level,tags foldmultilines=false

Release file:
JAVA_VERSION="21.0.9" 
MODULES="java.base java.compiler java.datatransfer java.xml java.prefs java.desktop java.instrument java.logging java.management java.security.sasl java.naming java.rmi java.management.rmi java.net.http java.scripting java.security.jgss java.transaction.xa java.sql java.sql.rowset java.xml.crypto java.se java.smartcardio jdk.accessibility jdk.internal.jvmstat jdk.attach jdk.charsets jdk.internal.opt jdk.zipfs jdk.compiler jdk.crypto.ec jdk.crypto.cryptoki jdk.dynalink jdk.hotspot.agent jdk.httpserver jdk.internal.ed jdk.internal.le jdk.internal.vm.ci jdk.jartool jdk.javadoc jdk.jcmd jdk.jdeps jdk.jdwp.agent jdk.jdi jdk.jfr jdk.jlink jdk.jsobject jdk.localedata jdk.management jdk.management.agent jdk.management.jfr jdk.naming.dns jdk.naming.rmi jdk.net jdk.sctp jdk.security.auth jdk.security.jgss jdk.unsupported jdk.unsupported.desktop jdk.xml.dom" 
IMPLEMENTOR="JetBrains s.r.o." 
JAVA_RUNTIME_VERSION="21.0.9+-14787801-b1163.94" 
LIBC="default" 
OS_ARCH="x86_64" 
OS_NAME="Windows" 
SOURCE=".:git:0c757ddc9f2f" 

Environment Variables:
JAVA_HOME=C:\Program Files\Android\Android Studio\jbr
PATH=C:\Program Files\OpenLogic\jdk-22.0.2.9-hotspot\bin;C:\Windows\system32;C:\Windows;C:\Windows\System32\Wbem;C:\Windows\System32\WindowsPowerShell\v1.0\;C:\Windows\System32\OpenSSH\;C:\Program Files\dotnet\;C:\MinGW\bin;C:\Program Files\Git\cmd;C:\Users\DELL\AppData\Roaming\nvm;C:\Program Files\nodejs;C:\ProgramData\chocolatey\bin;C:\Program Files\nodejs\;C:\Users\DELL\AppData\Local\Programs\Python\Python313\Scripts;C:\Users\DELL\AppData\Local\Programs\Python\Python313\;C:\platform-tools;C:\MinGW\bin;C:\MinGW\bin;C:\Program Files\MySQL\MySQL Server 8.0\bin;C:\Users\DELL\AppData\Local\Programs\Python\Python310\Scripts\;C:\Users\DELL\AppData\Local\Programs\Python\Python310\;C:\Users\DELL\AppData\Local\Programs\Python\Python313\Scripts\;C:\Users\DELL\AppData\Local\Programs\Python\Python313\;C:\Users\DELL\AppData\Local\Programs\Python\Launcher\;C:\Users\DELL\AppData\Local\Microsoft\WindowsApps;C:\Users\DELL\AppData\Local\Programs\Microsoft VS Code\bin;C:\Users\DELL\AppData\Roaming\nvm;C:\Program Files\nodejs;C:\Users\DELL\AppData\Roaming\npm;C:\Program Files\heroku\bin;C:\Users\DELL\.dotnet\tools;C:\Users\DELL\Downloads\x64;C:\Users\DELL\AppData\Local\Programs\Python\Python310\;C:\Users\DELL\AppData\Local\Programs\Antigravity\bin
USERNAME=DELL
OS=Windows_NT
PROCESSOR_IDENTIFIER=Intel64 Family 6 Model 126 Stepping 5, GenuineIntel
TMP=C:\Users\DELL\AppData\Local\Temp
TEMP=C:\Users\DELL\AppData\Local\Temp




Periodic native trim disabled

JNI global refs:
JNI global refs: 27, weak refs: 1

JNI global refs memory usage: 835, weak refs: 833

Process memory usage:
Resident Set Size: 195756K (4% of 3954772K total physical memory with 73964K free physical memory)

OOME stack traces (most recent first):
Classloader memory used:
Loader org.gradle.internal.classloader.VisitableURLClassLoader                         : 45043K
Loader org.gradle.internal.classloader.VisitableURLClassLoader$InstrumentingVisitableURLClassLoader: 40593K
Loader bootstrap                                                                       : 30344K
Loader org.gradle.initialization.MixInLegacyTypesClassLoader                           : 11691K
Loader jdk.internal.reflect.DelegatingClassLoader                                      : 378K
Loader jdk.internal.loader.ClassLoaders$AppClassLoader                                 : 231K
Loader org.gradle.internal.classloader.VisitableURLClassLoader                         : 209K
Loader jdk.internal.loader.ClassLoaders$PlatformClassLoader                            : 179K

Classes loaded by more than one classloader:
Class Program                                                                         : loaded 5 times (x 72B)
Class Build_gradle                                                                    : loaded 3 times (x 126B)
Class com.google.common.collect.RegularImmutableMap$KeySet                            : loaded 2 times (x 152B)
Class org.gradle.internal.classloader.FilteringClassLoader                            : loaded 2 times (x 105B)
Class com.google.common.io.FileWriteMode                                              : loaded 2 times (x 79B)
Class [Lcom.google.common.base.AbstractIterator$State;                                : loaded 2 times (x 69B)
Class com.google.common.base.CharMatcher$IsEither                                     : loaded 2 times (x 111B)
Class org.gradle.internal.classloader.ClassLoaderHierarchy                            : loaded 2 times (x 70B)
Class com.google.common.collect.AbstractMapBasedMultimap$WrappedCollection            : loaded 2 times (x 124B)
Class com.google.common.collect.ImmutableEnumSet                                      : loaded 2 times (x 146B)
Class com.google.common.util.concurrent.ExecutionError                                : loaded 2 times (x 82B)
Class com.google.common.collect.ImmutableList$1                                       : loaded 2 times (x 97B)
Class org.gradle.api.internal.classpath.ManifestUtil                                  : loaded 2 times (x 71B)
Class com.google.common.collect.RegularImmutableMap                                   : loaded 2 times (x 121B)
Class com.google.common.collect.ImmutableMap$MapViewOfValuesAsSingletonSets           : loaded 2 times (x 126B)
Class com.google.common.collect.TransformedListIterator                               : loaded 2 times (x 93B)
Class [Lorg.objectweb.asm.Symbol;                                                     : loaded 2 times (x 69B)
Class org.objectweb.asm.ClassVisitor                                                  : loaded 2 times (x 88B)
Class com.google.common.collect.UnmodifiableListIterator                              : loaded 2 times (x 95B)
Class com.google.common.base.Platform$JdkPatternCompiler                              : loaded 2 times (x 75B)
Class org.objectweb.asm.MethodTooLargeException                                       : loaded 2 times (x 83B)
Class [Lcom.google.common.cache.CacheBuilder$OneWeigher;                              : loaded 2 times (x 69B)
Class com.google.common.base.Suppliers                                                : loaded 2 times (x 71B)
Class org.gradle.internal.classloader.DefaultClassLoaderFactory                       : loaded 2 times (x 82B)
Class com.google.common.base.CharMatcher$None                                         : loaded 2 times (x 112B)
Class org.gradle.internal.classloader.ClassLoaderVisitor                              : loaded 2 times (x 76B)
Class [Lcom.google.common.collect.ImmutableMapEntry;                                  : loaded 2 times (x 69B)
Class org.gradle.api.internal.classpath.EffectiveClassPath                            : loaded 2 times (x 90B)
Class com.google.common.collect.ListMultimap                                          : loaded 2 times (x 70B)
Class com.google.common.collect.ImmutableEnumMap                                      : loaded 2 times (x 126B)
Class com.google.common.base.Splitter                                                 : loaded 2 times (x 72B)
Class com.google.common.collect.ImmutableSet$SerializedForm                           : loaded 2 times (x 73B)
Class com.google.common.collect.Sets$1                                                : loaded 2 times (x 139B)
Class org.objectweb.asm.AnnotationVisitor                                             : loaded 2 times (x 78B)
Class org.gradle.api.internal.DefaultClassPathProvider                                : loaded 2 times (x 76B)
Class com.google.common.collect.Maps$ViewCachingAbstractMap                           : loaded 2 times (x 125B)
Class com.google.common.collect.Sets$2                                                : loaded 2 times (x 139B)
Class [Lorg.gradle.api.internal.ClassPathProvider;                                    : loaded 2 times (x 69B)
Class org.gradle.api.internal.ClassPathProvider                                       : loaded 2 times (x 70B)
Class com.google.common.base.AbstractIterator$State                                   : loaded 2 times (x 79B)
Class [Lorg.objectweb.asm.AnnotationVisitor;                                          : loaded 2 times (x 69B)
Class com.google.common.collect.Sets$3                                                : loaded 2 times (x 139B)
Class com.google.common.cache.LocalCache$LocalLoadingCache                            : loaded 2 times (x 134B)
Class org.gradle.internal.service.UnknownServiceException                             : loaded 2 times (x 83B)
Class com.google.common.collect.Sets$4                                                : loaded 2 times (x 139B)
Class org.objectweb.asm.ModuleVisitor                                                 : loaded 2 times (x 81B)
Class com.google.common.cache.LocalCache$Strength$1                                   : loaded 2 times (x 81B)
Class com.google.common.util.concurrent.SettableFuture                                : loaded 2 times (x 114B)
Class com.google.common.cache.LocalCache$Strength$2                                   : loaded 2 times (x 81B)
Class com.google.common.collect.TransformedIterator                                   : loaded 2 times (x 80B)
Class com.google.common.base.Splitter$1                                               : loaded 2 times (x 77B)
Class com.google.common.cache.LocalCache$Strength$3                                   : loaded 2 times (x 81B)
Class com.google.common.collect.MapDifference                                         : loaded 2 times (x 70B)
Class org.objectweb.asm.FieldWriter                                                   : loaded 2 times (x 78B)
Class com.google.common.cache.CacheBuilder$NullListener                               : loaded 2 times (x 82B)
Class org.gradle.internal.classpath.TransformedClassPath                              : loaded 2 times (x 96B)
Class org.gradle.internal.classloader.InstrumentingClassLoader                        : loaded 2 times (x 70B)
Class com.google.common.cache.CacheLoader$FunctionToCacheLoader                       : loaded 2 times (x 75B)
Class com.google.common.collect.Iterators$ArrayItr                                    : loaded 2 times (x 97B)
Class com.google.common.base.Equivalence$Identity                                     : loaded 2 times (x 82B)
Class com.google.common.base.Joiner                                                   : loaded 2 times (x 79B)
Class com.google.common.base.MoreObjects                                              : loaded 2 times (x 71B)
Class com.google.common.collect.Platform                                              : loaded 2 times (x 71B)
Class [Lorg.objectweb.asm.Type;                                                       : loaded 2 times (x 69B)
Class com.google.common.collect.UnmodifiableIterator                                  : loaded 2 times (x 80B)
Class org.gradle.internal.service.ServiceLocator                                      : loaded 2 times (x 70B)
Class com.google.common.collect.SingletonImmutableBiMap                               : loaded 2 times (x 143B)
Class com.google.common.base.Ascii                                                    : loaded 2 times (x 71B)
Class com.google.common.cache.LocalCache$1                                            : loaded 2 times (x 89B)
Class com.google.common.collect.Iterators$SingletonIterator                           : loaded 2 times (x 81B)
Class com.google.common.collect.AbstractMapEntry                                      : loaded 2 times (x 81B)
Class com.google.common.collect.Sets$ImprovedAbstractSet                              : loaded 2 times (x 135B)
Class com.google.common.collect.ImmutableList$Builder                                 : loaded 2 times (x 77B)
Class com.google.common.collect.AbstractMultimap                                      : loaded 2 times (x 123B)
Class com.google.common.cache.LocalCache$2                                            : loaded 2 times (x 142B)
Class com.google.common.collect.RegularImmutableAsList                                : loaded 2 times (x 217B)
Class com.google.common.util.concurrent.AbstractFuture$Trusted                        : loaded 2 times (x 70B)
Class com.google.common.collect.Iterators                                             : loaded 2 times (x 71B)
Class com.google.common.io.ByteSink$AsCharSink                                        : loaded 2 times (x 80B)
Class com.google.common.collect.Lists$StringAsImmutableList                           : loaded 2 times (x 207B)
Class com.google.common.util.concurrent.UncheckedExecutionException                   : loaded 2 times (x 82B)
Class org.gradle.kotlin.dsl.VersionCatalogAccessorsKt                                 : loaded 2 times (x 71B)
Class com.google.common.collect.AbstractMapBasedMultimap$KeySet$1                     : loaded 2 times (x 82B)
Class org.objectweb.asm.ClassWriter                                                   : loaded 2 times (x 106B)
Class com.google.common.base.CharMatcher$And                                          : loaded 2 times (x 112B)
Class com.google.common.cache.CacheLoader$UnsupportedLoadingOperationException        : loaded 2 times (x 82B)
Class org.gradle.internal.classloader.ClasspathUtil$1                                 : loaded 2 times (x 76B)
Class com.google.common.base.Objects                                                  : loaded 2 times (x 71B)
Class org.objectweb.asm.FieldVisitor                                                  : loaded 2 times (x 77B)
Class com.google.common.collect.IndexedImmutableSet                                   : loaded 2 times (x 152B)
Class com.google.common.collect.ImmutableMap$1                                        : loaded 2 times (x 81B)
Class com.google.common.collect.BiMap                                                 : loaded 2 times (x 70B)
Class org.gradle.api.internal.classpath.DefaultModuleRegistry$DefaultModule           : loaded 2 times (x 86B)
Class com.google.common.primitives.Ints                                               : loaded 2 times (x 71B)
Class com.google.common.collect.AbstractIterator                                      : loaded 2 times (x 82B)
Class com.google.common.collect.ObjectArrays                                          : loaded 2 times (x 71B)
Class com.google.common.math.MathPreconditions                                        : loaded 2 times (x 71B)
Class com.google.common.collect.Multiset                                              : loaded 2 times (x 70B)
Class com.google.common.collect.ArrayListMultimapGwtSerializationDependencies         : loaded 2 times (x 172B)
Class com.google.common.collect.AbstractIndexedListIterator                           : loaded 2 times (x 96B)
Class com.google.common.collect.ImmutableMapEntrySet                                  : loaded 2 times (x 152B)
Class org.gradle.api.internal.classpath.Module                                        : loaded 2 times (x 70B)
Class com.google.common.cache.Weigher                                                 : loaded 2 times (x 70B)
Class org.gradle.api.internal.classpath.UnknownModuleException                        : loaded 2 times (x 82B)
Class com.google.common.base.Stopwatch                                                : loaded 2 times (x 72B)
Class com.google.common.cache.LocalCache$Strength                                     : loaded 2 times (x 81B)
Class com.google.common.cache.Cache                                                   : loaded 2 times (x 70B)
Class com.google.common.base.NullnessCasts                                            : loaded 2 times (x 71B)
Class com.google.common.util.concurrent.AbstractFuture$Cancellation                   : loaded 2 times (x 72B)
Class com.google.common.collect.ImmutableMap$Builder                                  : loaded 2 times (x 82B)
Class com.google.common.collect.AbstractMapBasedMultimap$WrappedCollection$WrappedIterator: loaded 2 times (x 84B)
Class com.google.common.cache.RemovalListener                                         : loaded 2 times (x 70B)
Class org.gradle.api.internal.DefaultClassPathRegistry                                : loaded 2 times (x 76B)
Class com.google.common.primitives.IntsMethodsForWeb                                  : loaded 2 times (x 71B)
Class com.google.common.collect.Multimap                                              : loaded 2 times (x 70B)
Class org.gradle.api.internal.ClassPathRegistry                                       : loaded 2 times (x 70B)
Class org.gradle.internal.classpath.DefaultClassPath$ImmutableUniqueList              : loaded 2 times (x 199B)
Class com.google.common.base.ExtraObjectsMethodsForWeb                                : loaded 2 times (x 71B)
Class com.google.common.collect.ImmutableCollection$Builder                           : loaded 2 times (x 76B)
Class com.google.common.io.ByteSink                                                   : loaded 2 times (x 76B)
Class com.google.common.cache.CacheBuilder                                            : loaded 2 times (x 72B)
Class com.google.common.collect.SingletonImmutableList                                : loaded 2 times (x 207B)
Class Settings_gradle$1                                                               : loaded 2 times (x 74B)
Class org.gradle.internal.classpath.ClassPath                                         : loaded 2 times (x 70B)
Class com.google.common.io.Files$FileByteSource                                       : loaded 2 times (x 85B)
Class com.google.common.base.JdkPattern                                               : loaded 2 times (x 75B)
Class com.google.common.collect.ImmutableList$ReverseImmutableList                    : loaded 2 times (x 209B)
Class org.objectweb.asm.SymbolTable$Entry                                             : loaded 2 times (x 74B)
Class org.objectweb.asm.Edge                                                          : loaded 2 times (x 72B)
Class com.google.common.base.Suppliers$SupplierOfInstance                             : loaded 2 times (x 79B)
Class com.google.common.collect.Iterators$1                                           : loaded 2 times (x 81B)
Class com.google.common.cache.LocalCache$ComputingValueReference                      : loaded 2 times (x 96B)
Class com.google.common.collect.SingletonImmutableSet                                 : loaded 2 times (x 146B)
Class com.google.common.collect.ImmutableMap$IteratorBasedImmutableMap                : loaded 2 times (x 126B)
Class com.google.common.cache.LocalCache$Segment                                      : loaded 2 times (x 154B)
Class com.google.common.collect.AbstractListMultimap                                  : loaded 2 times (x 172B)
Class [Lorg.objectweb.asm.SymbolTable$Entry;                                          : loaded 2 times (x 69B)
Class com.google.common.cache.CacheLoader                                             : loaded 2 times (x 74B)
Class com.google.common.collect.Iterators$4                                           : loaded 2 times (x 82B)
Class com.google.common.collect.ImmutableBiMap                                        : loaded 2 times (x 143B)
Class org.gradle.api.internal.classpath.ModuleRegistry                                : loaded 2 times (x 70B)
Class org.gradle.internal.installation.GradleInstallation$1                           : loaded 2 times (x 75B)
Class com.google.common.base.Splitter$SplittingIterator                               : loaded 2 times (x 84B)
Class com.google.common.collect.ImmutableSet$JdkBackedSetBuilderImpl                  : loaded 2 times (x 76B)
Class com.google.common.util.concurrent.internal.InternalFutureFailureAccess          : loaded 2 times (x 72B)
Class com.google.common.collect.Iterators$5                                           : loaded 2 times (x 82B)
Class com.google.common.base.CharMatcher$ForPredicate                                 : loaded 2 times (x 112B)
Class com.google.common.cache.LocalCache$LocalManualCache$1                           : loaded 2 times (x 75B)
Class com.google.common.base.CharMatcher$AnyOf                                        : loaded 2 times (x 112B)
Class com.google.common.collect.ImmutableCollection                                   : loaded 2 times (x 125B)
Class org.gradle.api.internal.classpath.DefaultModuleRegistry                         : loaded 2 times (x 86B)
Class com.google.common.collect.Lists                                                 : loaded 2 times (x 71B)
Class com.google.common.util.concurrent.ListenableFuture                              : loaded 2 times (x 70B)
Class com.google.common.cache.ReferenceEntry                                          : loaded 2 times (x 70B)
Class com.google.common.base.Converter                                                : loaded 2 times (x 90B)
Class com.google.common.collect.ImmutableSet$CachingAsList                            : loaded 2 times (x 148B)
Class com.google.common.collect.AbstractMapBasedMultimap                              : loaded 2 times (x 139B)
Class com.google.common.util.concurrent.AbstractFuture                                : loaded 2 times (x 106B)
Class com.google.common.base.FunctionalEquivalence                                    : loaded 2 times (x 83B)
Class com.google.common.collect.Iterators$9                                           : loaded 2 times (x 81B)
Class com.google.common.collect.ImmutableAsList                                       : loaded 2 times (x 209B)
Class org.objectweb.asm.RecordComponentVisitor                                        : loaded 2 times (x 77B)
Class com.google.common.cache.CacheLoader$SupplierToCacheLoader                       : loaded 2 times (x 75B)
Class com.google.common.collect.Maps$EntryTransformer                                 : loaded 2 times (x 70B)
Class org.gradle.internal.service.ServiceLookupException                              : loaded 2 times (x 82B)
Class [Lcom.google.common.cache.LocalCache$EntryFactory;                              : loaded 2 times (x 69B)
Class org.gradle.internal.classloader.ClassLoaderFactory                              : loaded 2 times (x 70B)
Class com.google.common.base.CommonPattern                                            : loaded 2 times (x 74B)
Class com.google.common.base.CharMatcher$IsNot                                        : loaded 2 times (x 111B)
Class com.google.common.cache.LocalCache$LocalManualCache                             : loaded 2 times (x 99B)
Class org.gradle.internal.service.CachingServiceLocator                               : loaded 2 times (x 82B)
Class com.google.common.collect.AbstractMapBasedMultimap$KeySet                       : loaded 2 times (x 137B)
Class com.google.common.math.IntMath                                                  : loaded 2 times (x 71B)
Class com.google.common.collect.ImmutableMapEntry                                     : loaded 2 times (x 85B)
Class com.google.common.base.Equivalence                                              : loaded 2 times (x 82B)
Class com.google.common.base.Function                                                 : loaded 2 times (x 70B)
Class com.google.common.collect.ImmutableMapEntry$NonTerminalImmutableMapEntry        : loaded 2 times (x 85B)
Class com.google.common.collect.IndexedImmutableSet$1                                 : loaded 2 times (x 213B)
Class com.google.common.cache.CacheBuilder$OneWeigher                                 : loaded 2 times (x 82B)
Class com.google.common.collect.RegularImmutableList                                  : loaded 2 times (x 213B)
Class org.gradle.internal.classloader.ClasspathUtil                                   : loaded 2 times (x 71B)
Class com.google.common.util.concurrent.Uninterruptibles                              : loaded 2 times (x 71B)
Class com.google.common.util.concurrent.LazyLogger                                    : loaded 2 times (x 72B)
Class com.google.common.collect.Maps                                                  : loaded 2 times (x 71B)
Class org.gradle.api.specs.Spec                                                       : loaded 2 times (x 70B)
Class [Lcom.google.common.collect.ImmutableEntry;                                     : loaded 2 times (x 69B)
Class com.google.common.cache.LocalCache$LoadingValueReference                        : loaded 2 times (x 96B)
Class com.google.common.base.Platform                                                 : loaded 2 times (x 71B)
Class com.google.common.collect.AbstractMapBasedMultimap$WrappedList                  : loaded 2 times (x 205B)
Class [Lorg.objectweb.asm.AnnotationWriter;                                           : loaded 2 times (x 69B)
Class com.google.common.collect.Maps$8                                                : loaded 2 times (x 82B)
Class com.google.common.collect.Sets$SetView                                          : loaded 2 times (x 138B)
Class com.google.common.cache.LocalCache$StrongValueReference                         : loaded 2 times (x 90B)
Class com.google.common.graph.SuccessorsFunction                                      : loaded 2 times (x 70B)
Class org.objectweb.asm.Type                                                          : loaded 2 times (x 72B)
Class org.gradle.internal.classloader.VisitableURLClassLoader$InstrumentingVisitableURLClassLoader: loaded 2 times (x 123B)
Class com.google.common.io.Files$FileByteSink                                         : loaded 2 times (x 77B)
Class com.google.common.math.IntMath$1                                                : loaded 2 times (x 71B)
Class org.objectweb.asm.ByteVector                                                    : loaded 2 times (x 79B)
Class [Lcom.google.common.cache.CacheBuilder$NullListener;                            : loaded 2 times (x 69B)
Class org.gradle.internal.classloader.VisitableURLClassLoader$Spec                    : loaded 2 times (x 74B)
Class org.gradle.internal.classpath.DefaultClassPath                                  : loaded 2 times (x 90B)
Class com.google.common.base.AbstractIterator                                         : loaded 2 times (x 80B)
Class org.objectweb.asm.Symbol                                                        : loaded 2 times (x 73B)
Class com.google.common.io.Closer                                                     : loaded 2 times (x 78B)
Class com.google.common.base.CharMatcher$BitSetMatcher                                : loaded 2 times (x 112B)
Class com.google.common.collect.RegularImmutableMap$Values                            : loaded 2 times (x 207B)
Class com.google.common.collect.ImmutableSet                                          : loaded 2 times (x 145B)
Class org.gradle.internal.classloader.ClassLoaderSpec                                 : loaded 2 times (x 71B)
Class org.objectweb.asm.AnnotationWriter                                              : loaded 2 times (x 79B)
Class com.google.common.cache.CacheStats                                              : loaded 2 times (x 71B)
Class com.google.common.io.LineProcessor                                              : loaded 2 times (x 70B)
Class com.google.common.io.Closer$Suppressor                                          : loaded 2 times (x 70B)
Class org.objectweb.asm.RecordComponentWriter                                         : loaded 2 times (x 78B)
Class com.google.common.util.concurrent.AbstractFuture$Listener                       : loaded 2 times (x 72B)
Class com.google.common.base.CharMatcher$Or                                           : loaded 2 times (x 112B)
Class Settings_gradle$1$1                                                             : loaded 2 times (x 74B)
Class org.objectweb.asm.Attribute                                                     : loaded 2 times (x 77B)
Class com.google.common.base.Supplier                                                 : loaded 2 times (x 70B)
Class org.gradle.internal.classloader.VisitableURLClassLoader                         : loaded 2 times (x 117B)
Class Settings_gradle                                                                 : loaded 2 times (x 124B)
Class org.gradle.internal.Cast                                                        : loaded 2 times (x 71B)
Class org.gradle.api.Action                                                           : loaded 2 times (x 70B)
Class com.google.common.base.Strings                                                  : loaded 2 times (x 71B)
Class com.google.common.collect.Sets                                                  : loaded 2 times (x 71B)
Class org.objectweb.asm.Handler                                                       : loaded 2 times (x 72B)
Class com.google.common.base.CharMatcher$FastMatcher                                  : loaded 2 times (x 111B)
Class com.google.common.base.Ticker                                                   : loaded 2 times (x 72B)
Class [Lcom.google.common.cache.LocalCache$Segment;                                   : loaded 2 times (x 69B)
Class com.google.common.base.Predicate                                                : loaded 2 times (x 70B)
Class [Lcom.google.common.cache.LocalCache$Strength;                                  : loaded 2 times (x 69B)
Class com.google.common.cache.CacheBuilder$1                                          : loaded 2 times (x 85B)
Class com.google.common.collect.ImmutableMap                                          : loaded 2 times (x 120B)
Class org.gradle.internal.classpath.DefaultClassPath$ImmutableUniqueList$Builder      : loaded 2 times (x 75B)
Class com.google.common.base.CharMatcher$NegatedFastMatcher                           : loaded 2 times (x 113B)
Class com.google.common.cache.LocalCache                                              : loaded 2 times (x 187B)
Class com.google.common.cache.CacheBuilder$2                                          : loaded 2 times (x 79B)
Class com.google.common.collect.ArrayListMultimap                                     : loaded 2 times (x 172B)
Class com.google.common.cache.CacheBuilder$3                                          : loaded 2 times (x 72B)
Class [Lcom.google.common.collect.AbstractMapEntry;                                   : loaded 2 times (x 69B)
Class com.google.common.collect.ImmutableEntry                                        : loaded 2 times (x 82B)
Class org.gradle.api.GradleException                                                  : loaded 2 times (x 82B)
Class com.google.common.collect.CollectPreconditions                                  : loaded 2 times (x 71B)
Class [Lcom.google.common.io.FileWriteMode;                                           : loaded 2 times (x 69B)
Class com.google.common.collect.SortedMapDifference                                   : loaded 2 times (x 70B)
Class com.google.common.io.Files                                                      : loaded 2 times (x 71B)
Class com.google.common.cache.LocalCache$EntryFactory                                 : loaded 2 times (x 83B)
Class com.google.common.cache.LocalCache$AbstractReferenceEntry                       : loaded 2 times (x 107B)
Class org.gradle.internal.IoActions                                                   : loaded 2 times (x 71B)
Class org.objectweb.asm.SymbolTable                                                   : loaded 2 times (x 72B)
Class com.google.common.cache.CacheLoader$InvalidCacheLoadException                   : loaded 2 times (x 82B)
Class com.google.common.collect.ImmutableSet$RegularSetBuilderImpl                    : loaded 2 times (x 77B)
Class org.gradle.internal.classloader.SystemClassLoaderSpec                           : loaded 2 times (x 71B)
Class com.google.common.cache.LocalCache$StrongEntry                                  : loaded 2 times (x 108B)
Class com.google.common.util.concurrent.AbstractFuture$TrustedFuture                  : loaded 2 times (x 114B)
Class com.google.common.cache.LoadingCache                                            : loaded 2 times (x 70B)
Class org.objectweb.asm.MethodWriter                                                  : loaded 2 times (x 106B)
Class [Lcom.google.common.cache.Weigher;                                              : loaded 2 times (x 69B)
Class com.google.common.collect.RegularImmutableMap$BucketOverflowException           : loaded 2 times (x 82B)
Class com.google.common.collect.AbstractMapBasedMultimap$RandomAccessWrappedList      : loaded 2 times (x 205B)
Class com.google.common.collect.RegularImmutableBiMap                                 : loaded 2 times (x 149B)
Class com.google.common.base.CharMatcher$Negated                                      : loaded 2 times (x 113B)
Class com.google.common.base.CharMatcher$Is                                           : loaded 2 times (x 111B)
Class com.google.common.cache.LocalCache$ValueReference                               : loaded 2 times (x 70B)
Class com.google.common.base.PatternCompiler                                          : loaded 2 times (x 70B)
Class com.google.common.util.concurrent.AbstractFuture$Failure                        : loaded 2 times (x 72B)
Class com.google.common.base.Equivalence$Equals                                       : loaded 2 times (x 82B)
Class com.google.common.collect.Hashing                                               : loaded 2 times (x 71B)
Class com.google.common.base.Preconditions                                            : loaded 2 times (x 71B)
Class com.google.common.io.CharSink                                                   : loaded 2 times (x 79B)
Class com.google.common.base.Joiner$1                                                 : loaded 2 times (x 80B)
Class org.objectweb.asm.Label                                                         : loaded 2 times (x 73B)
Class org.objectweb.asm.CurrentFrame                                                  : loaded 2 times (x 73B)
Class org.objectweb.asm.ClassTooLargeException                                        : loaded 2 times (x 83B)
Class com.google.common.base.CharMatcher                                              : loaded 2 times (x 111B)
Class com.google.common.collect.PeekingIterator                                       : loaded 2 times (x 70B)
Class com.google.common.collect.Table                                                 : loaded 2 times (x 70B)
Class com.google.common.collect.Maps$IteratorBasedAbstractMap                         : loaded 2 times (x 125B)
Class com.google.common.base.Joiner$2                                                 : loaded 2 times (x 79B)
Class org.objectweb.asm.Frame                                                         : loaded 2 times (x 73B)
Class org.objectweb.asm.MethodVisitor                                                 : loaded 2 times (x 105B)
Class com.google.common.base.CharMatcher$NamedFastMatcher                             : loaded 2 times (x 112B)
Class com.google.common.base.CharMatcher$1                                            : loaded 2 times (x 113B)
Class com.google.common.cache.LocalCache$EntryFactory$1                               : loaded 2 times (x 83B)
Class [Lcom.google.common.cache.RemovalListener;                                      : loaded 2 times (x 69B)
Class com.google.common.cache.LocalCache$EntryFactory$2                               : loaded 2 times (x 83B)
Class org.gradle.api.internal.classpath.GlobalCacheRootsProvider                      : loaded 2 times (x 70B)
Class org.objectweb.asm.ModuleWriter                                                  : loaded 2 times (x 82B)
Class com.google.common.cache.LocalCache$EntryFactory$3                               : loaded 2 times (x 83B)
Class com.google.common.base.Ticker$1                                                 : loaded 2 times (x 72B)
Class com.google.common.collect.Maps$BiMapConverter                                   : loaded 2 times (x 90B)
Class com.google.common.collect.ImmutableMapEntrySet$RegularEntrySet                  : loaded 2 times (x 152B)
Class com.google.common.collect.ImmutableSet$Builder                                  : loaded 2 times (x 85B)
Class com.google.common.base.CharMatcher$InRange                                      : loaded 2 times (x 111B)
Class com.google.common.cache.LocalCache$EntryFactory$4                               : loaded 2 times (x 83B)
Class com.google.common.cache.LocalCache$EntryFactory$5                               : loaded 2 times (x 83B)
Class com.google.common.base.PairwiseEquivalence                                      : loaded 2 times (x 83B)
Class com.google.common.cache.LocalCache$EntryFactory$6                               : loaded 2 times (x 83B)
Class org.gradle.internal.installation.CurrentGradleInstallationLocator               : loaded 2 times (x 71B)
Class com.google.common.collect.Maps$KeySet                                           : loaded 2 times (x 137B)
Class com.google.common.collect.ImmutableSet$EmptySetBuilderImpl                      : loaded 2 times (x 76B)
Class com.google.common.cache.LocalCache$EntryFactory$7                               : loaded 2 times (x 83B)
Class com.google.common.collect.ImmutableList                                         : loaded 2 times (x 206B)
Class org.gradle.internal.service.DefaultServiceLocator                               : loaded 2 times (x 83B)
Class com.google.common.collect.Maps$EntrySet                                         : loaded 2 times (x 136B)
Class com.google.common.cache.LocalCache$EntryFactory$8                               : loaded 2 times (x 83B)
Class com.google.common.collect.ImmutableSet$SetBuilderImpl                           : loaded 2 times (x 76B)
Class org.gradle.internal.installation.CurrentGradleInstallation                      : loaded 2 times (x 73B)
Class com.google.common.cache.CacheLoader$1                                           : loaded 2 times (x 75B)
Class com.google.common.collect.ImmutableList$SubList                                 : loaded 2 times (x 209B)
Class org.gradle.util.internal.GUtil                                                  : loaded 2 times (x 71B)
Class com.google.common.io.ByteSource                                                 : loaded 2 times (x 84B)
Class com.google.common.cache.AbstractCache$StatsCounter                              : loaded 2 times (x 70B)
Class com.google.common.collect.Iterators$MergingIterator                             : loaded 2 times (x 81B)
Class com.google.common.collect.RegularImmutableSet                                   : loaded 2 times (x 149B)
Class org.gradle.internal.installation.GradleInstallation                             : loaded 2 times (x 75B)
Class com.google.common.base.Splitter$Strategy                                        : loaded 2 times (x 70B)
Class com.google.common.collect.Iterables                                             : loaded 2 times (x 71B)

---------------  S Y S T E M  ---------------

OS:
 Windows 10 , 64 bit Build 19041 (10.0.19041.5915)
OS uptime: 0 days 14:10 hours
Hyper-V role detected

CPU: total 4 (initial active 4) (2 cores per cpu, 2 threads per core) family 6 model 126 stepping 5 microcode 0xca, cx8, cmov, fxsr, ht, mmx, 3dnowpref, sse, sse2, sse3, ssse3, sse4.1, sse4.2, popcnt, lzcnt, tsc, tscinvbit, avx, avx2, aes, erms, clmul, bmi1, bmi2, adx, avx512f, avx512dq, avx512cd, avx512bw, avx512vl, sha, fma, vzeroupper, avx512_vpopcntdq, avx512_vpclmulqdq, avx512_vaes, avx512_vnni, clflush, clflushopt, avx512_vbmi2, avx512_vbmi, hv, rdtscp, rdpid, fsrm, gfni, avx512_bitalg, f16c, avx512_ifma
Processor Information for the first 4 processors :
  Max Mhz: 1190, Current Mhz: 1190, Mhz Limit: 1190

Memory: 4k page, system-wide physical 3862M (144M free)
TotalPageFile size 15638M (AvailPageFile size 41M)
current process WorkingSet (physical memory assigned to process): 192M, peak: 321M
current process commit charge ("private bytes"): 838M, peak: 840M

vm_info: OpenJDK 64-Bit Server VM (21.0.9+-14787801-b1163.94) for windows-amd64 JRE (21.0.9+-14787801-b1163.94), built on 2026-01-27T21:15:44Z by "builder" with MS VC++ 16.10 / 16.11 (VS2019)

END.
