#
# There is insufficient memory for the Java Runtime Environment to continue.
# Native memory allocation (malloc) failed to allocate 1413120 bytes. Error detail: Chunk::new
# Possible reasons:
#   The system is out of physical RAM or swap space
#   This process is running with CompressedOops enabled, and the Java Heap may be blocking the growth of the native heap
# Possible solutions:
#   Reduce memory load on the system
#   Increase physical memory or swap space
#   Check if swap backing store is full
#   Decrease Java heap size (-Xmx/-Xms)
#   Decrease number of Java threads
#   Decrease Java thread stack sizes (-Xss)
#   Set larger code cache with -XX:ReservedCodeCacheSize=
#   JVM is running with Unscaled Compressed Oops mode in which the Java heap is
#     placed in the first 4GB address space. The Java Heap base address is the
#     maximum limit for the native heap growth. Please use -XX:HeapBaseMinAddress
#     to set the Java Heap base and to place the Java Heap above 4GB virtual address.
# This output file may be truncated or incomplete.
#
#  Out of Memory Error (arena.cpp:168), pid=13288, tid=1068
#
# JRE version: OpenJDK Runtime Environment Temurin-21.0.7+6 (21.0.7+6) (build 21.0.7+6-LTS)
# Java VM: OpenJDK 64-Bit Server VM Temurin-21.0.7+6 (21.0.7+6-LTS, mixed mode, sharing, tiered, compressed oops, compressed class ptrs, g1 gc, windows-amd64)
# No core dump will be written. Minidumps are not enabled by default on client versions of Windows
#

---------------  S U M M A R Y ------------

Command Line: --add-opens=java.base/java.lang=ALL-UNNAMED --add-opens=java.base/java.lang.invoke=ALL-UNNAMED --add-opens=java.base/java.util=ALL-UNNAMED --add-opens=java.prefs/java.util.prefs=ALL-UNNAMED --add-exports=jdk.compiler/com.sun.tools.javac.api=ALL-UNNAMED --add-exports=jdk.compiler/com.sun.tools.javac.util=ALL-UNNAMED --add-opens=java.base/java.util=ALL-UNNAMED --add-opens=java.prefs/java.util.prefs=ALL-UNNAMED --add-opens=java.base/java.nio.charset=ALL-UNNAMED --add-opens=java.base/java.net=ALL-UNNAMED --add-opens=java.base/java.util.concurrent=ALL-UNNAMED --add-opens=java.base/java.util.concurrent.atomic=ALL-UNNAMED --add-opens=java.xml/javax.xml.namespace=ALL-UNNAMED --add-opens=java.base/java.time=ALL-UNNAMED -XX:MaxMetaspaceSize=512m -Xmx1024m -Dfile.encoding=UTF-8 -Duser.country=IN -Duser.language=en -Duser.variant -javaagent:C:\Users\DELL\.gradle\wrapper\dists\gradle-9.3.1-bin\23ovyewtku6u96viwx3xl3oks\gradle-9.3.1\lib\agents\gradle-instrumentation-agent-9.3.1.jar org.gradle.launcher.daemon.bootstrap.GradleDaemon 9.3.1

Host: Intel(R) Core(TM) i3-1005G1 CPU @ 1.20GHz, 4 cores, 3G,  Windows 10 , 64 bit Build 19041 (10.0.19041.5915)
Time: Fri Mar 27 13:07:55 2026 India Standard Time elapsed time: 220.171683 seconds (0d 0h 3m 40s)

---------------  T H R E A D  ---------------

Current thread (0x000001e917771190):  JavaThread "C2 CompilerThread0" daemon [_thread_in_native, id=1068, stack(0x0000007e79d00000,0x0000007e79e00000) (1024K)]


Current CompileTask:
C2:220172 26787 %     4       com.android.tools.r8.internal.mu1::a @ 1755 (4153 bytes)

Stack: [0x0000007e79d00000,0x0000007e79e00000]
Native frames: (J=compiled Java code, j=interpreted, Vv=VM code, C=native code)
V  [jvm.dll+0x6ce119]
V  [jvm.dll+0x8a84a1]
V  [jvm.dll+0x8aa9ce]
V  [jvm.dll+0x8ab0b3]
V  [jvm.dll+0x27f8a6]
V  [jvm.dll+0xc507d]
V  [jvm.dll+0xc55b3]
V  [jvm.dll+0x3b692c]
V  [jvm.dll+0x1dfe33]
V  [jvm.dll+0x247c42]
V  [jvm.dll+0x2470cf]
V  [jvm.dll+0x1c760e]
V  [jvm.dll+0x25695a]
V  [jvm.dll+0x254efa]
V  [jvm.dll+0x3f03f6]
V  [jvm.dll+0x851f6b]
V  [jvm.dll+0x6cc7dd]
C  [ucrtbase.dll+0x21bb2]
C  [KERNEL32.DLL+0x17374]
C  [ntdll.dll+0x4cc91]


---------------  P R O C E S S  ---------------

Threads class SMR info:
_java_thread_list=0x000001e93c211000, length=58, elements={
0x000001e978f73100, 0x000001e917759d60, 0x000001e91775cdc0, 0x000001e9177600d0,
0x000001e917760b20, 0x000001e917761980, 0x000001e91776c3f0, 0x000001e917771190,
0x000001e917775530, 0x000001e917850690, 0x000001e9179c98a0, 0x000001e938643d30,
0x000001e9386cc310, 0x000001e93884dc50, 0x000001e9388490d0, 0x000001e9388478c0,
0x000001e9387706c0, 0x000001e938777770, 0x000001e9387756a0, 0x000001e938775d30,
0x000001e9387763c0, 0x000001e938777e00, 0x000001e938778b20, 0x000001e938776a50,
0x000001e9387770e0, 0x000001e938778490, 0x000001e938e75f90, 0x000001e938e77340,
0x000001e938e74550, 0x000001e938e73ec0, 0x000001e938e78060, 0x000001e938e76cb0,
0x000001e938e7a7c0, 0x000001e938e76620, 0x000001e938e786f0, 0x000001e938e78d80,
0x000001e938e79410, 0x000001e938e79aa0, 0x000001e938e75900, 0x000001e938e74be0,
0x000001e93ab13ef0, 0x000001e93ab131d0, 0x000001e93ab14c10, 0x000001e93ab11e20,
0x000001e93ab18090, 0x000001e93ab124b0, 0x000001e93ab15930, 0x000001e9179f33f0,
0x000001e9179f82b0, 0x000001e9179f8940, 0x000001e9179f6f00, 0x000001e9179f3a80,
0x000001e9179f7590, 0x000001e93918b900, 0x000001e93918bf90, 0x000001e93918c620,
0x000001e93918ccb0, 0x000001e93918e060
}

Java Threads: ( => current thread )
  0x000001e978f73100 JavaThread "main"                              [_thread_blocked, id=488, stack(0x0000007e78f00000,0x0000007e79000000) (1024K)]
  0x000001e917759d60 JavaThread "Reference Handler"          daemon [_thread_blocked, id=15868, stack(0x0000007e79700000,0x0000007e79800000) (1024K)]
  0x000001e91775cdc0 JavaThread "Finalizer"                  daemon [_thread_blocked, id=17348, stack(0x0000007e79800000,0x0000007e79900000) (1024K)]
  0x000001e9177600d0 JavaThread "Signal Dispatcher"          daemon [_thread_blocked, id=1652, stack(0x0000007e79900000,0x0000007e79a00000) (1024K)]
  0x000001e917760b20 JavaThread "Attach Listener"            daemon [_thread_blocked, id=18048, stack(0x0000007e79a00000,0x0000007e79b00000) (1024K)]
  0x000001e917761980 JavaThread "Service Thread"             daemon [_thread_in_vm, id=15776, stack(0x0000007e79b00000,0x0000007e79c00000) (1024K)]
  0x000001e91776c3f0 JavaThread "Monitor Deflation Thread"   daemon [_thread_blocked, id=13920, stack(0x0000007e79c00000,0x0000007e79d00000) (1024K)]
=>0x000001e917771190 JavaThread "C2 CompilerThread0"         daemon [_thread_in_native, id=1068, stack(0x0000007e79d00000,0x0000007e79e00000) (1024K)]
  0x000001e917775530 JavaThread "C1 CompilerThread0"         daemon [_thread_blocked, id=2528, stack(0x0000007e79e00000,0x0000007e79f00000) (1024K)]
  0x000001e917850690 JavaThread "Common-Cleaner"             daemon [_thread_blocked, id=18232, stack(0x0000007e79f00000,0x0000007e7a000000) (1024K)]
  0x000001e9179c98a0 JavaThread "Notification Thread"        daemon [_thread_blocked, id=9448, stack(0x0000007e7a000000,0x0000007e7a100000) (1024K)]
  0x000001e938643d30 JavaThread "Daemon health stats"               [_thread_blocked, id=18012, stack(0x0000007e7a400000,0x0000007e7a500000) (1024K)]
  0x000001e9386cc310 JavaThread "Incoming local TCP Connector on port 56816"        [_thread_in_native, id=18676, stack(0x0000007e7a500000,0x0000007e7a600000) (1024K)]
  0x000001e93884dc50 JavaThread "Daemon periodic checks"            [_thread_blocked, id=1744, stack(0x0000007e7a600000,0x0000007e7a700000) (1024K)]
  0x000001e9388490d0 JavaThread "Daemon"                            [_thread_blocked, id=17524, stack(0x0000007e7a700000,0x0000007e7a800000) (1024K)]
  0x000001e9388478c0 JavaThread "Handler for socket connection from /127.0.0.1:56816 to /127.0.0.1:56817"        [_thread_in_native, id=1352, stack(0x0000007e7a800000,0x0000007e7a900000) (1024K)]
  0x000001e9387706c0 JavaThread "Cancel handler"                    [_thread_blocked, id=1612, stack(0x0000007e7a900000,0x0000007e7aa00000) (1024K)]
  0x000001e938777770 JavaThread "Daemon worker"                     [_thread_blocked, id=2620, stack(0x0000007e7aa00000,0x0000007e7ab00000) (1024K)]
  0x000001e9387756a0 JavaThread "Asynchronous log dispatcher for DefaultDaemonConnection: socket connection from /127.0.0.1:56816 to /127.0.0.1:56817"        [_thread_blocked, id=8976, stack(0x0000007e7ab00000,0x0000007e7ac00000) (1024K)]
  0x000001e938775d30 JavaThread "Stdin handler"                     [_thread_blocked, id=13268, stack(0x0000007e7ac00000,0x0000007e7ad00000) (1024K)]
  0x000001e9387763c0 JavaThread "Daemon client event forwarder"        [_thread_blocked, id=11304, stack(0x0000007e7ad00000,0x0000007e7ae00000) (1024K)]
  0x000001e938777e00 JavaThread "Cache worker for journal cache (C:\Users\DELL\.gradle\caches\journal-1)"        [_thread_blocked, id=5996, stack(0x0000007e7ae00000,0x0000007e7af00000) (1024K)]
  0x000001e938778b20 JavaThread "File lock request listener"        [_thread_in_native, id=16632, stack(0x0000007e7af00000,0x0000007e7b000000) (1024K)]
  0x000001e938776a50 JavaThread "Cache worker for file hash cache (C:\Users\DELL\.gradle\caches\9.3.1\fileHashes)"        [_thread_blocked, id=9328, stack(0x0000007e7b000000,0x0000007e7b100000) (1024K)]
  0x000001e9387770e0 JavaThread "Cache worker for file hash cache (C:\Users\DELL\Desktop\kavachsecurecom\android-app\.gradle\9.3.1\fileHashes)"        [_thread_blocked, id=9560, stack(0x0000007e7b100000,0x0000007e7b200000) (1024K)]
  0x000001e938778490 JavaThread "Cache worker for Build Output Cleanup Cache (C:\Users\DELL\Desktop\kavachsecurecom\android-app\.gradle\buildOutputCleanup)"        [_thread_blocked, id=18628, stack(0x0000007e7b200000,0x0000007e7b300000) (1024K)]
  0x000001e938e75f90 JavaThread "File watcher server"        daemon [_thread_in_native, id=19216, stack(0x0000007e7b300000,0x0000007e7b400000) (1024K)]
  0x000001e938e77340 JavaThread "File watcher consumer"      daemon [_thread_in_Java, id=1980, stack(0x0000007e7b400000,0x0000007e7b500000) (1024K)]
  0x000001e938e74550 JavaThread "Cache worker for checksums cache (C:\Users\DELL\Desktop\kavachsecurecom\android-app\.gradle\9.3.1\checksums)"        [_thread_blocked, id=17788, stack(0x0000007e7b500000,0x0000007e7b600000) (1024K)]
  0x000001e938e73ec0 JavaThread "Cache worker for file content cache (C:\Users\DELL\.gradle\caches\9.3.1\fileContent)"        [_thread_blocked, id=12612, stack(0x0000007e7b600000,0x0000007e7b700000) (1024K)]
  0x000001e938e78060 JavaThread "Cache worker for cache directory md-supplier (C:\Users\DELL\.gradle\caches\9.3.1\md-supplier)"        [_thread_blocked, id=18380, stack(0x0000007e7b700000,0x0000007e7b800000) (1024K)]
  0x000001e938e76cb0 JavaThread "Cache worker for cache directory md-rule (C:\Users\DELL\.gradle\caches\9.3.1\md-rule)"        [_thread_blocked, id=12460, stack(0x0000007e7b800000,0x0000007e7b900000) (1024K)]
  0x000001e938e7a7c0 JavaThread "Unconstrained build operations"        [_thread_blocked, id=9856, stack(0x0000007e7b900000,0x0000007e7ba00000) (1024K)]
  0x000001e938e76620 JavaThread "Unconstrained build operations Thread 2"        [_thread_blocked, id=2436, stack(0x0000007e7ba00000,0x0000007e7bb00000) (1024K)]
  0x000001e938e786f0 JavaThread "Unconstrained build operations Thread 3"        [_thread_blocked, id=18744, stack(0x0000007e7bb00000,0x0000007e7bc00000) (1024K)]
  0x000001e938e78d80 JavaThread "Unconstrained build operations Thread 4"        [_thread_blocked, id=5988, stack(0x0000007e7bc00000,0x0000007e7bd00000) (1024K)]
  0x000001e938e79410 JavaThread "Unconstrained build operations Thread 5"        [_thread_blocked, id=856, stack(0x0000007e7bd00000,0x0000007e7be00000) (1024K)]
  0x000001e938e79aa0 JavaThread "Unconstrained build operations Thread 6"        [_thread_blocked, id=18396, stack(0x0000007e7be00000,0x0000007e7bf00000) (1024K)]
  0x000001e938e75900 JavaThread "Memory manager"                    [_thread_blocked, id=11808, stack(0x0000007e7bf00000,0x0000007e7c000000) (1024K)]
  0x000001e938e74be0 JavaThread "build event listener"              [_thread_blocked, id=13364, stack(0x0000007e7c000000,0x0000007e7c100000) (1024K)]
  0x000001e93ab13ef0 JavaThread "pool-3-thread-1"                   [_thread_blocked, id=14856, stack(0x0000007e7c100000,0x0000007e7c200000) (1024K)]
  0x000001e93ab131d0 JavaThread "build event listener"              [_thread_blocked, id=8248, stack(0x0000007e7c200000,0x0000007e7c300000) (1024K)]
  0x000001e93ab14c10 JavaThread "included builds"                   [_thread_blocked, id=436, stack(0x0000007e7c300000,0x0000007e7c400000) (1024K)]
  0x000001e93ab11e20 JavaThread "Cache worker for execution history cache (C:\Users\DELL\Desktop\kavachsecurecom\android-app\.gradle\9.3.1\executionHistory)"        [_thread_blocked, id=19336, stack(0x0000007e7c400000,0x0000007e7c500000) (1024K)]
  0x000001e93ab18090 JavaThread "Unconstrained build operations Thread 7"        [_thread_blocked, id=5460, stack(0x0000007e7c500000,0x0000007e7c600000) (1024K)]
  0x000001e93ab124b0 JavaThread "Unconstrained build operations Thread 8"        [_thread_blocked, id=9440, stack(0x0000007e7c600000,0x0000007e7c700000) (1024K)]
  0x000001e93ab15930 JavaThread "WorkerExecutor Queue"              [_thread_blocked, id=10704, stack(0x0000007e7c700000,0x0000007e7c800000) (1024K)]
  0x000001e9179f33f0 JavaThread "Unconstrained build operations Thread 9"        [_thread_blocked, id=17804, stack(0x0000007e7c800000,0x0000007e7c900000) (1024K)]
  0x000001e9179f82b0 JavaThread "Unconstrained build operations Thread 10"        [_thread_blocked, id=9244, stack(0x0000007e7c900000,0x0000007e7ca00000) (1024K)]
  0x000001e9179f8940 JavaThread "RMI Scheduler(0)"           daemon [_thread_blocked, id=18588, stack(0x0000007e78d00000,0x0000007e78e00000) (1024K)]
  0x000001e9179f6f00 JavaThread "RMI GC Daemon"              daemon [_thread_blocked, id=10664, stack(0x0000007e7ca00000,0x0000007e7cb00000) (1024K)]
  0x000001e9179f3a80 JavaThread "RMI TCP Accept-0"           daemon [_thread_in_native, id=1548, stack(0x0000007e7cb00000,0x0000007e7cc00000) (1024K)]
  0x000001e9179f7590 JavaThread "RMI Reaper"                        [_thread_blocked, id=9436, stack(0x0000007e7cc00000,0x0000007e7cd00000) (1024K)]
  0x000001e93918b900 JavaThread "WorkerExecutor Queue Thread 2"        [_thread_blocked, id=10928, stack(0x0000007e78c00000,0x0000007e78d00000) (1024K)]
  0x000001e93918bf90 JavaThread "ForkJoinPool-1-worker-1"    daemon [_thread_blocked, id=17372, stack(0x0000007e78e00000,0x0000007e78f00000) (1024K)]
  0x000001e93918c620 JavaThread "ForkJoinPool-1-worker-2"    daemon [_thread_in_Java, id=11420, stack(0x0000007e7cd00000,0x0000007e7ce00000) (1024K)]
  0x000001e93918ccb0 JavaThread "ForkJoinPool-1-worker-3"    daemon [_thread_in_Java, id=19080, stack(0x0000007e7ce00000,0x0000007e7cf00000) (1024K)]
  0x000001e93918e060 JavaThread "ForkJoinPool-1-worker-4"    daemon [_thread_in_Java, id=8392, stack(0x0000007e7cf00000,0x0000007e7d000000) (1024K)]
Total: 58

Other Threads:
  0x000001e979034240 VMThread "VM Thread"                           [id=15584, stack(0x0000007e79600000,0x0000007e79700000) (1024K)]
  0x000001e91774cd70 WatcherThread "VM Periodic Task Thread"        [id=16912, stack(0x0000007e79500000,0x0000007e79600000) (1024K)]
  0x000001e978fac580 WorkerThread "GC Thread#0"                     [id=7612, stack(0x0000007e79000000,0x0000007e79100000) (1024K)]
  0x000001e917ab0dc0 WorkerThread "GC Thread#1"                     [id=4132, stack(0x0000007e7a100000,0x0000007e7a200000) (1024K)]
  0x000001e917b195d0 WorkerThread "GC Thread#2"                     [id=10856, stack(0x0000007e7a200000,0x0000007e7a300000) (1024K)]
  0x000001e9373ea690 WorkerThread "GC Thread#3"                     [id=4428, stack(0x0000007e7a300000,0x0000007e7a400000) (1024K)]
  0x000001e978fb64d0 ConcurrentGCThread "G1 Main Marker"            [id=9740, stack(0x0000007e79100000,0x0000007e79200000) (1024K)]
  0x000001e978fb6d80 WorkerThread "G1 Conc#0"                       [id=17232, stack(0x0000007e79200000,0x0000007e79300000) (1024K)]
  0x000001e979015870 ConcurrentGCThread "G1 Refine#0"               [id=10264, stack(0x0000007e79300000,0x0000007e79400000) (1024K)]
  0x000001e979016190 ConcurrentGCThread "G1 Service"                [id=2044, stack(0x0000007e79400000,0x0000007e79500000) (1024K)]
Total: 10

Threads with active compile tasks:
C2 CompilerThread0  220250 26787 %     4       com.android.tools.r8.internal.mu1::a @ 1755 (4153 bytes)
Total: 1

VM state: not at safepoint (normal execution)

VM Mutex/Monitor currently owned by a thread: None

Heap address: 0x00000000c0000000, size: 1024 MB, Compressed Oops mode: 32-bit

CDS archive(s) mapped at: [0x000001e918000000-0x000001e918c80000-0x000001e918c80000), size 13107200, SharedBaseAddress: 0x000001e918000000, ArchiveRelocationMode: 1.
Compressed class space mapped at: 0x000001e919000000-0x000001e933000000, reserved size: 436207616
Narrow klass base: 0x000001e918000000, Narrow klass shift: 0, Narrow klass range: 0x100000000

GC Precious Log:
 CardTable entry size: 512
 Card Set container configuration: InlinePtr #cards 5 size 8 Array Of Cards #cards 12 size 40 Howl #buckets 4 coarsen threshold 1843 Howl Bitmap #cards 512 size 80 coarsen threshold 460 Card regions per heap region 1 cards per card region 2048
 CPUs: 4 total, 4 available
 Memory: 3862M
 Large Page Support: Disabled
 NUMA Support: Disabled
 Compressed Oops: Enabled (32-bit)
 Heap Region Size: 1M
 Heap Min Capacity: 8M
 Heap Initial Capacity: 62M
 Heap Max Capacity: 1G
 Pre-touch: Disabled
 Parallel Workers: 4
 Concurrent Workers: 1
 Concurrent Refinement Workers: 4
 Periodic GC: Disabled

Heap:
 garbage-first heap   total 862208K, used 564352K [0x00000000c0000000, 0x0000000100000000)
  region size 1024K, 94 young (96256K), 17 survivors (17408K)
 Metaspace       used 129889K, committed 132416K, reserved 557056K
  class space    used 17460K, committed 18752K, reserved 425984K

Heap Regions: E=young(eden), S=young(survivor), O=old, HS=humongous(starts), HC=humongous(continues), CS=collection set, F=free, TAMS=top-at-mark-start, PB=parsable bottom
|   0|0x00000000c0000000, 0x00000000c0100000, 0x00000000c0100000|100%|HS|  |TAMS 0x00000000c0000000| PB 0x00000000c0000000| Complete 
|   1|0x00000000c0100000, 0x00000000c0200000, 0x00000000c0200000|100%|HC|  |TAMS 0x00000000c0100000| PB 0x00000000c0100000| Complete 
|   2|0x00000000c0200000, 0x00000000c0300000, 0x00000000c0300000|100%|HC|  |TAMS 0x00000000c0200000| PB 0x00000000c0200000| Complete 
|   3|0x00000000c0300000, 0x00000000c0400000, 0x00000000c0400000|100%|HC|  |TAMS 0x00000000c0300000| PB 0x00000000c0300000| Complete 
|   4|0x00000000c0400000, 0x00000000c0500000, 0x00000000c0500000|100%| O|  |TAMS 0x00000000c0400000| PB 0x00000000c0400000| Untracked 
|   5|0x00000000c0500000, 0x00000000c0600000, 0x00000000c0600000|100%| O|  |TAMS 0x00000000c0500000| PB 0x00000000c0500000| Untracked 
|   6|0x00000000c0600000, 0x00000000c0700000, 0x00000000c0700000|100%| O|  |TAMS 0x00000000c0600000| PB 0x00000000c0600000| Untracked 
|   7|0x00000000c0700000, 0x00000000c0800000, 0x00000000c0800000|100%| O|  |TAMS 0x00000000c0700000| PB 0x00000000c0700000| Untracked 
|   8|0x00000000c0800000, 0x00000000c0900000, 0x00000000c0900000|100%| O|  |TAMS 0x00000000c0800000| PB 0x00000000c0800000| Untracked 
|   9|0x00000000c0900000, 0x00000000c0a00000, 0x00000000c0a00000|100%| O|  |TAMS 0x00000000c0900000| PB 0x00000000c0900000| Untracked 
|  10|0x00000000c0a00000, 0x00000000c0b00000, 0x00000000c0b00000|100%| O|  |TAMS 0x00000000c0a00000| PB 0x00000000c0a00000| Untracked 
|  11|0x00000000c0b00000, 0x00000000c0c00000, 0x00000000c0c00000|100%|HS|  |TAMS 0x00000000c0b00000| PB 0x00000000c0b00000| Complete 
|  12|0x00000000c0c00000, 0x00000000c0d00000, 0x00000000c0d00000|100%| O|  |TAMS 0x00000000c0c00000| PB 0x00000000c0c00000| Untracked 
|  13|0x00000000c0d00000, 0x00000000c0e00000, 0x00000000c0e00000|100%| O|  |TAMS 0x00000000c0d00000| PB 0x00000000c0d00000| Untracked 
|  14|0x00000000c0e00000, 0x00000000c0f00000, 0x00000000c0f00000|100%| O|  |TAMS 0x00000000c0e00000| PB 0x00000000c0e00000| Untracked 
|  15|0x00000000c0f00000, 0x00000000c1000000, 0x00000000c1000000|100%| O|  |TAMS 0x00000000c0f00000| PB 0x00000000c0f00000| Untracked 
|  16|0x00000000c1000000, 0x00000000c1100000, 0x00000000c1100000|100%| O|  |TAMS 0x00000000c1000000| PB 0x00000000c1000000| Untracked 
|  17|0x00000000c1100000, 0x00000000c1200000, 0x00000000c1200000|100%| O|  |TAMS 0x00000000c1100000| PB 0x00000000c1100000| Untracked 
|  18|0x00000000c1200000, 0x00000000c1300000, 0x00000000c1300000|100%| O|  |TAMS 0x00000000c1200000| PB 0x00000000c1200000| Untracked 
|  19|0x00000000c1300000, 0x00000000c1400000, 0x00000000c1400000|100%| O|  |TAMS 0x00000000c1300000| PB 0x00000000c1300000| Untracked 
|  20|0x00000000c1400000, 0x00000000c1500000, 0x00000000c1500000|100%| O|  |TAMS 0x00000000c1400000| PB 0x00000000c1400000| Untracked 
|  21|0x00000000c1500000, 0x00000000c1600000, 0x00000000c1600000|100%| O|  |TAMS 0x00000000c1500000| PB 0x00000000c1500000| Untracked 
|  22|0x00000000c1600000, 0x00000000c1700000, 0x00000000c1700000|100%| O|  |TAMS 0x00000000c1600000| PB 0x00000000c1600000| Untracked 
|  23|0x00000000c1700000, 0x00000000c1800000, 0x00000000c1800000|100%| O|  |TAMS 0x00000000c1700000| PB 0x00000000c1700000| Untracked 
|  24|0x00000000c1800000, 0x00000000c1900000, 0x00000000c1900000|100%| O|  |TAMS 0x00000000c1800000| PB 0x00000000c1800000| Untracked 
|  25|0x00000000c1900000, 0x00000000c1a00000, 0x00000000c1a00000|100%| O|  |TAMS 0x00000000c1900000| PB 0x00000000c1900000| Untracked 
|  26|0x00000000c1a00000, 0x00000000c1b00000, 0x00000000c1b00000|100%| O|  |TAMS 0x00000000c1a00000| PB 0x00000000c1a00000| Untracked 
|  27|0x00000000c1b00000, 0x00000000c1c00000, 0x00000000c1c00000|100%| O|  |TAMS 0x00000000c1b00000| PB 0x00000000c1b00000| Untracked 
|  28|0x00000000c1c00000, 0x00000000c1d00000, 0x00000000c1d00000|100%| O|  |TAMS 0x00000000c1c00000| PB 0x00000000c1c00000| Untracked 
|  29|0x00000000c1d00000, 0x00000000c1e00000, 0x00000000c1e00000|100%| O|  |TAMS 0x00000000c1d00000| PB 0x00000000c1d00000| Untracked 
|  30|0x00000000c1e00000, 0x00000000c1f00000, 0x00000000c1f00000|100%| O|  |TAMS 0x00000000c1e00000| PB 0x00000000c1e00000| Untracked 
|  31|0x00000000c1f00000, 0x00000000c2000000, 0x00000000c2000000|100%|HS|  |TAMS 0x00000000c1f00000| PB 0x00000000c1f00000| Complete 
|  32|0x00000000c2000000, 0x00000000c2100000, 0x00000000c2100000|100%| O|  |TAMS 0x00000000c2000000| PB 0x00000000c2000000| Untracked 
|  33|0x00000000c2100000, 0x00000000c2200000, 0x00000000c2200000|100%| O|  |TAMS 0x00000000c2100000| PB 0x00000000c2100000| Untracked 
|  34|0x00000000c2200000, 0x00000000c2300000, 0x00000000c2300000|100%| O|  |TAMS 0x00000000c2200000| PB 0x00000000c2200000| Untracked 
|  35|0x00000000c2300000, 0x00000000c2400000, 0x00000000c2400000|100%| O|  |TAMS 0x00000000c2300000| PB 0x00000000c2300000| Untracked 
|  36|0x00000000c2400000, 0x00000000c2500000, 0x00000000c2500000|100%| O|  |TAMS 0x00000000c2400000| PB 0x00000000c2400000| Untracked 
|  37|0x00000000c2500000, 0x00000000c2600000, 0x00000000c2600000|100%| O|  |TAMS 0x00000000c2500000| PB 0x00000000c2500000| Untracked 
|  38|0x00000000c2600000, 0x00000000c2700000, 0x00000000c2700000|100%| O|  |TAMS 0x00000000c2600000| PB 0x00000000c2600000| Untracked 
|  39|0x00000000c2700000, 0x00000000c2800000, 0x00000000c2800000|100%| O|  |TAMS 0x00000000c2700000| PB 0x00000000c2700000| Untracked 
|  40|0x00000000c2800000, 0x00000000c2900000, 0x00000000c2900000|100%| O|  |TAMS 0x00000000c2800000| PB 0x00000000c2800000| Untracked 
|  41|0x00000000c2900000, 0x00000000c2a00000, 0x00000000c2a00000|100%| O|  |TAMS 0x00000000c2900000| PB 0x00000000c2900000| Untracked 
|  42|0x00000000c2a00000, 0x00000000c2b00000, 0x00000000c2b00000|100%| O|  |TAMS 0x00000000c2a00000| PB 0x00000000c2a00000| Untracked 
|  43|0x00000000c2b00000, 0x00000000c2c00000, 0x00000000c2c00000|100%|HS|  |TAMS 0x00000000c2b00000| PB 0x00000000c2b00000| Complete 
|  44|0x00000000c2c00000, 0x00000000c2d00000, 0x00000000c2d00000|100%|HS|  |TAMS 0x00000000c2c00000| PB 0x00000000c2c00000| Complete 
|  45|0x00000000c2d00000, 0x00000000c2e00000, 0x00000000c2e00000|100%|HC|  |TAMS 0x00000000c2d00000| PB 0x00000000c2d00000| Complete 
|  46|0x00000000c2e00000, 0x00000000c2f00000, 0x00000000c2f00000|100%| O|  |TAMS 0x00000000c2e00000| PB 0x00000000c2e00000| Untracked 
|  47|0x00000000c2f00000, 0x00000000c3000000, 0x00000000c3000000|100%| O|  |TAMS 0x00000000c2f00000| PB 0x00000000c2f00000| Untracked 
|  48|0x00000000c3000000, 0x00000000c3100000, 0x00000000c3100000|100%| O|  |TAMS 0x00000000c3000000| PB 0x00000000c3000000| Untracked 
|  49|0x00000000c3100000, 0x00000000c3200000, 0x00000000c3200000|100%| O|  |TAMS 0x00000000c3100000| PB 0x00000000c3100000| Untracked 
|  50|0x00000000c3200000, 0x00000000c3300000, 0x00000000c3300000|100%| O|  |TAMS 0x00000000c3200000| PB 0x00000000c3200000| Untracked 
|  51|0x00000000c3300000, 0x00000000c3400000, 0x00000000c3400000|100%|HS|  |TAMS 0x00000000c3300000| PB 0x00000000c3300000| Complete 
|  52|0x00000000c3400000, 0x00000000c3500000, 0x00000000c3500000|100%|HS|  |TAMS 0x00000000c3400000| PB 0x00000000c3400000| Complete 
|  53|0x00000000c3500000, 0x00000000c3600000, 0x00000000c3600000|100%| O|  |TAMS 0x00000000c3500000| PB 0x00000000c3500000| Untracked 
|  54|0x00000000c3600000, 0x00000000c3700000, 0x00000000c3700000|100%|HS|  |TAMS 0x00000000c3600000| PB 0x00000000c3600000| Complete 
|  55|0x00000000c3700000, 0x00000000c3800000, 0x00000000c3800000|100%|HS|  |TAMS 0x00000000c3700000| PB 0x00000000c3700000| Complete 
|  56|0x00000000c3800000, 0x00000000c3900000, 0x00000000c3900000|100%| O|  |TAMS 0x00000000c3800000| PB 0x00000000c3800000| Untracked 
|  57|0x00000000c3900000, 0x00000000c3a00000, 0x00000000c3a00000|100%|HS|  |TAMS 0x00000000c3900000| PB 0x00000000c3900000| Complete 
|  58|0x00000000c3a00000, 0x00000000c3b00000, 0x00000000c3b00000|100%|HC|  |TAMS 0x00000000c3a00000| PB 0x00000000c3a00000| Complete 
|  59|0x00000000c3b00000, 0x00000000c3c00000, 0x00000000c3c00000|100%| O|  |TAMS 0x00000000c3b00000| PB 0x00000000c3b00000| Untracked 
|  60|0x00000000c3c00000, 0x00000000c3d00000, 0x00000000c3d00000|100%| O|  |TAMS 0x00000000c3c00000| PB 0x00000000c3c00000| Untracked 
|  61|0x00000000c3d00000, 0x00000000c3e00000, 0x00000000c3e00000|100%| O|  |TAMS 0x00000000c3d00000| PB 0x00000000c3d00000| Untracked 
|  62|0x00000000c3e00000, 0x00000000c3f00000, 0x00000000c3f00000|100%| O|  |TAMS 0x00000000c3e00000| PB 0x00000000c3e00000| Untracked 
|  63|0x00000000c3f00000, 0x00000000c4000000, 0x00000000c4000000|100%| O|  |TAMS 0x00000000c3f00000| PB 0x00000000c3f00000| Untracked 
|  64|0x00000000c4000000, 0x00000000c4100000, 0x00000000c4100000|100%|HS|  |TAMS 0x00000000c4000000| PB 0x00000000c4000000| Complete 
|  65|0x00000000c4100000, 0x00000000c4200000, 0x00000000c4200000|100%| O|  |TAMS 0x00000000c4100000| PB 0x00000000c4100000| Untracked 
|  66|0x00000000c4200000, 0x00000000c4300000, 0x00000000c4300000|100%| O|  |TAMS 0x00000000c4200000| PB 0x00000000c4200000| Untracked 
|  67|0x00000000c4300000, 0x00000000c4400000, 0x00000000c4400000|100%| O|Cm|TAMS 0x00000000c4300000| PB 0x00000000c4300000| Complete 
|  68|0x00000000c4400000, 0x00000000c4500000, 0x00000000c4500000|100%| O|  |TAMS 0x00000000c4400000| PB 0x00000000c4400000| Untracked 
|  69|0x00000000c4500000, 0x00000000c4600000, 0x00000000c4600000|100%| O|  |TAMS 0x00000000c4500000| PB 0x00000000c4500000| Untracked 
|  70|0x00000000c4600000, 0x00000000c4700000, 0x00000000c4700000|100%| O|  |TAMS 0x00000000c4600000| PB 0x00000000c4600000| Untracked 
|  71|0x00000000c4700000, 0x00000000c4800000, 0x00000000c4800000|100%| O|  |TAMS 0x00000000c4700000| PB 0x00000000c4700000| Untracked 
|  72|0x00000000c4800000, 0x00000000c4900000, 0x00000000c4900000|100%| O|  |TAMS 0x00000000c4800000| PB 0x00000000c4800000| Untracked 
|  73|0x00000000c4900000, 0x00000000c4a00000, 0x00000000c4a00000|100%| O|  |TAMS 0x00000000c4900000| PB 0x00000000c4900000| Untracked 
|  74|0x00000000c4a00000, 0x00000000c4b00000, 0x00000000c4b00000|100%| O|  |TAMS 0x00000000c4a00000| PB 0x00000000c4a00000| Untracked 
|  75|0x00000000c4b00000, 0x00000000c4c00000, 0x00000000c4c00000|100%| O|  |TAMS 0x00000000c4b00000| PB 0x00000000c4b00000| Untracked 
|  76|0x00000000c4c00000, 0x00000000c4d00000, 0x00000000c4d00000|100%| O|  |TAMS 0x00000000c4c00000| PB 0x00000000c4c00000| Untracked 
|  77|0x00000000c4d00000, 0x00000000c4e00000, 0x00000000c4e00000|100%| O|  |TAMS 0x00000000c4d00000| PB 0x00000000c4d00000| Untracked 
|  78|0x00000000c4e00000, 0x00000000c4f00000, 0x00000000c4f00000|100%| O|  |TAMS 0x00000000c4e00000| PB 0x00000000c4e00000| Untracked 
|  79|0x00000000c4f00000, 0x00000000c5000000, 0x00000000c5000000|100%| O|  |TAMS 0x00000000c4f00000| PB 0x00000000c4f00000| Untracked 
|  80|0x00000000c5000000, 0x00000000c5100000, 0x00000000c5100000|100%| O|  |TAMS 0x00000000c5000000| PB 0x00000000c5000000| Untracked 
|  81|0x00000000c5100000, 0x00000000c5200000, 0x00000000c5200000|100%| O|  |TAMS 0x00000000c5100000| PB 0x00000000c5100000| Untracked 
|  82|0x00000000c5200000, 0x00000000c5300000, 0x00000000c5300000|100%| O|  |TAMS 0x00000000c5200000| PB 0x00000000c5200000| Untracked 
|  83|0x00000000c5300000, 0x00000000c5400000, 0x00000000c5400000|100%| O|  |TAMS 0x00000000c5300000| PB 0x00000000c5300000| Untracked 
|  84|0x00000000c5400000, 0x00000000c5500000, 0x00000000c5500000|100%| O|  |TAMS 0x00000000c5400000| PB 0x00000000c5400000| Untracked 
|  85|0x00000000c5500000, 0x00000000c5600000, 0x00000000c5600000|100%| O|  |TAMS 0x00000000c5500000| PB 0x00000000c5500000| Untracked 
|  86|0x00000000c5600000, 0x00000000c5700000, 0x00000000c5700000|100%| O|  |TAMS 0x00000000c5600000| PB 0x00000000c5600000| Untracked 
|  87|0x00000000c5700000, 0x00000000c5800000, 0x00000000c5800000|100%| O|  |TAMS 0x00000000c5700000| PB 0x00000000c5700000| Untracked 
|  88|0x00000000c5800000, 0x00000000c5900000, 0x00000000c5900000|100%| O|  |TAMS 0x00000000c5800000| PB 0x00000000c5800000| Untracked 
|  89|0x00000000c5900000, 0x00000000c5a00000, 0x00000000c5a00000|100%| O|  |TAMS 0x00000000c5900000| PB 0x00000000c5900000| Untracked 
|  90|0x00000000c5a00000, 0x00000000c5b00000, 0x00000000c5b00000|100%| O|  |TAMS 0x00000000c5a00000| PB 0x00000000c5a00000| Untracked 
|  91|0x00000000c5b00000, 0x00000000c5c00000, 0x00000000c5c00000|100%| O|  |TAMS 0x00000000c5b00000| PB 0x00000000c5b00000| Untracked 
|  92|0x00000000c5c00000, 0x00000000c5d00000, 0x00000000c5d00000|100%| O|  |TAMS 0x00000000c5c00000| PB 0x00000000c5c00000| Untracked 
|  93|0x00000000c5d00000, 0x00000000c5e00000, 0x00000000c5e00000|100%| O|  |TAMS 0x00000000c5d00000| PB 0x00000000c5d00000| Untracked 
|  94|0x00000000c5e00000, 0x00000000c5f00000, 0x00000000c5f00000|100%| O|  |TAMS 0x00000000c5e00000| PB 0x00000000c5e00000| Untracked 
|  95|0x00000000c5f00000, 0x00000000c6000000, 0x00000000c6000000|100%| O|  |TAMS 0x00000000c5f00000| PB 0x00000000c5f00000| Untracked 
|  96|0x00000000c6000000, 0x00000000c6100000, 0x00000000c6100000|100%| O|  |TAMS 0x00000000c6000000| PB 0x00000000c6000000| Untracked 
|  97|0x00000000c6100000, 0x00000000c6200000, 0x00000000c6200000|100%| O|  |TAMS 0x00000000c6100000| PB 0x00000000c6100000| Untracked 
|  98|0x00000000c6200000, 0x00000000c6300000, 0x00000000c6300000|100%| O|  |TAMS 0x00000000c6200000| PB 0x00000000c6200000| Untracked 
|  99|0x00000000c6300000, 0x00000000c6400000, 0x00000000c6400000|100%| O|  |TAMS 0x00000000c6300000| PB 0x00000000c6300000| Untracked 
| 100|0x00000000c6400000, 0x00000000c6500000, 0x00000000c6500000|100%| O|Cm|TAMS 0x00000000c6400000| PB 0x00000000c6400000| Complete 
| 101|0x00000000c6500000, 0x00000000c6600000, 0x00000000c6600000|100%| O|  |TAMS 0x00000000c6500000| PB 0x00000000c6500000| Untracked 
| 102|0x00000000c6600000, 0x00000000c6700000, 0x00000000c6700000|100%|HS|  |TAMS 0x00000000c6600000| PB 0x00000000c6600000| Complete 
| 103|0x00000000c6700000, 0x00000000c6800000, 0x00000000c6800000|100%| O|  |TAMS 0x00000000c6700000| PB 0x00000000c6700000| Untracked 
| 104|0x00000000c6800000, 0x00000000c6900000, 0x00000000c6900000|100%| O|Cm|TAMS 0x00000000c6800000| PB 0x00000000c6800000| Complete 
| 105|0x00000000c6900000, 0x00000000c6a00000, 0x00000000c6a00000|100%| O|  |TAMS 0x00000000c6900000| PB 0x00000000c6900000| Untracked 
| 106|0x00000000c6a00000, 0x00000000c6b00000, 0x00000000c6b00000|100%| O|  |TAMS 0x00000000c6a00000| PB 0x00000000c6a00000| Untracked 
| 107|0x00000000c6b00000, 0x00000000c6c00000, 0x00000000c6c00000|100%|HS|  |TAMS 0x00000000c6b00000| PB 0x00000000c6b00000| Complete 
| 108|0x00000000c6c00000, 0x00000000c6d00000, 0x00000000c6d00000|100%| O|  |TAMS 0x00000000c6c00000| PB 0x00000000c6c00000| Untracked 
| 109|0x00000000c6d00000, 0x00000000c6e00000, 0x00000000c6e00000|100%|HS|  |TAMS 0x00000000c6d00000| PB 0x00000000c6d00000| Complete 
| 110|0x00000000c6e00000, 0x00000000c6f00000, 0x00000000c6f00000|100%| O|  |TAMS 0x00000000c6e00000| PB 0x00000000c6e00000| Untracked 
| 111|0x00000000c6f00000, 0x00000000c7000000, 0x00000000c7000000|100%| O|  |TAMS 0x00000000c6f00000| PB 0x00000000c6f00000| Untracked 
| 112|0x00000000c7000000, 0x00000000c7100000, 0x00000000c7100000|100%| O|  |TAMS 0x00000000c7000000| PB 0x00000000c7000000| Untracked 
| 113|0x00000000c7100000, 0x00000000c7200000, 0x00000000c7200000|100%| O|  |TAMS 0x00000000c7100000| PB 0x00000000c7100000| Untracked 
| 114|0x00000000c7200000, 0x00000000c7300000, 0x00000000c7300000|100%| O|  |TAMS 0x00000000c7200000| PB 0x00000000c7200000| Untracked 
| 115|0x00000000c7300000, 0x00000000c7400000, 0x00000000c7400000|100%|HS|  |TAMS 0x00000000c7300000| PB 0x00000000c7300000| Complete 
| 116|0x00000000c7400000, 0x00000000c7500000, 0x00000000c7500000|100%| O|Cm|TAMS 0x00000000c7400000| PB 0x00000000c7400000| Complete 
| 117|0x00000000c7500000, 0x00000000c7600000, 0x00000000c7600000|100%| O|  |TAMS 0x00000000c7500000| PB 0x00000000c7500000| Untracked 
| 118|0x00000000c7600000, 0x00000000c7700000, 0x00000000c7700000|100%| O|  |TAMS 0x00000000c7600000| PB 0x00000000c7600000| Untracked 
| 119|0x00000000c7700000, 0x00000000c7800000, 0x00000000c7800000|100%| O|  |TAMS 0x00000000c7700000| PB 0x00000000c7700000| Untracked 
| 120|0x00000000c7800000, 0x00000000c7900000, 0x00000000c7900000|100%| O|  |TAMS 0x00000000c7800000| PB 0x00000000c7800000| Untracked 
| 121|0x00000000c7900000, 0x00000000c7a00000, 0x00000000c7a00000|100%|HS|  |TAMS 0x00000000c7900000| PB 0x00000000c7900000| Complete 
| 122|0x00000000c7a00000, 0x00000000c7b00000, 0x00000000c7b00000|100%|HC|  |TAMS 0x00000000c7a00000| PB 0x00000000c7a00000| Complete 
| 123|0x00000000c7b00000, 0x00000000c7c00000, 0x00000000c7c00000|100%|HS|  |TAMS 0x00000000c7b00000| PB 0x00000000c7b00000| Complete 
| 124|0x00000000c7c00000, 0x00000000c7d00000, 0x00000000c7d00000|100%|HS|  |TAMS 0x00000000c7c00000| PB 0x00000000c7c00000| Complete 
| 125|0x00000000c7d00000, 0x00000000c7e00000, 0x00000000c7e00000|100%|HC|  |TAMS 0x00000000c7d00000| PB 0x00000000c7d00000| Complete 
| 126|0x00000000c7e00000, 0x00000000c7f00000, 0x00000000c7f00000|100%| O|  |TAMS 0x00000000c7e00000| PB 0x00000000c7e00000| Untracked 
| 127|0x00000000c7f00000, 0x00000000c8000000, 0x00000000c8000000|100%|HS|  |TAMS 0x00000000c7f00000| PB 0x00000000c7f00000| Complete 
| 128|0x00000000c8000000, 0x00000000c8100000, 0x00000000c8100000|100%| O|  |TAMS 0x00000000c8000000| PB 0x00000000c8000000| Untracked 
| 129|0x00000000c8100000, 0x00000000c8200000, 0x00000000c8200000|100%| O|  |TAMS 0x00000000c8100000| PB 0x00000000c8100000| Untracked 
| 130|0x00000000c8200000, 0x00000000c8300000, 0x00000000c8300000|100%| O|  |TAMS 0x00000000c8200000| PB 0x00000000c8200000| Untracked 
| 131|0x00000000c8300000, 0x00000000c8400000, 0x00000000c8400000|100%|HS|  |TAMS 0x00000000c8300000| PB 0x00000000c8300000| Complete 
| 132|0x00000000c8400000, 0x00000000c8500000, 0x00000000c8500000|100%| O|Cm|TAMS 0x00000000c8400000| PB 0x00000000c8400000| Complete 
| 133|0x00000000c8500000, 0x00000000c8600000, 0x00000000c8600000|100%|HS|  |TAMS 0x00000000c8500000| PB 0x00000000c8500000| Complete 
| 134|0x00000000c8600000, 0x00000000c8700000, 0x00000000c8700000|100%|HC|  |TAMS 0x00000000c8600000| PB 0x00000000c8600000| Complete 
| 135|0x00000000c8700000, 0x00000000c8800000, 0x00000000c8800000|100%|HC|  |TAMS 0x00000000c8700000| PB 0x00000000c8700000| Complete 
| 136|0x00000000c8800000, 0x00000000c8900000, 0x00000000c8900000|100%|HC|  |TAMS 0x00000000c8800000| PB 0x00000000c8800000| Complete 
| 137|0x00000000c8900000, 0x00000000c8a00000, 0x00000000c8a00000|100%| O|  |TAMS 0x00000000c8900000| PB 0x00000000c8900000| Untracked 
| 138|0x00000000c8a00000, 0x00000000c8b00000, 0x00000000c8b00000|100%| O|  |TAMS 0x00000000c8a00000| PB 0x00000000c8a00000| Untracked 
| 139|0x00000000c8b00000, 0x00000000c8c00000, 0x00000000c8c00000|100%|HS|  |TAMS 0x00000000c8b00000| PB 0x00000000c8b00000| Complete 
| 140|0x00000000c8c00000, 0x00000000c8d00000, 0x00000000c8d00000|100%|HS|  |TAMS 0x00000000c8c00000| PB 0x00000000c8c00000| Complete 
| 141|0x00000000c8d00000, 0x00000000c8e00000, 0x00000000c8e00000|100%|HC|  |TAMS 0x00000000c8d00000| PB 0x00000000c8d00000| Complete 
| 142|0x00000000c8e00000, 0x00000000c8f00000, 0x00000000c8f00000|100%|HS|  |TAMS 0x00000000c8e00000| PB 0x00000000c8e00000| Complete 
| 143|0x00000000c8f00000, 0x00000000c9000000, 0x00000000c9000000|100%|HS|  |TAMS 0x00000000c8f00000| PB 0x00000000c8f00000| Complete 
| 144|0x00000000c9000000, 0x00000000c9100000, 0x00000000c9100000|100%|HS|  |TAMS 0x00000000c9000000| PB 0x00000000c9000000| Complete 
| 145|0x00000000c9100000, 0x00000000c9200000, 0x00000000c9200000|100%|HS|  |TAMS 0x00000000c9100000| PB 0x00000000c9100000| Complete 
| 146|0x00000000c9200000, 0x00000000c9300000, 0x00000000c9300000|100%|HS|  |TAMS 0x00000000c9200000| PB 0x00000000c9200000| Complete 
| 147|0x00000000c9300000, 0x00000000c9400000, 0x00000000c9400000|100%|HS|  |TAMS 0x00000000c9300000| PB 0x00000000c9300000| Complete 
| 148|0x00000000c9400000, 0x00000000c9500000, 0x00000000c9500000|100%|HS|  |TAMS 0x00000000c9400000| PB 0x00000000c9400000| Complete 
| 149|0x00000000c9500000, 0x00000000c9600000, 0x00000000c9600000|100%|HS|  |TAMS 0x00000000c9500000| PB 0x00000000c9500000| Complete 
| 150|0x00000000c9600000, 0x00000000c9700000, 0x00000000c9700000|100%|HC|  |TAMS 0x00000000c9600000| PB 0x00000000c9600000| Complete 
| 151|0x00000000c9700000, 0x00000000c9800000, 0x00000000c9800000|100%|HC|  |TAMS 0x00000000c9700000| PB 0x00000000c9700000| Complete 
| 152|0x00000000c9800000, 0x00000000c9900000, 0x00000000c9900000|100%|HC|  |TAMS 0x00000000c9800000| PB 0x00000000c9800000| Complete 
| 153|0x00000000c9900000, 0x00000000c9a00000, 0x00000000c9a00000|100%|HS|  |TAMS 0x00000000c9900000| PB 0x00000000c9900000| Complete 
| 154|0x00000000c9a00000, 0x00000000c9b00000, 0x00000000c9b00000|100%|HC|  |TAMS 0x00000000c9a00000| PB 0x00000000c9a00000| Complete 
| 155|0x00000000c9b00000, 0x00000000c9c00000, 0x00000000c9c00000|100%|HC|  |TAMS 0x00000000c9b00000| PB 0x00000000c9b00000| Complete 
| 156|0x00000000c9c00000, 0x00000000c9d00000, 0x00000000c9d00000|100%|HS|  |TAMS 0x00000000c9c00000| PB 0x00000000c9c00000| Complete 
| 157|0x00000000c9d00000, 0x00000000c9e00000, 0x00000000c9e00000|100%|HC|  |TAMS 0x00000000c9d00000| PB 0x00000000c9d00000| Complete 
| 158|0x00000000c9e00000, 0x00000000c9f00000, 0x00000000c9f00000|100%|HS|  |TAMS 0x00000000c9e00000| PB 0x00000000c9e00000| Complete 
| 159|0x00000000c9f00000, 0x00000000ca000000, 0x00000000ca000000|100%|HC|  |TAMS 0x00000000c9f00000| PB 0x00000000c9f00000| Complete 
| 160|0x00000000ca000000, 0x00000000ca100000, 0x00000000ca100000|100%| O|  |TAMS 0x00000000ca000000| PB 0x00000000ca000000| Untracked 
| 161|0x00000000ca100000, 0x00000000ca200000, 0x00000000ca200000|100%|HS|  |TAMS 0x00000000ca100000| PB 0x00000000ca100000| Complete 
| 162|0x00000000ca200000, 0x00000000ca300000, 0x00000000ca300000|100%| O|  |TAMS 0x00000000ca200000| PB 0x00000000ca200000| Untracked 
| 163|0x00000000ca300000, 0x00000000ca400000, 0x00000000ca400000|100%|HS|  |TAMS 0x00000000ca300000| PB 0x00000000ca300000| Complete 
| 164|0x00000000ca400000, 0x00000000ca500000, 0x00000000ca500000|100%|HS|  |TAMS 0x00000000ca400000| PB 0x00000000ca400000| Complete 
| 165|0x00000000ca500000, 0x00000000ca600000, 0x00000000ca600000|100%|HC|  |TAMS 0x00000000ca500000| PB 0x00000000ca500000| Complete 
| 166|0x00000000ca600000, 0x00000000ca700000, 0x00000000ca700000|100%|HC|  |TAMS 0x00000000ca600000| PB 0x00000000ca600000| Complete 
| 167|0x00000000ca700000, 0x00000000ca800000, 0x00000000ca800000|100%|HS|  |TAMS 0x00000000ca700000| PB 0x00000000ca700000| Complete 
| 168|0x00000000ca800000, 0x00000000ca900000, 0x00000000ca900000|100%|HC|  |TAMS 0x00000000ca800000| PB 0x00000000ca800000| Complete 
| 169|0x00000000ca900000, 0x00000000caa00000, 0x00000000caa00000|100%|HC|  |TAMS 0x00000000ca900000| PB 0x00000000ca900000| Complete 
| 170|0x00000000caa00000, 0x00000000cab00000, 0x00000000cab00000|100%|HS|  |TAMS 0x00000000caa00000| PB 0x00000000caa00000| Complete 
| 171|0x00000000cab00000, 0x00000000cac00000, 0x00000000cac00000|100%|HC|  |TAMS 0x00000000cab00000| PB 0x00000000cab00000| Complete 
| 172|0x00000000cac00000, 0x00000000cad00000, 0x00000000cad00000|100%|HC|  |TAMS 0x00000000cac00000| PB 0x00000000cac00000| Complete 
| 173|0x00000000cad00000, 0x00000000cae00000, 0x00000000cae00000|100%| O|  |TAMS 0x00000000cad00000| PB 0x00000000cad00000| Untracked 
| 174|0x00000000cae00000, 0x00000000caf00000, 0x00000000caf00000|100%| O|  |TAMS 0x00000000cae00000| PB 0x00000000cae00000| Untracked 
| 175|0x00000000caf00000, 0x00000000cb000000, 0x00000000cb000000|100%|HS|  |TAMS 0x00000000caf00000| PB 0x00000000caf00000| Complete 
| 176|0x00000000cb000000, 0x00000000cb100000, 0x00000000cb100000|100%|HC|  |TAMS 0x00000000cb000000| PB 0x00000000cb000000| Complete 
| 177|0x00000000cb100000, 0x00000000cb200000, 0x00000000cb200000|100%|HC|  |TAMS 0x00000000cb100000| PB 0x00000000cb100000| Complete 
| 178|0x00000000cb200000, 0x00000000cb300000, 0x00000000cb300000|100%|HC|  |TAMS 0x00000000cb200000| PB 0x00000000cb200000| Complete 
| 179|0x00000000cb300000, 0x00000000cb400000, 0x00000000cb400000|100%|HS|  |TAMS 0x00000000cb300000| PB 0x00000000cb300000| Complete 
| 180|0x00000000cb400000, 0x00000000cb500000, 0x00000000cb500000|100%|HC|  |TAMS 0x00000000cb400000| PB 0x00000000cb400000| Complete 
| 181|0x00000000cb500000, 0x00000000cb600000, 0x00000000cb600000|100%|HS|  |TAMS 0x00000000cb500000| PB 0x00000000cb500000| Complete 
| 182|0x00000000cb600000, 0x00000000cb700000, 0x00000000cb700000|100%| O|  |TAMS 0x00000000cb600000| PB 0x00000000cb600000| Untracked 
| 183|0x00000000cb700000, 0x00000000cb800000, 0x00000000cb800000|100%|HS|  |TAMS 0x00000000cb700000| PB 0x00000000cb700000| Complete 
| 184|0x00000000cb800000, 0x00000000cb900000, 0x00000000cb900000|100%|HC|  |TAMS 0x00000000cb800000| PB 0x00000000cb800000| Complete 
| 185|0x00000000cb900000, 0x00000000cba00000, 0x00000000cba00000|100%|HS|  |TAMS 0x00000000cb900000| PB 0x00000000cb900000| Complete 
| 186|0x00000000cba00000, 0x00000000cbb00000, 0x00000000cbb00000|100%| O|  |TAMS 0x00000000cba00000| PB 0x00000000cba00000| Untracked 
| 187|0x00000000cbb00000, 0x00000000cbc00000, 0x00000000cbc00000|100%| O|  |TAMS 0x00000000cbb00000| PB 0x00000000cbb00000| Untracked 
| 188|0x00000000cbc00000, 0x00000000cbd00000, 0x00000000cbd00000|100%| O|  |TAMS 0x00000000cbc00000| PB 0x00000000cbc00000| Untracked 
| 189|0x00000000cbd00000, 0x00000000cbe00000, 0x00000000cbe00000|100%|HS|  |TAMS 0x00000000cbd00000| PB 0x00000000cbd00000| Complete 
| 190|0x00000000cbe00000, 0x00000000cbf00000, 0x00000000cbf00000|100%|HC|  |TAMS 0x00000000cbe00000| PB 0x00000000cbe00000| Complete 
| 191|0x00000000cbf00000, 0x00000000cc000000, 0x00000000cc000000|100%| O|  |TAMS 0x00000000cbf00000| PB 0x00000000cbf00000| Untracked 
| 192|0x00000000cc000000, 0x00000000cc100000, 0x00000000cc100000|100%|HS|  |TAMS 0x00000000cc000000| PB 0x00000000cc000000| Complete 
| 193|0x00000000cc100000, 0x00000000cc200000, 0x00000000cc200000|100%|HC|  |TAMS 0x00000000cc100000| PB 0x00000000cc100000| Complete 
| 194|0x00000000cc200000, 0x00000000cc300000, 0x00000000cc300000|100%|HC|  |TAMS 0x00000000cc200000| PB 0x00000000cc200000| Complete 
| 195|0x00000000cc300000, 0x00000000cc400000, 0x00000000cc400000|100%|HC|  |TAMS 0x00000000cc300000| PB 0x00000000cc300000| Complete 
| 196|0x00000000cc400000, 0x00000000cc500000, 0x00000000cc500000|100%| O|  |TAMS 0x00000000cc400000| PB 0x00000000cc400000| Untracked 
| 197|0x00000000cc500000, 0x00000000cc600000, 0x00000000cc600000|100%|HS|  |TAMS 0x00000000cc500000| PB 0x00000000cc500000| Complete 
| 198|0x00000000cc600000, 0x00000000cc700000, 0x00000000cc700000|100%| O|  |TAMS 0x00000000cc600000| PB 0x00000000cc600000| Untracked 
| 199|0x00000000cc700000, 0x00000000cc800000, 0x00000000cc800000|100%|HS|  |TAMS 0x00000000cc700000| PB 0x00000000cc700000| Complete 
| 200|0x00000000cc800000, 0x00000000cc900000, 0x00000000cc900000|100%| O|  |TAMS 0x00000000cc800000| PB 0x00000000cc800000| Untracked 
| 201|0x00000000cc900000, 0x00000000cca00000, 0x00000000cca00000|100%|HS|  |TAMS 0x00000000cc900000| PB 0x00000000cc900000| Complete 
| 202|0x00000000cca00000, 0x00000000ccb00000, 0x00000000ccb00000|100%|HS|  |TAMS 0x00000000cca00000| PB 0x00000000cca00000| Complete 
| 203|0x00000000ccb00000, 0x00000000ccc00000, 0x00000000ccc00000|100%|HS|  |TAMS 0x00000000ccb00000| PB 0x00000000ccb00000| Complete 
| 204|0x00000000ccc00000, 0x00000000ccd00000, 0x00000000ccd00000|100%| O|  |TAMS 0x00000000ccc00000| PB 0x00000000ccc00000| Untracked 
| 205|0x00000000ccd00000, 0x00000000cce00000, 0x00000000cce00000|100%| O|  |TAMS 0x00000000ccd00000| PB 0x00000000ccd00000| Untracked 
| 206|0x00000000cce00000, 0x00000000ccf00000, 0x00000000ccf00000|100%|HS|  |TAMS 0x00000000cce00000| PB 0x00000000cce00000| Complete 
| 207|0x00000000ccf00000, 0x00000000cd000000, 0x00000000cd000000|100%|HS|  |TAMS 0x00000000ccf00000| PB 0x00000000ccf00000| Complete 
| 208|0x00000000cd000000, 0x00000000cd100000, 0x00000000cd100000|100%|HC|  |TAMS 0x00000000cd000000| PB 0x00000000cd000000| Complete 
| 209|0x00000000cd100000, 0x00000000cd200000, 0x00000000cd200000|100%| O|  |TAMS 0x00000000cd100000| PB 0x00000000cd100000| Untracked 
| 210|0x00000000cd200000, 0x00000000cd300000, 0x00000000cd300000|100%| O|  |TAMS 0x00000000cd200000| PB 0x00000000cd200000| Untracked 
| 211|0x00000000cd300000, 0x00000000cd400000, 0x00000000cd400000|100%| O|  |TAMS 0x00000000cd300000| PB 0x00000000cd300000| Untracked 
| 212|0x00000000cd400000, 0x00000000cd500000, 0x00000000cd500000|100%| O|  |TAMS 0x00000000cd400000| PB 0x00000000cd400000| Untracked 
| 213|0x00000000cd500000, 0x00000000cd600000, 0x00000000cd600000|100%| O|  |TAMS 0x00000000cd500000| PB 0x00000000cd500000| Untracked 
| 214|0x00000000cd600000, 0x00000000cd700000, 0x00000000cd700000|100%| O|  |TAMS 0x00000000cd600000| PB 0x00000000cd600000| Untracked 
| 215|0x00000000cd700000, 0x00000000cd800000, 0x00000000cd800000|100%|HS|  |TAMS 0x00000000cd700000| PB 0x00000000cd700000| Complete 
| 216|0x00000000cd800000, 0x00000000cd900000, 0x00000000cd900000|100%|HC|  |TAMS 0x00000000cd800000| PB 0x00000000cd800000| Complete 
| 217|0x00000000cd900000, 0x00000000cda00000, 0x00000000cda00000|100%| O|  |TAMS 0x00000000cd900000| PB 0x00000000cd900000| Untracked 
| 218|0x00000000cda00000, 0x00000000cdb00000, 0x00000000cdb00000|100%| O|  |TAMS 0x00000000cda00000| PB 0x00000000cda00000| Untracked 
| 219|0x00000000cdb00000, 0x00000000cdc00000, 0x00000000cdc00000|100%| O|  |TAMS 0x00000000cdb00000| PB 0x00000000cdb00000| Untracked 
| 220|0x00000000cdc00000, 0x00000000cdd00000, 0x00000000cdd00000|100%| O|  |TAMS 0x00000000cdc00000| PB 0x00000000cdc00000| Untracked 
| 221|0x00000000cdd00000, 0x00000000cde00000, 0x00000000cde00000|100%| O|  |TAMS 0x00000000cdd00000| PB 0x00000000cdd00000| Untracked 
| 222|0x00000000cde00000, 0x00000000cdf00000, 0x00000000cdf00000|100%|HS|  |TAMS 0x00000000cde00000| PB 0x00000000cde00000| Complete 
| 223|0x00000000cdf00000, 0x00000000ce000000, 0x00000000ce000000|100%|HC|  |TAMS 0x00000000cdf00000| PB 0x00000000cdf00000| Complete 
| 224|0x00000000ce000000, 0x00000000ce100000, 0x00000000ce100000|100%|HC|  |TAMS 0x00000000ce000000| PB 0x00000000ce000000| Complete 
| 225|0x00000000ce100000, 0x00000000ce200000, 0x00000000ce200000|100%| O|  |TAMS 0x00000000ce100000| PB 0x00000000ce100000| Untracked 
| 226|0x00000000ce200000, 0x00000000ce300000, 0x00000000ce300000|100%| O|  |TAMS 0x00000000ce200000| PB 0x00000000ce200000| Untracked 
| 227|0x00000000ce300000, 0x00000000ce400000, 0x00000000ce400000|100%| O|  |TAMS 0x00000000ce300000| PB 0x00000000ce300000| Untracked 
| 228|0x00000000ce400000, 0x00000000ce500000, 0x00000000ce500000|100%| O|  |TAMS 0x00000000ce400000| PB 0x00000000ce400000| Untracked 
| 229|0x00000000ce500000, 0x00000000ce600000, 0x00000000ce600000|100%| O|  |TAMS 0x00000000ce500000| PB 0x00000000ce500000| Untracked 
| 230|0x00000000ce600000, 0x00000000ce700000, 0x00000000ce700000|100%|HS|  |TAMS 0x00000000ce600000| PB 0x00000000ce600000| Complete 
| 231|0x00000000ce700000, 0x00000000ce800000, 0x00000000ce800000|100%|HC|  |TAMS 0x00000000ce700000| PB 0x00000000ce700000| Complete 
| 232|0x00000000ce800000, 0x00000000ce900000, 0x00000000ce900000|100%|HC|  |TAMS 0x00000000ce800000| PB 0x00000000ce800000| Complete 
| 233|0x00000000ce900000, 0x00000000cea00000, 0x00000000cea00000|100%|HS|  |TAMS 0x00000000ce900000| PB 0x00000000ce900000| Complete 
| 234|0x00000000cea00000, 0x00000000ceb00000, 0x00000000ceb00000|100%|HS|  |TAMS 0x00000000cea00000| PB 0x00000000cea00000| Complete 
| 235|0x00000000ceb00000, 0x00000000cec00000, 0x00000000cec00000|100%|HC|  |TAMS 0x00000000ceb00000| PB 0x00000000ceb00000| Complete 
| 236|0x00000000cec00000, 0x00000000ced00000, 0x00000000ced00000|100%|HS|  |TAMS 0x00000000cec00000| PB 0x00000000cec00000| Complete 
| 237|0x00000000ced00000, 0x00000000cee00000, 0x00000000cee00000|100%|HC|  |TAMS 0x00000000ced00000| PB 0x00000000ced00000| Complete 
| 238|0x00000000cee00000, 0x00000000cef00000, 0x00000000cef00000|100%|HS|  |TAMS 0x00000000cee00000| PB 0x00000000cee00000| Complete 
| 239|0x00000000cef00000, 0x00000000cf000000, 0x00000000cf000000|100%| O|  |TAMS 0x00000000cef00000| PB 0x00000000cef00000| Untracked 
| 240|0x00000000cf000000, 0x00000000cf100000, 0x00000000cf100000|100%| O|  |TAMS 0x00000000cf000000| PB 0x00000000cf000000| Untracked 
| 241|0x00000000cf100000, 0x00000000cf200000, 0x00000000cf200000|100%| O|  |TAMS 0x00000000cf100000| PB 0x00000000cf100000| Untracked 
| 242|0x00000000cf200000, 0x00000000cf300000, 0x00000000cf300000|100%| O|  |TAMS 0x00000000cf200000| PB 0x00000000cf200000| Untracked 
| 243|0x00000000cf300000, 0x00000000cf400000, 0x00000000cf400000|100%| O|  |TAMS 0x00000000cf300000| PB 0x00000000cf300000| Untracked 
| 244|0x00000000cf400000, 0x00000000cf500000, 0x00000000cf500000|100%| O|  |TAMS 0x00000000cf400000| PB 0x00000000cf400000| Untracked 
| 245|0x00000000cf500000, 0x00000000cf600000, 0x00000000cf600000|100%| O|  |TAMS 0x00000000cf500000| PB 0x00000000cf500000| Untracked 
| 246|0x00000000cf600000, 0x00000000cf700000, 0x00000000cf700000|100%| O|  |TAMS 0x00000000cf600000| PB 0x00000000cf600000| Untracked 
| 247|0x00000000cf700000, 0x00000000cf800000, 0x00000000cf800000|100%| O|  |TAMS 0x00000000cf700000| PB 0x00000000cf700000| Untracked 
| 248|0x00000000cf800000, 0x00000000cf900000, 0x00000000cf900000|100%| O|  |TAMS 0x00000000cf800000| PB 0x00000000cf800000| Untracked 
| 249|0x00000000cf900000, 0x00000000cfa00000, 0x00000000cfa00000|100%| O|  |TAMS 0x00000000cf900000| PB 0x00000000cf900000| Untracked 
| 250|0x00000000cfa00000, 0x00000000cfb00000, 0x00000000cfb00000|100%| O|  |TAMS 0x00000000cfa00000| PB 0x00000000cfa00000| Untracked 
| 251|0x00000000cfb00000, 0x00000000cfc00000, 0x00000000cfc00000|100%| O|  |TAMS 0x00000000cfb00000| PB 0x00000000cfb00000| Untracked 
| 252|0x00000000cfc00000, 0x00000000cfd00000, 0x00000000cfd00000|100%| O|  |TAMS 0x00000000cfc00000| PB 0x00000000cfc00000| Untracked 
| 253|0x00000000cfd00000, 0x00000000cfe00000, 0x00000000cfe00000|100%| O|  |TAMS 0x00000000cfd00000| PB 0x00000000cfd00000| Untracked 
| 254|0x00000000cfe00000, 0x00000000cff00000, 0x00000000cff00000|100%| O|  |TAMS 0x00000000cfe00000| PB 0x00000000cfe00000| Untracked 
| 255|0x00000000cff00000, 0x00000000d0000000, 0x00000000d0000000|100%| O|  |TAMS 0x00000000cff00000| PB 0x00000000cff00000| Untracked 
| 256|0x00000000d0000000, 0x00000000d0100000, 0x00000000d0100000|100%| O|  |TAMS 0x00000000d0000000| PB 0x00000000d0000000| Untracked 
| 257|0x00000000d0100000, 0x00000000d0200000, 0x00000000d0200000|100%| O|  |TAMS 0x00000000d0100000| PB 0x00000000d0100000| Untracked 
| 258|0x00000000d0200000, 0x00000000d0300000, 0x00000000d0300000|100%| O|  |TAMS 0x00000000d0200000| PB 0x00000000d0200000| Untracked 
| 259|0x00000000d0300000, 0x00000000d0400000, 0x00000000d0400000|100%| O|  |TAMS 0x00000000d0300000| PB 0x00000000d0300000| Untracked 
| 260|0x00000000d0400000, 0x00000000d0500000, 0x00000000d0500000|100%| O|  |TAMS 0x00000000d0400000| PB 0x00000000d0400000| Untracked 
| 261|0x00000000d0500000, 0x00000000d0600000, 0x00000000d0600000|100%| O|  |TAMS 0x00000000d0500000| PB 0x00000000d0500000| Untracked 
| 262|0x00000000d0600000, 0x00000000d0700000, 0x00000000d0700000|100%| O|  |TAMS 0x00000000d0600000| PB 0x00000000d0600000| Untracked 
| 263|0x00000000d0700000, 0x00000000d0800000, 0x00000000d0800000|100%| O|  |TAMS 0x00000000d0700000| PB 0x00000000d0700000| Untracked 
| 264|0x00000000d0800000, 0x00000000d0900000, 0x00000000d0900000|100%| O|  |TAMS 0x00000000d0800000| PB 0x00000000d0800000| Untracked 
| 265|0x00000000d0900000, 0x00000000d0a00000, 0x00000000d0a00000|100%| O|  |TAMS 0x00000000d0900000| PB 0x00000000d0900000| Untracked 
| 266|0x00000000d0a00000, 0x00000000d0b00000, 0x00000000d0b00000|100%| O|  |TAMS 0x00000000d0a00000| PB 0x00000000d0a00000| Untracked 
| 267|0x00000000d0b00000, 0x00000000d0c00000, 0x00000000d0c00000|100%| O|  |TAMS 0x00000000d0b00000| PB 0x00000000d0b00000| Untracked 
| 268|0x00000000d0c00000, 0x00000000d0d00000, 0x00000000d0d00000|100%| O|  |TAMS 0x00000000d0c00000| PB 0x00000000d0c00000| Untracked 
| 269|0x00000000d0d00000, 0x00000000d0e00000, 0x00000000d0e00000|100%| O|  |TAMS 0x00000000d0d00000| PB 0x00000000d0d00000| Untracked 
| 270|0x00000000d0e00000, 0x00000000d0f00000, 0x00000000d0f00000|100%| O|  |TAMS 0x00000000d0e00000| PB 0x00000000d0e00000| Untracked 
| 271|0x00000000d0f00000, 0x00000000d1000000, 0x00000000d1000000|100%| O|  |TAMS 0x00000000d0f00000| PB 0x00000000d0f00000| Untracked 
| 272|0x00000000d1000000, 0x00000000d1100000, 0x00000000d1100000|100%| O|  |TAMS 0x00000000d1000000| PB 0x00000000d1000000| Untracked 
| 273|0x00000000d1100000, 0x00000000d1200000, 0x00000000d1200000|100%| O|  |TAMS 0x00000000d1100000| PB 0x00000000d1100000| Untracked 
| 274|0x00000000d1200000, 0x00000000d1300000, 0x00000000d1300000|100%| O|  |TAMS 0x00000000d1200000| PB 0x00000000d1200000| Untracked 
| 275|0x00000000d1300000, 0x00000000d1400000, 0x00000000d1400000|100%| O|  |TAMS 0x00000000d1300000| PB 0x00000000d1300000| Untracked 
| 276|0x00000000d1400000, 0x00000000d1500000, 0x00000000d1500000|100%| O|  |TAMS 0x00000000d1400000| PB 0x00000000d1400000| Untracked 
| 277|0x00000000d1500000, 0x00000000d1600000, 0x00000000d1600000|100%| O|  |TAMS 0x00000000d1500000| PB 0x00000000d1500000| Untracked 
| 278|0x00000000d1600000, 0x00000000d1700000, 0x00000000d1700000|100%| O|  |TAMS 0x00000000d1600000| PB 0x00000000d1600000| Untracked 
| 279|0x00000000d1700000, 0x00000000d1800000, 0x00000000d1800000|100%| O|  |TAMS 0x00000000d1700000| PB 0x00000000d1700000| Untracked 
| 280|0x00000000d1800000, 0x00000000d1900000, 0x00000000d1900000|100%| O|  |TAMS 0x00000000d1800000| PB 0x00000000d1800000| Untracked 
| 281|0x00000000d1900000, 0x00000000d1a00000, 0x00000000d1a00000|100%| O|  |TAMS 0x00000000d1900000| PB 0x00000000d1900000| Untracked 
| 282|0x00000000d1a00000, 0x00000000d1b00000, 0x00000000d1b00000|100%| O|  |TAMS 0x00000000d1a00000| PB 0x00000000d1a00000| Untracked 
| 283|0x00000000d1b00000, 0x00000000d1c00000, 0x00000000d1c00000|100%| O|  |TAMS 0x00000000d1b00000| PB 0x00000000d1b00000| Untracked 
| 284|0x00000000d1c00000, 0x00000000d1d00000, 0x00000000d1d00000|100%| O|  |TAMS 0x00000000d1c00000| PB 0x00000000d1c00000| Untracked 
| 285|0x00000000d1d00000, 0x00000000d1e00000, 0x00000000d1e00000|100%| O|  |TAMS 0x00000000d1d00000| PB 0x00000000d1d00000| Untracked 
| 286|0x00000000d1e00000, 0x00000000d1f00000, 0x00000000d1f00000|100%| O|  |TAMS 0x00000000d1e00000| PB 0x00000000d1e00000| Untracked 
| 287|0x00000000d1f00000, 0x00000000d2000000, 0x00000000d2000000|100%| O|  |TAMS 0x00000000d1f00000| PB 0x00000000d1f00000| Untracked 
| 288|0x00000000d2000000, 0x00000000d2100000, 0x00000000d2100000|100%| O|  |TAMS 0x00000000d2000000| PB 0x00000000d2000000| Untracked 
| 289|0x00000000d2100000, 0x00000000d2200000, 0x00000000d2200000|100%| O|  |TAMS 0x00000000d2100000| PB 0x00000000d2100000| Untracked 
| 290|0x00000000d2200000, 0x00000000d2300000, 0x00000000d2300000|100%| O|  |TAMS 0x00000000d2200000| PB 0x00000000d2200000| Untracked 
| 291|0x00000000d2300000, 0x00000000d2400000, 0x00000000d2400000|100%| O|  |TAMS 0x00000000d2300000| PB 0x00000000d2300000| Untracked 
| 292|0x00000000d2400000, 0x00000000d2500000, 0x00000000d2500000|100%| O|  |TAMS 0x00000000d2400000| PB 0x00000000d2400000| Untracked 
| 293|0x00000000d2500000, 0x00000000d2600000, 0x00000000d2600000|100%| O|  |TAMS 0x00000000d2500000| PB 0x00000000d2500000| Untracked 
| 294|0x00000000d2600000, 0x00000000d2700000, 0x00000000d2700000|100%| O|  |TAMS 0x00000000d2600000| PB 0x00000000d2600000| Untracked 
| 295|0x00000000d2700000, 0x00000000d2800000, 0x00000000d2800000|100%| O|  |TAMS 0x00000000d2700000| PB 0x00000000d2700000| Untracked 
| 296|0x00000000d2800000, 0x00000000d2900000, 0x00000000d2900000|100%| O|  |TAMS 0x00000000d2800000| PB 0x00000000d2800000| Untracked 
| 297|0x00000000d2900000, 0x00000000d2a00000, 0x00000000d2a00000|100%| O|  |TAMS 0x00000000d2900000| PB 0x00000000d2900000| Untracked 
| 298|0x00000000d2a00000, 0x00000000d2b00000, 0x00000000d2b00000|100%| O|  |TAMS 0x00000000d2a00000| PB 0x00000000d2a00000| Untracked 
| 299|0x00000000d2b00000, 0x00000000d2c00000, 0x00000000d2c00000|100%| O|  |TAMS 0x00000000d2b00000| PB 0x00000000d2b00000| Untracked 
| 300|0x00000000d2c00000, 0x00000000d2d00000, 0x00000000d2d00000|100%| O|  |TAMS 0x00000000d2c00000| PB 0x00000000d2c00000| Untracked 
| 301|0x00000000d2d00000, 0x00000000d2e00000, 0x00000000d2e00000|100%| O|  |TAMS 0x00000000d2d00000| PB 0x00000000d2d00000| Untracked 
| 302|0x00000000d2e00000, 0x00000000d2f00000, 0x00000000d2f00000|100%| O|  |TAMS 0x00000000d2e00000| PB 0x00000000d2e00000| Untracked 
| 303|0x00000000d2f00000, 0x00000000d3000000, 0x00000000d3000000|100%| O|  |TAMS 0x00000000d2f00000| PB 0x00000000d2f00000| Untracked 
| 304|0x00000000d3000000, 0x00000000d3100000, 0x00000000d3100000|100%| O|  |TAMS 0x00000000d3000000| PB 0x00000000d3000000| Untracked 
| 305|0x00000000d3100000, 0x00000000d3200000, 0x00000000d3200000|100%| O|  |TAMS 0x00000000d3100000| PB 0x00000000d3100000| Untracked 
| 306|0x00000000d3200000, 0x00000000d3300000, 0x00000000d3300000|100%| O|  |TAMS 0x00000000d3200000| PB 0x00000000d3200000| Untracked 
| 307|0x00000000d3300000, 0x00000000d3400000, 0x00000000d3400000|100%| O|  |TAMS 0x00000000d3300000| PB 0x00000000d3300000| Untracked 
| 308|0x00000000d3400000, 0x00000000d3500000, 0x00000000d3500000|100%| O|  |TAMS 0x00000000d3400000| PB 0x00000000d3400000| Untracked 
| 309|0x00000000d3500000, 0x00000000d3600000, 0x00000000d3600000|100%| O|  |TAMS 0x00000000d3500000| PB 0x00000000d3500000| Untracked 
| 310|0x00000000d3600000, 0x00000000d3700000, 0x00000000d3700000|100%| O|  |TAMS 0x00000000d3600000| PB 0x00000000d3600000| Untracked 
| 311|0x00000000d3700000, 0x00000000d3800000, 0x00000000d3800000|100%| O|  |TAMS 0x00000000d3700000| PB 0x00000000d3700000| Untracked 
| 312|0x00000000d3800000, 0x00000000d3900000, 0x00000000d3900000|100%| O|  |TAMS 0x00000000d3800000| PB 0x00000000d3800000| Untracked 
| 313|0x00000000d3900000, 0x00000000d3a00000, 0x00000000d3a00000|100%| O|Cm|TAMS 0x00000000d3900000| PB 0x00000000d3900000| Complete 
| 314|0x00000000d3a00000, 0x00000000d3b00000, 0x00000000d3b00000|100%| O|  |TAMS 0x00000000d3a00000| PB 0x00000000d3a00000| Untracked 
| 315|0x00000000d3b00000, 0x00000000d3c00000, 0x00000000d3c00000|100%| O|  |TAMS 0x00000000d3b00000| PB 0x00000000d3b00000| Untracked 
| 316|0x00000000d3c00000, 0x00000000d3d00000, 0x00000000d3d00000|100%| O|  |TAMS 0x00000000d3c00000| PB 0x00000000d3c00000| Untracked 
| 317|0x00000000d3d00000, 0x00000000d3e00000, 0x00000000d3e00000|100%| O|  |TAMS 0x00000000d3d00000| PB 0x00000000d3d00000| Untracked 
| 318|0x00000000d3e00000, 0x00000000d3f00000, 0x00000000d3f00000|100%| O|  |TAMS 0x00000000d3e00000| PB 0x00000000d3e00000| Untracked 
| 319|0x00000000d3f00000, 0x00000000d4000000, 0x00000000d4000000|100%| O|  |TAMS 0x00000000d3f00000| PB 0x00000000d3f00000| Untracked 
| 320|0x00000000d4000000, 0x00000000d4100000, 0x00000000d4100000|100%| O|  |TAMS 0x00000000d4000000| PB 0x00000000d4000000| Untracked 
| 321|0x00000000d4100000, 0x00000000d4200000, 0x00000000d4200000|100%| O|  |TAMS 0x00000000d4100000| PB 0x00000000d4100000| Untracked 
| 322|0x00000000d4200000, 0x00000000d4300000, 0x00000000d4300000|100%| O|  |TAMS 0x00000000d4200000| PB 0x00000000d4200000| Untracked 
| 323|0x00000000d4300000, 0x00000000d4400000, 0x00000000d4400000|100%| O|  |TAMS 0x00000000d4300000| PB 0x00000000d4300000| Untracked 
| 324|0x00000000d4400000, 0x00000000d4500000, 0x00000000d4500000|100%| O|  |TAMS 0x00000000d4400000| PB 0x00000000d4400000| Untracked 
| 325|0x00000000d4500000, 0x00000000d4600000, 0x00000000d4600000|100%| O|  |TAMS 0x00000000d4500000| PB 0x00000000d4500000| Untracked 
| 326|0x00000000d4600000, 0x00000000d4700000, 0x00000000d4700000|100%| O|  |TAMS 0x00000000d4600000| PB 0x00000000d4600000| Untracked 
| 327|0x00000000d4700000, 0x00000000d4800000, 0x00000000d4800000|100%| O|  |TAMS 0x00000000d4700000| PB 0x00000000d4700000| Untracked 
| 328|0x00000000d4800000, 0x00000000d4900000, 0x00000000d4900000|100%| O|  |TAMS 0x00000000d4800000| PB 0x00000000d4800000| Untracked 
| 329|0x00000000d4900000, 0x00000000d4a00000, 0x00000000d4a00000|100%| O|  |TAMS 0x00000000d4900000| PB 0x00000000d4900000| Untracked 
| 330|0x00000000d4a00000, 0x00000000d4b00000, 0x00000000d4b00000|100%| O|  |TAMS 0x00000000d4a00000| PB 0x00000000d4a00000| Untracked 
| 331|0x00000000d4b00000, 0x00000000d4c00000, 0x00000000d4c00000|100%| O|  |TAMS 0x00000000d4b00000| PB 0x00000000d4b00000| Untracked 
| 332|0x00000000d4c00000, 0x00000000d4d00000, 0x00000000d4d00000|100%| O|  |TAMS 0x00000000d4c00000| PB 0x00000000d4c00000| Untracked 
| 333|0x00000000d4d00000, 0x00000000d4e00000, 0x00000000d4e00000|100%| O|  |TAMS 0x00000000d4d00000| PB 0x00000000d4d00000| Untracked 
| 334|0x00000000d4e00000, 0x00000000d4f00000, 0x00000000d4f00000|100%| O|  |TAMS 0x00000000d4e00000| PB 0x00000000d4e00000| Untracked 
| 335|0x00000000d4f00000, 0x00000000d5000000, 0x00000000d5000000|100%| O|  |TAMS 0x00000000d4f00000| PB 0x00000000d4f00000| Untracked 
| 336|0x00000000d5000000, 0x00000000d5100000, 0x00000000d5100000|100%| O|  |TAMS 0x00000000d5000000| PB 0x00000000d5000000| Untracked 
| 337|0x00000000d5100000, 0x00000000d5200000, 0x00000000d5200000|100%| O|  |TAMS 0x00000000d5100000| PB 0x00000000d5100000| Untracked 
| 338|0x00000000d5200000, 0x00000000d5300000, 0x00000000d5300000|100%| O|  |TAMS 0x00000000d5200000| PB 0x00000000d5200000| Untracked 
| 339|0x00000000d5300000, 0x00000000d5400000, 0x00000000d5400000|100%| O|  |TAMS 0x00000000d5300000| PB 0x00000000d5300000| Untracked 
| 340|0x00000000d5400000, 0x00000000d5500000, 0x00000000d5500000|100%| O|  |TAMS 0x00000000d5400000| PB 0x00000000d5400000| Untracked 
| 341|0x00000000d5500000, 0x00000000d5600000, 0x00000000d5600000|100%| O|  |TAMS 0x00000000d5500000| PB 0x00000000d5500000| Untracked 
| 342|0x00000000d5600000, 0x00000000d5700000, 0x00000000d5700000|100%| O|  |TAMS 0x00000000d5600000| PB 0x00000000d5600000| Untracked 
| 343|0x00000000d5700000, 0x00000000d5800000, 0x00000000d5800000|100%| O|  |TAMS 0x00000000d5700000| PB 0x00000000d5700000| Untracked 
| 344|0x00000000d5800000, 0x00000000d5900000, 0x00000000d5900000|100%| O|  |TAMS 0x00000000d5800000| PB 0x00000000d5800000| Untracked 
| 345|0x00000000d5900000, 0x00000000d5a00000, 0x00000000d5a00000|100%| O|  |TAMS 0x00000000d5900000| PB 0x00000000d5900000| Untracked 
| 346|0x00000000d5a00000, 0x00000000d5b00000, 0x00000000d5b00000|100%| O|  |TAMS 0x00000000d5a00000| PB 0x00000000d5a00000| Untracked 
| 347|0x00000000d5b00000, 0x00000000d5c00000, 0x00000000d5c00000|100%| O|  |TAMS 0x00000000d5b00000| PB 0x00000000d5b00000| Untracked 
| 348|0x00000000d5c00000, 0x00000000d5d00000, 0x00000000d5d00000|100%| O|  |TAMS 0x00000000d5c00000| PB 0x00000000d5c00000| Untracked 
| 349|0x00000000d5d00000, 0x00000000d5e00000, 0x00000000d5e00000|100%| O|  |TAMS 0x00000000d5d00000| PB 0x00000000d5d00000| Untracked 
| 350|0x00000000d5e00000, 0x00000000d5f00000, 0x00000000d5f00000|100%| O|  |TAMS 0x00000000d5e00000| PB 0x00000000d5e00000| Untracked 
| 351|0x00000000d5f00000, 0x00000000d6000000, 0x00000000d6000000|100%| O|  |TAMS 0x00000000d5f00000| PB 0x00000000d5f00000| Untracked 
| 352|0x00000000d6000000, 0x00000000d6100000, 0x00000000d6100000|100%| O|  |TAMS 0x00000000d6000000| PB 0x00000000d6000000| Untracked 
| 353|0x00000000d6100000, 0x00000000d6200000, 0x00000000d6200000|100%| O|  |TAMS 0x00000000d6100000| PB 0x00000000d6100000| Untracked 
| 354|0x00000000d6200000, 0x00000000d6300000, 0x00000000d6300000|100%| O|  |TAMS 0x00000000d6200000| PB 0x00000000d6200000| Untracked 
| 355|0x00000000d6300000, 0x00000000d6400000, 0x00000000d6400000|100%| O|  |TAMS 0x00000000d6300000| PB 0x00000000d6300000| Untracked 
| 356|0x00000000d6400000, 0x00000000d6500000, 0x00000000d6500000|100%| O|  |TAMS 0x00000000d6400000| PB 0x00000000d6400000| Untracked 
| 357|0x00000000d6500000, 0x00000000d6600000, 0x00000000d6600000|100%| O|  |TAMS 0x00000000d6500000| PB 0x00000000d6500000| Untracked 
| 358|0x00000000d6600000, 0x00000000d6700000, 0x00000000d6700000|100%| O|  |TAMS 0x00000000d6600000| PB 0x00000000d6600000| Untracked 
| 359|0x00000000d6700000, 0x00000000d6800000, 0x00000000d6800000|100%| O|  |TAMS 0x00000000d6700000| PB 0x00000000d6700000| Untracked 
| 360|0x00000000d6800000, 0x00000000d6900000, 0x00000000d6900000|100%| O|  |TAMS 0x00000000d6800000| PB 0x00000000d6800000| Untracked 
| 361|0x00000000d6900000, 0x00000000d6a00000, 0x00000000d6a00000|100%| O|  |TAMS 0x00000000d6900000| PB 0x00000000d6900000| Untracked 
| 362|0x00000000d6a00000, 0x00000000d6b00000, 0x00000000d6b00000|100%| O|  |TAMS 0x00000000d6a00000| PB 0x00000000d6a00000| Untracked 
| 363|0x00000000d6b00000, 0x00000000d6c00000, 0x00000000d6c00000|100%| O|  |TAMS 0x00000000d6b00000| PB 0x00000000d6b00000| Untracked 
| 364|0x00000000d6c00000, 0x00000000d6d00000, 0x00000000d6d00000|100%| O|  |TAMS 0x00000000d6c00000| PB 0x00000000d6c00000| Untracked 
| 365|0x00000000d6d00000, 0x00000000d6e00000, 0x00000000d6e00000|100%| O|  |TAMS 0x00000000d6d00000| PB 0x00000000d6d00000| Untracked 
| 366|0x00000000d6e00000, 0x00000000d6f00000, 0x00000000d6f00000|100%| O|  |TAMS 0x00000000d6e00000| PB 0x00000000d6e00000| Untracked 
| 367|0x00000000d6f00000, 0x00000000d7000000, 0x00000000d7000000|100%| O|  |TAMS 0x00000000d6f00000| PB 0x00000000d6f00000| Untracked 
| 368|0x00000000d7000000, 0x00000000d7100000, 0x00000000d7100000|100%| O|  |TAMS 0x00000000d7000000| PB 0x00000000d7000000| Untracked 
| 369|0x00000000d7100000, 0x00000000d7200000, 0x00000000d7200000|100%| O|  |TAMS 0x00000000d7100000| PB 0x00000000d7100000| Untracked 
| 370|0x00000000d7200000, 0x00000000d7300000, 0x00000000d7300000|100%| O|  |TAMS 0x00000000d7200000| PB 0x00000000d7200000| Untracked 
| 371|0x00000000d7300000, 0x00000000d7400000, 0x00000000d7400000|100%| O|  |TAMS 0x00000000d7300000| PB 0x00000000d7300000| Untracked 
| 372|0x00000000d7400000, 0x00000000d7500000, 0x00000000d7500000|100%| O|  |TAMS 0x00000000d7400000| PB 0x00000000d7400000| Untracked 
| 373|0x00000000d7500000, 0x00000000d7600000, 0x00000000d7600000|100%| O|  |TAMS 0x00000000d7500000| PB 0x00000000d7500000| Untracked 
| 374|0x00000000d7600000, 0x00000000d7700000, 0x00000000d7700000|100%| O|  |TAMS 0x00000000d7600000| PB 0x00000000d7600000| Untracked 
| 375|0x00000000d7700000, 0x00000000d7800000, 0x00000000d7800000|100%| O|  |TAMS 0x00000000d7700000| PB 0x00000000d7700000| Untracked 
| 376|0x00000000d7800000, 0x00000000d7900000, 0x00000000d7900000|100%| O|  |TAMS 0x00000000d7800000| PB 0x00000000d7800000| Untracked 
| 377|0x00000000d7900000, 0x00000000d7a00000, 0x00000000d7a00000|100%| O|  |TAMS 0x00000000d7900000| PB 0x00000000d7900000| Untracked 
| 378|0x00000000d7a00000, 0x00000000d7b00000, 0x00000000d7b00000|100%| O|  |TAMS 0x00000000d7a00000| PB 0x00000000d7a00000| Untracked 
| 379|0x00000000d7b00000, 0x00000000d7c00000, 0x00000000d7c00000|100%| O|  |TAMS 0x00000000d7b00000| PB 0x00000000d7b00000| Untracked 
| 380|0x00000000d7c00000, 0x00000000d7d00000, 0x00000000d7d00000|100%| O|  |TAMS 0x00000000d7c00000| PB 0x00000000d7c00000| Untracked 
| 381|0x00000000d7d00000, 0x00000000d7e00000, 0x00000000d7e00000|100%| O|  |TAMS 0x00000000d7d00000| PB 0x00000000d7d00000| Untracked 
| 382|0x00000000d7e00000, 0x00000000d7f00000, 0x00000000d7f00000|100%| O|  |TAMS 0x00000000d7e00000| PB 0x00000000d7e00000| Untracked 
| 383|0x00000000d7f00000, 0x00000000d8000000, 0x00000000d8000000|100%| O|  |TAMS 0x00000000d7f00000| PB 0x00000000d7f00000| Untracked 
| 384|0x00000000d8000000, 0x00000000d8100000, 0x00000000d8100000|100%| O|  |TAMS 0x00000000d8000000| PB 0x00000000d8000000| Untracked 
| 385|0x00000000d8100000, 0x00000000d8200000, 0x00000000d8200000|100%| O|  |TAMS 0x00000000d8100000| PB 0x00000000d8100000| Untracked 
| 386|0x00000000d8200000, 0x00000000d8300000, 0x00000000d8300000|100%| O|  |TAMS 0x00000000d8200000| PB 0x00000000d8200000| Untracked 
| 387|0x00000000d8300000, 0x00000000d8400000, 0x00000000d8400000|100%| O|  |TAMS 0x00000000d8300000| PB 0x00000000d8300000| Untracked 
| 388|0x00000000d8400000, 0x00000000d8500000, 0x00000000d8500000|100%| O|  |TAMS 0x00000000d8400000| PB 0x00000000d8400000| Untracked 
| 389|0x00000000d8500000, 0x00000000d8600000, 0x00000000d8600000|100%| O|  |TAMS 0x00000000d8500000| PB 0x00000000d8500000| Untracked 
| 390|0x00000000d8600000, 0x00000000d8700000, 0x00000000d8700000|100%| O|  |TAMS 0x00000000d8600000| PB 0x00000000d8600000| Untracked 
| 391|0x00000000d8700000, 0x00000000d8800000, 0x00000000d8800000|100%| O|  |TAMS 0x00000000d8700000| PB 0x00000000d8700000| Untracked 
| 392|0x00000000d8800000, 0x00000000d8900000, 0x00000000d8900000|100%| O|  |TAMS 0x00000000d8800000| PB 0x00000000d8800000| Untracked 
| 393|0x00000000d8900000, 0x00000000d8a00000, 0x00000000d8a00000|100%| O|  |TAMS 0x00000000d8900000| PB 0x00000000d8900000| Untracked 
| 394|0x00000000d8a00000, 0x00000000d8b00000, 0x00000000d8b00000|100%| O|  |TAMS 0x00000000d8a00000| PB 0x00000000d8a00000| Untracked 
| 395|0x00000000d8b00000, 0x00000000d8c00000, 0x00000000d8c00000|100%| O|  |TAMS 0x00000000d8b00000| PB 0x00000000d8b00000| Untracked 
| 396|0x00000000d8c00000, 0x00000000d8d00000, 0x00000000d8d00000|100%|HS|  |TAMS 0x00000000d8c00000| PB 0x00000000d8c00000| Complete 
| 397|0x00000000d8d00000, 0x00000000d8e00000, 0x00000000d8e00000|100%|HS|  |TAMS 0x00000000d8d00000| PB 0x00000000d8d00000| Complete 
| 398|0x00000000d8e00000, 0x00000000d8f00000, 0x00000000d8f00000|100%|HC|  |TAMS 0x00000000d8e00000| PB 0x00000000d8e00000| Complete 
| 399|0x00000000d8f00000, 0x00000000d9000000, 0x00000000d9000000|100%|HS|  |TAMS 0x00000000d8f00000| PB 0x00000000d8f00000| Complete 
| 400|0x00000000d9000000, 0x00000000d9100000, 0x00000000d9100000|100%|HS|  |TAMS 0x00000000d9000000| PB 0x00000000d9000000| Complete 
| 401|0x00000000d9100000, 0x00000000d9200000, 0x00000000d9200000|100%|HS|  |TAMS 0x00000000d9100000| PB 0x00000000d9100000| Complete 
| 402|0x00000000d9200000, 0x00000000d9300000, 0x00000000d9300000|100%|HC|  |TAMS 0x00000000d9200000| PB 0x00000000d9200000| Complete 
| 403|0x00000000d9300000, 0x00000000d9400000, 0x00000000d9400000|100%| O|  |TAMS 0x00000000d9300000| PB 0x00000000d9300000| Untracked 
| 404|0x00000000d9400000, 0x00000000d9500000, 0x00000000d9500000|100%| O|  |TAMS 0x00000000d9400000| PB 0x00000000d9400000| Untracked 
| 405|0x00000000d9500000, 0x00000000d9600000, 0x00000000d9600000|100%| O|  |TAMS 0x00000000d9500000| PB 0x00000000d9500000| Untracked 
| 406|0x00000000d9600000, 0x00000000d9700000, 0x00000000d9700000|100%| O|  |TAMS 0x00000000d9600000| PB 0x00000000d9600000| Untracked 
| 407|0x00000000d9700000, 0x00000000d9800000, 0x00000000d9800000|100%| O|  |TAMS 0x00000000d9700000| PB 0x00000000d9700000| Untracked 
| 408|0x00000000d9800000, 0x00000000d9900000, 0x00000000d9900000|100%| O|  |TAMS 0x00000000d9800000| PB 0x00000000d9800000| Untracked 
| 409|0x00000000d9900000, 0x00000000d9a00000, 0x00000000d9a00000|100%| O|  |TAMS 0x00000000d9900000| PB 0x00000000d9900000| Untracked 
| 410|0x00000000d9a00000, 0x00000000d9b00000, 0x00000000d9b00000|100%| O|  |TAMS 0x00000000d9a00000| PB 0x00000000d9a00000| Untracked 
| 411|0x00000000d9b00000, 0x00000000d9c00000, 0x00000000d9c00000|100%| O|  |TAMS 0x00000000d9b00000| PB 0x00000000d9b00000| Untracked 
| 412|0x00000000d9c00000, 0x00000000d9d00000, 0x00000000d9d00000|100%| O|  |TAMS 0x00000000d9c00000| PB 0x00000000d9c00000| Untracked 
| 413|0x00000000d9d00000, 0x00000000d9e00000, 0x00000000d9e00000|100%| O|  |TAMS 0x00000000d9d00000| PB 0x00000000d9d00000| Untracked 
| 414|0x00000000d9e00000, 0x00000000d9f00000, 0x00000000d9f00000|100%| O|  |TAMS 0x00000000d9e00000| PB 0x00000000d9e00000| Untracked 
| 415|0x00000000d9f00000, 0x00000000da000000, 0x00000000da000000|100%| O|  |TAMS 0x00000000d9f00000| PB 0x00000000d9f00000| Untracked 
| 416|0x00000000da000000, 0x00000000da100000, 0x00000000da100000|100%| O|  |TAMS 0x00000000da000000| PB 0x00000000da000000| Untracked 
| 417|0x00000000da100000, 0x00000000da200000, 0x00000000da200000|100%| O|  |TAMS 0x00000000da100000| PB 0x00000000da100000| Untracked 
| 418|0x00000000da200000, 0x00000000da300000, 0x00000000da300000|100%| O|  |TAMS 0x00000000da200000| PB 0x00000000da200000| Untracked 
| 419|0x00000000da300000, 0x00000000da400000, 0x00000000da400000|100%| O|  |TAMS 0x00000000da300000| PB 0x00000000da300000| Untracked 
| 420|0x00000000da400000, 0x00000000da500000, 0x00000000da500000|100%| O|  |TAMS 0x00000000da400000| PB 0x00000000da400000| Untracked 
| 421|0x00000000da500000, 0x00000000da600000, 0x00000000da600000|100%| O|  |TAMS 0x00000000da500000| PB 0x00000000da500000| Untracked 
| 422|0x00000000da600000, 0x00000000da700000, 0x00000000da700000|100%| O|  |TAMS 0x00000000da600000| PB 0x00000000da600000| Untracked 
| 423|0x00000000da700000, 0x00000000da800000, 0x00000000da800000|100%| O|  |TAMS 0x00000000da700000| PB 0x00000000da700000| Untracked 
| 424|0x00000000da800000, 0x00000000da900000, 0x00000000da900000|100%| O|  |TAMS 0x00000000da800000| PB 0x00000000da800000| Untracked 
| 425|0x00000000da900000, 0x00000000daa00000, 0x00000000daa00000|100%| O|  |TAMS 0x00000000da900000| PB 0x00000000da900000| Untracked 
| 426|0x00000000daa00000, 0x00000000dab00000, 0x00000000dab00000|100%| O|  |TAMS 0x00000000daa00000| PB 0x00000000daa00000| Untracked 
| 427|0x00000000dab00000, 0x00000000dac00000, 0x00000000dac00000|100%| O|  |TAMS 0x00000000dab00000| PB 0x00000000dab00000| Untracked 
| 428|0x00000000dac00000, 0x00000000dad00000, 0x00000000dad00000|100%| O|  |TAMS 0x00000000dac00000| PB 0x00000000dac00000| Untracked 
| 429|0x00000000dad00000, 0x00000000dae00000, 0x00000000dae00000|100%| O|  |TAMS 0x00000000dad00000| PB 0x00000000dad00000| Untracked 
| 430|0x00000000dae00000, 0x00000000daf00000, 0x00000000daf00000|100%| O|  |TAMS 0x00000000dae00000| PB 0x00000000dae00000| Untracked 
| 431|0x00000000daf00000, 0x00000000db000000, 0x00000000db000000|100%| O|  |TAMS 0x00000000daf00000| PB 0x00000000daf00000| Untracked 
| 432|0x00000000db000000, 0x00000000db100000, 0x00000000db100000|100%| O|  |TAMS 0x00000000db000000| PB 0x00000000db000000| Untracked 
| 433|0x00000000db100000, 0x00000000db200000, 0x00000000db200000|100%|HS|  |TAMS 0x00000000db100000| PB 0x00000000db100000| Complete 
| 434|0x00000000db200000, 0x00000000db300000, 0x00000000db300000|100%| O|  |TAMS 0x00000000db200000| PB 0x00000000db200000| Untracked 
| 435|0x00000000db300000, 0x00000000db400000, 0x00000000db400000|100%| O|  |TAMS 0x00000000db300000| PB 0x00000000db300000| Untracked 
| 436|0x00000000db400000, 0x00000000db500000, 0x00000000db500000|100%| O|  |TAMS 0x00000000db400000| PB 0x00000000db400000| Untracked 
| 437|0x00000000db500000, 0x00000000db600000, 0x00000000db600000|100%| O|  |TAMS 0x00000000db500000| PB 0x00000000db500000| Untracked 
| 438|0x00000000db600000, 0x00000000db700000, 0x00000000db700000|100%| O|  |TAMS 0x00000000db600000| PB 0x00000000db600000| Untracked 
| 439|0x00000000db700000, 0x00000000db800000, 0x00000000db800000|100%|HS|  |TAMS 0x00000000db700000| PB 0x00000000db700000| Complete 
| 440|0x00000000db800000, 0x00000000db900000, 0x00000000db900000|100%|HC|  |TAMS 0x00000000db800000| PB 0x00000000db800000| Complete 
| 441|0x00000000db900000, 0x00000000dba00000, 0x00000000dba00000|100%|HS|  |TAMS 0x00000000db900000| PB 0x00000000db900000| Complete 
| 442|0x00000000dba00000, 0x00000000dbb00000, 0x00000000dbb00000|100%|HS|  |TAMS 0x00000000dba00000| PB 0x00000000dba00000| Complete 
| 443|0x00000000dbb00000, 0x00000000dbc00000, 0x00000000dbc00000|100%|HS|  |TAMS 0x00000000dbb00000| PB 0x00000000dbb00000| Complete 
| 444|0x00000000dbc00000, 0x00000000dbd00000, 0x00000000dbd00000|100%|HS|  |TAMS 0x00000000dbc00000| PB 0x00000000dbc00000| Complete 
| 445|0x00000000dbd00000, 0x00000000dbe00000, 0x00000000dbe00000|100%|HC|  |TAMS 0x00000000dbd00000| PB 0x00000000dbd00000| Complete 
| 446|0x00000000dbe00000, 0x00000000dbf00000, 0x00000000dbf00000|100%|HS|  |TAMS 0x00000000dbe00000| PB 0x00000000dbe00000| Complete 
| 447|0x00000000dbf00000, 0x00000000dc000000, 0x00000000dc000000|100%|HS|  |TAMS 0x00000000dbf00000| PB 0x00000000dbf00000| Complete 
| 448|0x00000000dc000000, 0x00000000dc100000, 0x00000000dc100000|100%|HS|  |TAMS 0x00000000dc000000| PB 0x00000000dc000000| Complete 
| 449|0x00000000dc100000, 0x00000000dc200000, 0x00000000dc200000|100%|HC|  |TAMS 0x00000000dc100000| PB 0x00000000dc100000| Complete 
| 450|0x00000000dc200000, 0x00000000dc300000, 0x00000000dc300000|100%|HS|  |TAMS 0x00000000dc200000| PB 0x00000000dc200000| Complete 
| 451|0x00000000dc300000, 0x00000000dc400000, 0x00000000dc400000|100%|HS|  |TAMS 0x00000000dc300000| PB 0x00000000dc300000| Complete 
| 452|0x00000000dc400000, 0x00000000dc500000, 0x00000000dc500000|100%|HC|  |TAMS 0x00000000dc400000| PB 0x00000000dc400000| Complete 
| 453|0x00000000dc500000, 0x00000000dc600000, 0x00000000dc600000|100%|HS|  |TAMS 0x00000000dc500000| PB 0x00000000dc500000| Complete 
| 454|0x00000000dc600000, 0x00000000dc600000, 0x00000000dc700000|  0%| F|  |TAMS 0x00000000dc600000| PB 0x00000000dc600000| Untracked 
| 455|0x00000000dc700000, 0x00000000dc700000, 0x00000000dc800000|  0%| F|  |TAMS 0x00000000dc700000| PB 0x00000000dc700000| Untracked 
| 456|0x00000000dc800000, 0x00000000dc800000, 0x00000000dc900000|  0%| F|  |TAMS 0x00000000dc800000| PB 0x00000000dc800000| Untracked 
| 457|0x00000000dc900000, 0x00000000dc900000, 0x00000000dca00000|  0%| F|  |TAMS 0x00000000dc900000| PB 0x00000000dc900000| Untracked 
| 458|0x00000000dca00000, 0x00000000dca00000, 0x00000000dcb00000|  0%| F|  |TAMS 0x00000000dca00000| PB 0x00000000dca00000| Untracked 
| 459|0x00000000dcb00000, 0x00000000dcb00000, 0x00000000dcc00000|  0%| F|  |TAMS 0x00000000dcb00000| PB 0x00000000dcb00000| Untracked 
| 460|0x00000000dcc00000, 0x00000000dcc00000, 0x00000000dcd00000|  0%| F|  |TAMS 0x00000000dcc00000| PB 0x00000000dcc00000| Untracked 
| 461|0x00000000dcd00000, 0x00000000dcd00000, 0x00000000dce00000|  0%| F|  |TAMS 0x00000000dcd00000| PB 0x00000000dcd00000| Untracked 
| 462|0x00000000dce00000, 0x00000000dce00000, 0x00000000dcf00000|  0%| F|  |TAMS 0x00000000dce00000| PB 0x00000000dce00000| Untracked 
| 463|0x00000000dcf00000, 0x00000000dcf00000, 0x00000000dd000000|  0%| F|  |TAMS 0x00000000dcf00000| PB 0x00000000dcf00000| Untracked 
| 464|0x00000000dd000000, 0x00000000dd000000, 0x00000000dd100000|  0%| F|  |TAMS 0x00000000dd000000| PB 0x00000000dd000000| Untracked 
| 465|0x00000000dd100000, 0x00000000dd100000, 0x00000000dd200000|  0%| F|  |TAMS 0x00000000dd100000| PB 0x00000000dd100000| Untracked 
| 466|0x00000000dd200000, 0x00000000dd200000, 0x00000000dd300000|  0%| F|  |TAMS 0x00000000dd200000| PB 0x00000000dd200000| Untracked 
| 467|0x00000000dd300000, 0x00000000dd300000, 0x00000000dd400000|  0%| F|  |TAMS 0x00000000dd300000| PB 0x00000000dd300000| Untracked 
| 468|0x00000000dd400000, 0x00000000dd400000, 0x00000000dd500000|  0%| F|  |TAMS 0x00000000dd400000| PB 0x00000000dd400000| Untracked 
| 469|0x00000000dd500000, 0x00000000dd500000, 0x00000000dd600000|  0%| F|  |TAMS 0x00000000dd500000| PB 0x00000000dd500000| Untracked 
| 470|0x00000000dd600000, 0x00000000dd600000, 0x00000000dd700000|  0%| F|  |TAMS 0x00000000dd600000| PB 0x00000000dd600000| Untracked 
| 471|0x00000000dd700000, 0x00000000dd700000, 0x00000000dd800000|  0%| F|  |TAMS 0x00000000dd700000| PB 0x00000000dd700000| Untracked 
| 472|0x00000000dd800000, 0x00000000dd800000, 0x00000000dd900000|  0%| F|  |TAMS 0x00000000dd800000| PB 0x00000000dd800000| Untracked 
| 473|0x00000000dd900000, 0x00000000dd900000, 0x00000000dda00000|  0%| F|  |TAMS 0x00000000dd900000| PB 0x00000000dd900000| Untracked 
| 474|0x00000000dda00000, 0x00000000dda00000, 0x00000000ddb00000|  0%| F|  |TAMS 0x00000000dda00000| PB 0x00000000dda00000| Untracked 
| 475|0x00000000ddb00000, 0x00000000ddb00000, 0x00000000ddc00000|  0%| F|  |TAMS 0x00000000ddb00000| PB 0x00000000ddb00000| Untracked 
| 476|0x00000000ddc00000, 0x00000000ddc00000, 0x00000000ddd00000|  0%| F|  |TAMS 0x00000000ddc00000| PB 0x00000000ddc00000| Untracked 
| 477|0x00000000ddd00000, 0x00000000ddd00000, 0x00000000dde00000|  0%| F|  |TAMS 0x00000000ddd00000| PB 0x00000000ddd00000| Untracked 
| 478|0x00000000dde00000, 0x00000000dde00000, 0x00000000ddf00000|  0%| F|  |TAMS 0x00000000dde00000| PB 0x00000000dde00000| Untracked 
| 479|0x00000000ddf00000, 0x00000000ddf00000, 0x00000000de000000|  0%| F|  |TAMS 0x00000000ddf00000| PB 0x00000000ddf00000| Untracked 
| 480|0x00000000de000000, 0x00000000de000000, 0x00000000de100000|  0%| F|  |TAMS 0x00000000de000000| PB 0x00000000de000000| Untracked 
| 481|0x00000000de100000, 0x00000000de100000, 0x00000000de200000|  0%| F|  |TAMS 0x00000000de100000| PB 0x00000000de100000| Untracked 
| 482|0x00000000de200000, 0x00000000de200000, 0x00000000de300000|  0%| F|  |TAMS 0x00000000de200000| PB 0x00000000de200000| Untracked 
| 483|0x00000000de300000, 0x00000000de300000, 0x00000000de400000|  0%| F|  |TAMS 0x00000000de300000| PB 0x00000000de300000| Untracked 
| 484|0x00000000de400000, 0x00000000de400000, 0x00000000de500000|  0%| F|  |TAMS 0x00000000de400000| PB 0x00000000de400000| Untracked 
| 485|0x00000000de500000, 0x00000000de500000, 0x00000000de600000|  0%| F|  |TAMS 0x00000000de500000| PB 0x00000000de500000| Untracked 
| 486|0x00000000de600000, 0x00000000de600000, 0x00000000de700000|  0%| F|  |TAMS 0x00000000de600000| PB 0x00000000de600000| Untracked 
| 487|0x00000000de700000, 0x00000000de700000, 0x00000000de800000|  0%| F|  |TAMS 0x00000000de700000| PB 0x00000000de700000| Untracked 
| 488|0x00000000de800000, 0x00000000de800000, 0x00000000de900000|  0%| F|  |TAMS 0x00000000de800000| PB 0x00000000de800000| Untracked 
| 489|0x00000000de900000, 0x00000000de900000, 0x00000000dea00000|  0%| F|  |TAMS 0x00000000de900000| PB 0x00000000de900000| Untracked 
| 490|0x00000000dea00000, 0x00000000dea00000, 0x00000000deb00000|  0%| F|  |TAMS 0x00000000dea00000| PB 0x00000000dea00000| Untracked 
| 491|0x00000000deb00000, 0x00000000deb00000, 0x00000000dec00000|  0%| F|  |TAMS 0x00000000deb00000| PB 0x00000000deb00000| Untracked 
| 492|0x00000000dec00000, 0x00000000dec00000, 0x00000000ded00000|  0%| F|  |TAMS 0x00000000dec00000| PB 0x00000000dec00000| Untracked 
| 493|0x00000000ded00000, 0x00000000ded00000, 0x00000000dee00000|  0%| F|  |TAMS 0x00000000ded00000| PB 0x00000000ded00000| Untracked 
| 494|0x00000000dee00000, 0x00000000dee00000, 0x00000000def00000|  0%| F|  |TAMS 0x00000000dee00000| PB 0x00000000dee00000| Untracked 
| 495|0x00000000def00000, 0x00000000def00000, 0x00000000df000000|  0%| F|  |TAMS 0x00000000def00000| PB 0x00000000def00000| Untracked 
| 496|0x00000000df000000, 0x00000000df000000, 0x00000000df100000|  0%| F|  |TAMS 0x00000000df000000| PB 0x00000000df000000| Untracked 
| 497|0x00000000df100000, 0x00000000df100000, 0x00000000df200000|  0%| F|  |TAMS 0x00000000df100000| PB 0x00000000df100000| Untracked 
| 498|0x00000000df200000, 0x00000000df200000, 0x00000000df300000|  0%| F|  |TAMS 0x00000000df200000| PB 0x00000000df200000| Untracked 
| 499|0x00000000df300000, 0x00000000df300000, 0x00000000df400000|  0%| F|  |TAMS 0x00000000df300000| PB 0x00000000df300000| Untracked 
| 500|0x00000000df400000, 0x00000000df400000, 0x00000000df500000|  0%| F|  |TAMS 0x00000000df400000| PB 0x00000000df400000| Untracked 
| 501|0x00000000df500000, 0x00000000df500000, 0x00000000df600000|  0%| F|  |TAMS 0x00000000df500000| PB 0x00000000df500000| Untracked 
| 502|0x00000000df600000, 0x00000000df600000, 0x00000000df700000|  0%| F|  |TAMS 0x00000000df600000| PB 0x00000000df600000| Untracked 
| 503|0x00000000df700000, 0x00000000df700000, 0x00000000df800000|  0%| F|  |TAMS 0x00000000df700000| PB 0x00000000df700000| Untracked 
| 504|0x00000000df800000, 0x00000000df800000, 0x00000000df900000|  0%| F|  |TAMS 0x00000000df800000| PB 0x00000000df800000| Untracked 
| 505|0x00000000df900000, 0x00000000df900000, 0x00000000dfa00000|  0%| F|  |TAMS 0x00000000df900000| PB 0x00000000df900000| Untracked 
| 506|0x00000000dfa00000, 0x00000000dfa00000, 0x00000000dfb00000|  0%| F|  |TAMS 0x00000000dfa00000| PB 0x00000000dfa00000| Untracked 
| 507|0x00000000dfb00000, 0x00000000dfb00000, 0x00000000dfc00000|  0%| F|  |TAMS 0x00000000dfb00000| PB 0x00000000dfb00000| Untracked 
| 508|0x00000000dfc00000, 0x00000000dfc00000, 0x00000000dfd00000|  0%| F|  |TAMS 0x00000000dfc00000| PB 0x00000000dfc00000| Untracked 
| 509|0x00000000dfd00000, 0x00000000dfd00000, 0x00000000dfe00000|  0%| F|  |TAMS 0x00000000dfd00000| PB 0x00000000dfd00000| Untracked 
| 510|0x00000000dfe00000, 0x00000000dfe00000, 0x00000000dff00000|  0%| F|  |TAMS 0x00000000dfe00000| PB 0x00000000dfe00000| Untracked 
| 511|0x00000000dff00000, 0x00000000dff00000, 0x00000000e0000000|  0%| F|  |TAMS 0x00000000dff00000| PB 0x00000000dff00000| Untracked 
| 512|0x00000000e0000000, 0x00000000e0000000, 0x00000000e0100000|  0%| F|  |TAMS 0x00000000e0000000| PB 0x00000000e0000000| Untracked 
| 513|0x00000000e0100000, 0x00000000e0100000, 0x00000000e0200000|  0%| F|  |TAMS 0x00000000e0100000| PB 0x00000000e0100000| Untracked 
| 514|0x00000000e0200000, 0x00000000e0200000, 0x00000000e0300000|  0%| F|  |TAMS 0x00000000e0200000| PB 0x00000000e0200000| Untracked 
| 515|0x00000000e0300000, 0x00000000e0300000, 0x00000000e0400000|  0%| F|  |TAMS 0x00000000e0300000| PB 0x00000000e0300000| Untracked 
| 516|0x00000000e0400000, 0x00000000e0400000, 0x00000000e0500000|  0%| F|  |TAMS 0x00000000e0400000| PB 0x00000000e0400000| Untracked 
| 517|0x00000000e0500000, 0x00000000e0500000, 0x00000000e0600000|  0%| F|  |TAMS 0x00000000e0500000| PB 0x00000000e0500000| Untracked 
| 518|0x00000000e0600000, 0x00000000e0600000, 0x00000000e0700000|  0%| F|  |TAMS 0x00000000e0600000| PB 0x00000000e0600000| Untracked 
| 519|0x00000000e0700000, 0x00000000e0700000, 0x00000000e0800000|  0%| F|  |TAMS 0x00000000e0700000| PB 0x00000000e0700000| Untracked 
| 520|0x00000000e0800000, 0x00000000e0800000, 0x00000000e0900000|  0%| F|  |TAMS 0x00000000e0800000| PB 0x00000000e0800000| Untracked 
| 521|0x00000000e0900000, 0x00000000e0900000, 0x00000000e0a00000|  0%| F|  |TAMS 0x00000000e0900000| PB 0x00000000e0900000| Untracked 
| 522|0x00000000e0a00000, 0x00000000e0a00000, 0x00000000e0b00000|  0%| F|  |TAMS 0x00000000e0a00000| PB 0x00000000e0a00000| Untracked 
| 523|0x00000000e0b00000, 0x00000000e0b00000, 0x00000000e0c00000|  0%| F|  |TAMS 0x00000000e0b00000| PB 0x00000000e0b00000| Untracked 
| 524|0x00000000e0c00000, 0x00000000e0c00000, 0x00000000e0d00000|  0%| F|  |TAMS 0x00000000e0c00000| PB 0x00000000e0c00000| Untracked 
| 525|0x00000000e0d00000, 0x00000000e0d00000, 0x00000000e0e00000|  0%| F|  |TAMS 0x00000000e0d00000| PB 0x00000000e0d00000| Untracked 
| 526|0x00000000e0e00000, 0x00000000e0e00000, 0x00000000e0f00000|  0%| F|  |TAMS 0x00000000e0e00000| PB 0x00000000e0e00000| Untracked 
| 527|0x00000000e0f00000, 0x00000000e0f00000, 0x00000000e1000000|  0%| F|  |TAMS 0x00000000e0f00000| PB 0x00000000e0f00000| Untracked 
| 528|0x00000000e1000000, 0x00000000e1000000, 0x00000000e1100000|  0%| F|  |TAMS 0x00000000e1000000| PB 0x00000000e1000000| Untracked 
| 529|0x00000000e1100000, 0x00000000e1100000, 0x00000000e1200000|  0%| F|  |TAMS 0x00000000e1100000| PB 0x00000000e1100000| Untracked 
| 530|0x00000000e1200000, 0x00000000e1200000, 0x00000000e1300000|  0%| F|  |TAMS 0x00000000e1200000| PB 0x00000000e1200000| Untracked 
| 531|0x00000000e1300000, 0x00000000e1300000, 0x00000000e1400000|  0%| F|  |TAMS 0x00000000e1300000| PB 0x00000000e1300000| Untracked 
| 532|0x00000000e1400000, 0x00000000e1400000, 0x00000000e1500000|  0%| F|  |TAMS 0x00000000e1400000| PB 0x00000000e1400000| Untracked 
| 533|0x00000000e1500000, 0x00000000e1500000, 0x00000000e1600000|  0%| F|  |TAMS 0x00000000e1500000| PB 0x00000000e1500000| Untracked 
| 534|0x00000000e1600000, 0x00000000e1600000, 0x00000000e1700000|  0%| F|  |TAMS 0x00000000e1600000| PB 0x00000000e1600000| Untracked 
| 535|0x00000000e1700000, 0x00000000e1700000, 0x00000000e1800000|  0%| F|  |TAMS 0x00000000e1700000| PB 0x00000000e1700000| Untracked 
| 536|0x00000000e1800000, 0x00000000e1800000, 0x00000000e1900000|  0%| F|  |TAMS 0x00000000e1800000| PB 0x00000000e1800000| Untracked 
| 537|0x00000000e1900000, 0x00000000e1900000, 0x00000000e1a00000|  0%| F|  |TAMS 0x00000000e1900000| PB 0x00000000e1900000| Untracked 
| 538|0x00000000e1a00000, 0x00000000e1a00000, 0x00000000e1b00000|  0%| F|  |TAMS 0x00000000e1a00000| PB 0x00000000e1a00000| Untracked 
| 539|0x00000000e1b00000, 0x00000000e1b00000, 0x00000000e1c00000|  0%| F|  |TAMS 0x00000000e1b00000| PB 0x00000000e1b00000| Untracked 
| 540|0x00000000e1c00000, 0x00000000e1c00000, 0x00000000e1d00000|  0%| F|  |TAMS 0x00000000e1c00000| PB 0x00000000e1c00000| Untracked 
| 541|0x00000000e1d00000, 0x00000000e1d00000, 0x00000000e1e00000|  0%| F|  |TAMS 0x00000000e1d00000| PB 0x00000000e1d00000| Untracked 
| 542|0x00000000e1e00000, 0x00000000e1e00000, 0x00000000e1f00000|  0%| F|  |TAMS 0x00000000e1e00000| PB 0x00000000e1e00000| Untracked 
| 543|0x00000000e1f00000, 0x00000000e1f00000, 0x00000000e2000000|  0%| F|  |TAMS 0x00000000e1f00000| PB 0x00000000e1f00000| Untracked 
| 544|0x00000000e2000000, 0x00000000e2000000, 0x00000000e2100000|  0%| F|  |TAMS 0x00000000e2000000| PB 0x00000000e2000000| Untracked 
| 545|0x00000000e2100000, 0x00000000e2100000, 0x00000000e2200000|  0%| F|  |TAMS 0x00000000e2100000| PB 0x00000000e2100000| Untracked 
| 546|0x00000000e2200000, 0x00000000e2200000, 0x00000000e2300000|  0%| F|  |TAMS 0x00000000e2200000| PB 0x00000000e2200000| Untracked 
| 547|0x00000000e2300000, 0x00000000e2300000, 0x00000000e2400000|  0%| F|  |TAMS 0x00000000e2300000| PB 0x00000000e2300000| Untracked 
| 548|0x00000000e2400000, 0x00000000e2400000, 0x00000000e2500000|  0%| F|  |TAMS 0x00000000e2400000| PB 0x00000000e2400000| Untracked 
| 549|0x00000000e2500000, 0x00000000e2500000, 0x00000000e2600000|  0%| F|  |TAMS 0x00000000e2500000| PB 0x00000000e2500000| Untracked 
| 550|0x00000000e2600000, 0x00000000e2600000, 0x00000000e2700000|  0%| F|  |TAMS 0x00000000e2600000| PB 0x00000000e2600000| Untracked 
| 551|0x00000000e2700000, 0x00000000e2700000, 0x00000000e2800000|  0%| F|  |TAMS 0x00000000e2700000| PB 0x00000000e2700000| Untracked 
| 552|0x00000000e2800000, 0x00000000e2800000, 0x00000000e2900000|  0%| F|  |TAMS 0x00000000e2800000| PB 0x00000000e2800000| Untracked 
| 553|0x00000000e2900000, 0x00000000e2900000, 0x00000000e2a00000|  0%| F|  |TAMS 0x00000000e2900000| PB 0x00000000e2900000| Untracked 
| 554|0x00000000e2a00000, 0x00000000e2a00000, 0x00000000e2b00000|  0%| F|  |TAMS 0x00000000e2a00000| PB 0x00000000e2a00000| Untracked 
| 555|0x00000000e2b00000, 0x00000000e2b00000, 0x00000000e2c00000|  0%| F|  |TAMS 0x00000000e2b00000| PB 0x00000000e2b00000| Untracked 
| 556|0x00000000e2c00000, 0x00000000e2c00000, 0x00000000e2d00000|  0%| F|  |TAMS 0x00000000e2c00000| PB 0x00000000e2c00000| Untracked 
| 557|0x00000000e2d00000, 0x00000000e2d00000, 0x00000000e2e00000|  0%| F|  |TAMS 0x00000000e2d00000| PB 0x00000000e2d00000| Untracked 
| 558|0x00000000e2e00000, 0x00000000e2e00000, 0x00000000e2f00000|  0%| F|  |TAMS 0x00000000e2e00000| PB 0x00000000e2e00000| Untracked 
| 559|0x00000000e2f00000, 0x00000000e2f00000, 0x00000000e3000000|  0%| F|  |TAMS 0x00000000e2f00000| PB 0x00000000e2f00000| Untracked 
| 560|0x00000000e3000000, 0x00000000e3000000, 0x00000000e3100000|  0%| F|  |TAMS 0x00000000e3000000| PB 0x00000000e3000000| Untracked 
| 561|0x00000000e3100000, 0x00000000e3100000, 0x00000000e3200000|  0%| F|  |TAMS 0x00000000e3100000| PB 0x00000000e3100000| Untracked 
| 562|0x00000000e3200000, 0x00000000e3200000, 0x00000000e3300000|  0%| F|  |TAMS 0x00000000e3200000| PB 0x00000000e3200000| Untracked 
| 563|0x00000000e3300000, 0x00000000e3300000, 0x00000000e3400000|  0%| F|  |TAMS 0x00000000e3300000| PB 0x00000000e3300000| Untracked 
| 564|0x00000000e3400000, 0x00000000e3400000, 0x00000000e3500000|  0%| F|  |TAMS 0x00000000e3400000| PB 0x00000000e3400000| Untracked 
| 565|0x00000000e3500000, 0x00000000e3500000, 0x00000000e3600000|  0%| F|  |TAMS 0x00000000e3500000| PB 0x00000000e3500000| Untracked 
| 566|0x00000000e3600000, 0x00000000e3600000, 0x00000000e3700000|  0%| F|  |TAMS 0x00000000e3600000| PB 0x00000000e3600000| Untracked 
| 567|0x00000000e3700000, 0x00000000e3700000, 0x00000000e3800000|  0%| F|  |TAMS 0x00000000e3700000| PB 0x00000000e3700000| Untracked 
| 568|0x00000000e3800000, 0x00000000e3800000, 0x00000000e3900000|  0%| F|  |TAMS 0x00000000e3800000| PB 0x00000000e3800000| Untracked 
| 569|0x00000000e3900000, 0x00000000e3900000, 0x00000000e3a00000|  0%| F|  |TAMS 0x00000000e3900000| PB 0x00000000e3900000| Untracked 
| 570|0x00000000e3a00000, 0x00000000e3a00000, 0x00000000e3b00000|  0%| F|  |TAMS 0x00000000e3a00000| PB 0x00000000e3a00000| Untracked 
| 571|0x00000000e3b00000, 0x00000000e3b00000, 0x00000000e3c00000|  0%| F|  |TAMS 0x00000000e3b00000| PB 0x00000000e3b00000| Untracked 
| 572|0x00000000e3c00000, 0x00000000e3c00000, 0x00000000e3d00000|  0%| F|  |TAMS 0x00000000e3c00000| PB 0x00000000e3c00000| Untracked 
| 573|0x00000000e3d00000, 0x00000000e3d00000, 0x00000000e3e00000|  0%| F|  |TAMS 0x00000000e3d00000| PB 0x00000000e3d00000| Untracked 
| 574|0x00000000e3e00000, 0x00000000e3e00000, 0x00000000e3f00000|  0%| F|  |TAMS 0x00000000e3e00000| PB 0x00000000e3e00000| Untracked 
| 575|0x00000000e3f00000, 0x00000000e3f00000, 0x00000000e4000000|  0%| F|  |TAMS 0x00000000e3f00000| PB 0x00000000e3f00000| Untracked 
| 576|0x00000000e4000000, 0x00000000e4000000, 0x00000000e4100000|  0%| F|  |TAMS 0x00000000e4000000| PB 0x00000000e4000000| Untracked 
| 577|0x00000000e4100000, 0x00000000e4100000, 0x00000000e4200000|  0%| F|  |TAMS 0x00000000e4100000| PB 0x00000000e4100000| Untracked 
| 578|0x00000000e4200000, 0x00000000e4200000, 0x00000000e4300000|  0%| F|  |TAMS 0x00000000e4200000| PB 0x00000000e4200000| Untracked 
| 579|0x00000000e4300000, 0x00000000e4300000, 0x00000000e4400000|  0%| F|  |TAMS 0x00000000e4300000| PB 0x00000000e4300000| Untracked 
| 580|0x00000000e4400000, 0x00000000e4400000, 0x00000000e4500000|  0%| F|  |TAMS 0x00000000e4400000| PB 0x00000000e4400000| Untracked 
| 581|0x00000000e4500000, 0x00000000e4500000, 0x00000000e4600000|  0%| F|  |TAMS 0x00000000e4500000| PB 0x00000000e4500000| Untracked 
| 582|0x00000000e4600000, 0x00000000e4600000, 0x00000000e4700000|  0%| F|  |TAMS 0x00000000e4600000| PB 0x00000000e4600000| Untracked 
| 583|0x00000000e4700000, 0x00000000e4700000, 0x00000000e4800000|  0%| F|  |TAMS 0x00000000e4700000| PB 0x00000000e4700000| Untracked 
| 584|0x00000000e4800000, 0x00000000e4800000, 0x00000000e4900000|  0%| F|  |TAMS 0x00000000e4800000| PB 0x00000000e4800000| Untracked 
| 585|0x00000000e4900000, 0x00000000e4900000, 0x00000000e4a00000|  0%| F|  |TAMS 0x00000000e4900000| PB 0x00000000e4900000| Untracked 
| 586|0x00000000e4a00000, 0x00000000e4a00000, 0x00000000e4b00000|  0%| F|  |TAMS 0x00000000e4a00000| PB 0x00000000e4a00000| Untracked 
| 587|0x00000000e4b00000, 0x00000000e4b00000, 0x00000000e4c00000|  0%| F|  |TAMS 0x00000000e4b00000| PB 0x00000000e4b00000| Untracked 
| 588|0x00000000e4c00000, 0x00000000e4c00000, 0x00000000e4d00000|  0%| F|  |TAMS 0x00000000e4c00000| PB 0x00000000e4c00000| Untracked 
| 589|0x00000000e4d00000, 0x00000000e4d00000, 0x00000000e4e00000|  0%| F|  |TAMS 0x00000000e4d00000| PB 0x00000000e4d00000| Untracked 
| 590|0x00000000e4e00000, 0x00000000e4e00000, 0x00000000e4f00000|  0%| F|  |TAMS 0x00000000e4e00000| PB 0x00000000e4e00000| Untracked 
| 591|0x00000000e4f00000, 0x00000000e4f00000, 0x00000000e5000000|  0%| F|  |TAMS 0x00000000e4f00000| PB 0x00000000e4f00000| Untracked 
| 592|0x00000000e5000000, 0x00000000e5000000, 0x00000000e5100000|  0%| F|  |TAMS 0x00000000e5000000| PB 0x00000000e5000000| Untracked 
| 593|0x00000000e5100000, 0x00000000e5100000, 0x00000000e5200000|  0%| F|  |TAMS 0x00000000e5100000| PB 0x00000000e5100000| Untracked 
| 594|0x00000000e5200000, 0x00000000e5200000, 0x00000000e5300000|  0%| F|  |TAMS 0x00000000e5200000| PB 0x00000000e5200000| Untracked 
| 595|0x00000000e5300000, 0x00000000e5300000, 0x00000000e5400000|  0%| F|  |TAMS 0x00000000e5300000| PB 0x00000000e5300000| Untracked 
| 596|0x00000000e5400000, 0x00000000e5400000, 0x00000000e5500000|  0%| F|  |TAMS 0x00000000e5400000| PB 0x00000000e5400000| Untracked 
| 597|0x00000000e5500000, 0x00000000e5500000, 0x00000000e5600000|  0%| F|  |TAMS 0x00000000e5500000| PB 0x00000000e5500000| Untracked 
| 598|0x00000000e5600000, 0x00000000e5600000, 0x00000000e5700000|  0%| F|  |TAMS 0x00000000e5600000| PB 0x00000000e5600000| Untracked 
| 599|0x00000000e5700000, 0x00000000e5700000, 0x00000000e5800000|  0%| F|  |TAMS 0x00000000e5700000| PB 0x00000000e5700000| Untracked 
| 600|0x00000000e5800000, 0x00000000e5800000, 0x00000000e5900000|  0%| F|  |TAMS 0x00000000e5800000| PB 0x00000000e5800000| Untracked 
| 601|0x00000000e5900000, 0x00000000e5900000, 0x00000000e5a00000|  0%| F|  |TAMS 0x00000000e5900000| PB 0x00000000e5900000| Untracked 
| 602|0x00000000e5a00000, 0x00000000e5a00000, 0x00000000e5b00000|  0%| F|  |TAMS 0x00000000e5a00000| PB 0x00000000e5a00000| Untracked 
| 603|0x00000000e5b00000, 0x00000000e5b00000, 0x00000000e5c00000|  0%| F|  |TAMS 0x00000000e5b00000| PB 0x00000000e5b00000| Untracked 
| 604|0x00000000e5c00000, 0x00000000e5c00000, 0x00000000e5d00000|  0%| F|  |TAMS 0x00000000e5c00000| PB 0x00000000e5c00000| Untracked 
| 605|0x00000000e5d00000, 0x00000000e5d00000, 0x00000000e5e00000|  0%| F|  |TAMS 0x00000000e5d00000| PB 0x00000000e5d00000| Untracked 
| 606|0x00000000e5e00000, 0x00000000e5e00000, 0x00000000e5f00000|  0%| F|  |TAMS 0x00000000e5e00000| PB 0x00000000e5e00000| Untracked 
| 607|0x00000000e5f00000, 0x00000000e5f00000, 0x00000000e6000000|  0%| F|  |TAMS 0x00000000e5f00000| PB 0x00000000e5f00000| Untracked 
| 608|0x00000000e6000000, 0x00000000e6000000, 0x00000000e6100000|  0%| F|  |TAMS 0x00000000e6000000| PB 0x00000000e6000000| Untracked 
| 609|0x00000000e6100000, 0x00000000e6100000, 0x00000000e6200000|  0%| F|  |TAMS 0x00000000e6100000| PB 0x00000000e6100000| Untracked 
| 610|0x00000000e6200000, 0x00000000e6200000, 0x00000000e6300000|  0%| F|  |TAMS 0x00000000e6200000| PB 0x00000000e6200000| Untracked 
| 611|0x00000000e6300000, 0x00000000e6300000, 0x00000000e6400000|  0%| F|  |TAMS 0x00000000e6300000| PB 0x00000000e6300000| Untracked 
| 612|0x00000000e6400000, 0x00000000e6400000, 0x00000000e6500000|  0%| F|  |TAMS 0x00000000e6400000| PB 0x00000000e6400000| Untracked 
| 613|0x00000000e6500000, 0x00000000e6500000, 0x00000000e6600000|  0%| F|  |TAMS 0x00000000e6500000| PB 0x00000000e6500000| Untracked 
| 614|0x00000000e6600000, 0x00000000e6600000, 0x00000000e6700000|  0%| F|  |TAMS 0x00000000e6600000| PB 0x00000000e6600000| Untracked 
| 615|0x00000000e6700000, 0x00000000e6700000, 0x00000000e6800000|  0%| F|  |TAMS 0x00000000e6700000| PB 0x00000000e6700000| Untracked 
| 616|0x00000000e6800000, 0x00000000e6800000, 0x00000000e6900000|  0%| F|  |TAMS 0x00000000e6800000| PB 0x00000000e6800000| Untracked 
| 617|0x00000000e6900000, 0x00000000e6900000, 0x00000000e6a00000|  0%| F|  |TAMS 0x00000000e6900000| PB 0x00000000e6900000| Untracked 
| 618|0x00000000e6a00000, 0x00000000e6a00000, 0x00000000e6b00000|  0%| F|  |TAMS 0x00000000e6a00000| PB 0x00000000e6a00000| Untracked 
| 619|0x00000000e6b00000, 0x00000000e6b00000, 0x00000000e6c00000|  0%| F|  |TAMS 0x00000000e6b00000| PB 0x00000000e6b00000| Untracked 
| 620|0x00000000e6c00000, 0x00000000e6c00000, 0x00000000e6d00000|  0%| F|  |TAMS 0x00000000e6c00000| PB 0x00000000e6c00000| Untracked 
| 621|0x00000000e6d00000, 0x00000000e6d00000, 0x00000000e6e00000|  0%| F|  |TAMS 0x00000000e6d00000| PB 0x00000000e6d00000| Untracked 
| 622|0x00000000e6e00000, 0x00000000e6e00000, 0x00000000e6f00000|  0%| F|  |TAMS 0x00000000e6e00000| PB 0x00000000e6e00000| Untracked 
| 623|0x00000000e6f00000, 0x00000000e6f00000, 0x00000000e7000000|  0%| F|  |TAMS 0x00000000e6f00000| PB 0x00000000e6f00000| Untracked 
| 624|0x00000000e7000000, 0x00000000e7000000, 0x00000000e7100000|  0%| F|  |TAMS 0x00000000e7000000| PB 0x00000000e7000000| Untracked 
| 625|0x00000000e7100000, 0x00000000e7100000, 0x00000000e7200000|  0%| F|  |TAMS 0x00000000e7100000| PB 0x00000000e7100000| Untracked 
| 626|0x00000000e7200000, 0x00000000e7200000, 0x00000000e7300000|  0%| F|  |TAMS 0x00000000e7200000| PB 0x00000000e7200000| Untracked 
| 627|0x00000000e7300000, 0x00000000e7300000, 0x00000000e7400000|  0%| F|  |TAMS 0x00000000e7300000| PB 0x00000000e7300000| Untracked 
| 628|0x00000000e7400000, 0x00000000e7420010, 0x00000000e7500000| 12%| S|CS|TAMS 0x00000000e7400000| PB 0x00000000e7400000| Complete 
| 629|0x00000000e7500000, 0x00000000e7600000, 0x00000000e7600000|100%| S|CS|TAMS 0x00000000e7500000| PB 0x00000000e7500000| Complete 
| 630|0x00000000e7600000, 0x00000000e7700000, 0x00000000e7700000|100%| S|CS|TAMS 0x00000000e7600000| PB 0x00000000e7600000| Complete 
| 631|0x00000000e7700000, 0x00000000e7800000, 0x00000000e7800000|100%| S|CS|TAMS 0x00000000e7700000| PB 0x00000000e7700000| Complete 
| 632|0x00000000e7800000, 0x00000000e7900000, 0x00000000e7900000|100%| S|CS|TAMS 0x00000000e7800000| PB 0x00000000e7800000| Complete 
| 633|0x00000000e7900000, 0x00000000e7a00000, 0x00000000e7a00000|100%| S|CS|TAMS 0x00000000e7900000| PB 0x00000000e7900000| Complete 
| 634|0x00000000e7a00000, 0x00000000e7b00000, 0x00000000e7b00000|100%| S|CS|TAMS 0x00000000e7a00000| PB 0x00000000e7a00000| Complete 
| 635|0x00000000e7b00000, 0x00000000e7c00000, 0x00000000e7c00000|100%| S|CS|TAMS 0x00000000e7b00000| PB 0x00000000e7b00000| Complete 
| 636|0x00000000e7c00000, 0x00000000e7d00000, 0x00000000e7d00000|100%| S|CS|TAMS 0x00000000e7c00000| PB 0x00000000e7c00000| Complete 
| 637|0x00000000e7d00000, 0x00000000e7e00000, 0x00000000e7e00000|100%| S|CS|TAMS 0x00000000e7d00000| PB 0x00000000e7d00000| Complete 
| 638|0x00000000e7e00000, 0x00000000e7f00000, 0x00000000e7f00000|100%| S|CS|TAMS 0x00000000e7e00000| PB 0x00000000e7e00000| Complete 
| 639|0x00000000e7f00000, 0x00000000e8000000, 0x00000000e8000000|100%| S|CS|TAMS 0x00000000e7f00000| PB 0x00000000e7f00000| Complete 
| 640|0x00000000e8000000, 0x00000000e8100000, 0x00000000e8100000|100%| S|CS|TAMS 0x00000000e8000000| PB 0x00000000e8000000| Complete 
| 641|0x00000000e8100000, 0x00000000e8200000, 0x00000000e8200000|100%| S|CS|TAMS 0x00000000e8100000| PB 0x00000000e8100000| Complete 
| 642|0x00000000e8200000, 0x00000000e8300000, 0x00000000e8300000|100%| S|CS|TAMS 0x00000000e8200000| PB 0x00000000e8200000| Complete 
| 643|0x00000000e8300000, 0x00000000e8400000, 0x00000000e8400000|100%| S|CS|TAMS 0x00000000e8300000| PB 0x00000000e8300000| Complete 
| 644|0x00000000e8400000, 0x00000000e8500000, 0x00000000e8500000|100%| S|CS|TAMS 0x00000000e8400000| PB 0x00000000e8400000| Complete 
| 645|0x00000000e8500000, 0x00000000e8500000, 0x00000000e8600000|  0%| F|  |TAMS 0x00000000e8500000| PB 0x00000000e8500000| Untracked 
| 646|0x00000000e8600000, 0x00000000e8600000, 0x00000000e8700000|  0%| F|  |TAMS 0x00000000e8600000| PB 0x00000000e8600000| Untracked 
| 647|0x00000000e8700000, 0x00000000e8700000, 0x00000000e8800000|  0%| F|  |TAMS 0x00000000e8700000| PB 0x00000000e8700000| Untracked 
| 648|0x00000000e8800000, 0x00000000e8800000, 0x00000000e8900000|  0%| F|  |TAMS 0x00000000e8800000| PB 0x00000000e8800000| Untracked 
| 649|0x00000000e8900000, 0x00000000e8900000, 0x00000000e8a00000|  0%| F|  |TAMS 0x00000000e8900000| PB 0x00000000e8900000| Untracked 
| 650|0x00000000e8a00000, 0x00000000e8a00000, 0x00000000e8b00000|  0%| F|  |TAMS 0x00000000e8a00000| PB 0x00000000e8a00000| Untracked 
| 651|0x00000000e8b00000, 0x00000000e8b00000, 0x00000000e8c00000|  0%| F|  |TAMS 0x00000000e8b00000| PB 0x00000000e8b00000| Untracked 
| 652|0x00000000e8c00000, 0x00000000e8c00000, 0x00000000e8d00000|  0%| F|  |TAMS 0x00000000e8c00000| PB 0x00000000e8c00000| Untracked 
| 653|0x00000000e8d00000, 0x00000000e8d00000, 0x00000000e8e00000|  0%| F|  |TAMS 0x00000000e8d00000| PB 0x00000000e8d00000| Untracked 
| 654|0x00000000e8e00000, 0x00000000e8e00000, 0x00000000e8f00000|  0%| F|  |TAMS 0x00000000e8e00000| PB 0x00000000e8e00000| Untracked 
| 655|0x00000000e8f00000, 0x00000000e8f00000, 0x00000000e9000000|  0%| F|  |TAMS 0x00000000e8f00000| PB 0x00000000e8f00000| Untracked 
| 656|0x00000000e9000000, 0x00000000e9000000, 0x00000000e9100000|  0%| F|  |TAMS 0x00000000e9000000| PB 0x00000000e9000000| Untracked 
| 657|0x00000000e9100000, 0x00000000e9100000, 0x00000000e9200000|  0%| F|  |TAMS 0x00000000e9100000| PB 0x00000000e9100000| Untracked 
| 658|0x00000000e9200000, 0x00000000e9200000, 0x00000000e9300000|  0%| F|  |TAMS 0x00000000e9200000| PB 0x00000000e9200000| Untracked 
| 659|0x00000000e9300000, 0x00000000e9300000, 0x00000000e9400000|  0%| F|  |TAMS 0x00000000e9300000| PB 0x00000000e9300000| Untracked 
| 660|0x00000000e9400000, 0x00000000e9400000, 0x00000000e9500000|  0%| F|  |TAMS 0x00000000e9400000| PB 0x00000000e9400000| Untracked 
| 661|0x00000000e9500000, 0x00000000e9500000, 0x00000000e9600000|  0%| F|  |TAMS 0x00000000e9500000| PB 0x00000000e9500000| Untracked 
| 662|0x00000000e9600000, 0x00000000e9600000, 0x00000000e9700000|  0%| F|  |TAMS 0x00000000e9600000| PB 0x00000000e9600000| Untracked 
| 663|0x00000000e9700000, 0x00000000e9700000, 0x00000000e9800000|  0%| F|  |TAMS 0x00000000e9700000| PB 0x00000000e9700000| Untracked 
| 664|0x00000000e9800000, 0x00000000e9800000, 0x00000000e9900000|  0%| F|  |TAMS 0x00000000e9800000| PB 0x00000000e9800000| Untracked 
| 665|0x00000000e9900000, 0x00000000e9900000, 0x00000000e9a00000|  0%| F|  |TAMS 0x00000000e9900000| PB 0x00000000e9900000| Untracked 
| 666|0x00000000e9a00000, 0x00000000e9a00000, 0x00000000e9b00000|  0%| F|  |TAMS 0x00000000e9a00000| PB 0x00000000e9a00000| Untracked 
| 667|0x00000000e9b00000, 0x00000000e9b00000, 0x00000000e9c00000|  0%| F|  |TAMS 0x00000000e9b00000| PB 0x00000000e9b00000| Untracked 
| 668|0x00000000e9c00000, 0x00000000e9c00000, 0x00000000e9d00000|  0%| F|  |TAMS 0x00000000e9c00000| PB 0x00000000e9c00000| Untracked 
| 669|0x00000000e9d00000, 0x00000000e9d00000, 0x00000000e9e00000|  0%| F|  |TAMS 0x00000000e9d00000| PB 0x00000000e9d00000| Untracked 
| 670|0x00000000e9e00000, 0x00000000e9e00000, 0x00000000e9f00000|  0%| F|  |TAMS 0x00000000e9e00000| PB 0x00000000e9e00000| Untracked 
| 671|0x00000000e9f00000, 0x00000000e9f00000, 0x00000000ea000000|  0%| F|  |TAMS 0x00000000e9f00000| PB 0x00000000e9f00000| Untracked 
| 672|0x00000000ea000000, 0x00000000ea000000, 0x00000000ea100000|  0%| F|  |TAMS 0x00000000ea000000| PB 0x00000000ea000000| Untracked 
| 673|0x00000000ea100000, 0x00000000ea100000, 0x00000000ea200000|  0%| F|  |TAMS 0x00000000ea100000| PB 0x00000000ea100000| Untracked 
| 674|0x00000000ea200000, 0x00000000ea200000, 0x00000000ea300000|  0%| F|  |TAMS 0x00000000ea200000| PB 0x00000000ea200000| Untracked 
| 675|0x00000000ea300000, 0x00000000ea300000, 0x00000000ea400000|  0%| F|  |TAMS 0x00000000ea300000| PB 0x00000000ea300000| Untracked 
| 676|0x00000000ea400000, 0x00000000ea400000, 0x00000000ea500000|  0%| F|  |TAMS 0x00000000ea400000| PB 0x00000000ea400000| Untracked 
| 677|0x00000000ea500000, 0x00000000ea500000, 0x00000000ea600000|  0%| F|  |TAMS 0x00000000ea500000| PB 0x00000000ea500000| Untracked 
| 678|0x00000000ea600000, 0x00000000ea600000, 0x00000000ea700000|  0%| F|  |TAMS 0x00000000ea600000| PB 0x00000000ea600000| Untracked 
| 679|0x00000000ea700000, 0x00000000ea700000, 0x00000000ea800000|  0%| F|  |TAMS 0x00000000ea700000| PB 0x00000000ea700000| Untracked 
| 680|0x00000000ea800000, 0x00000000ea800000, 0x00000000ea900000|  0%| F|  |TAMS 0x00000000ea800000| PB 0x00000000ea800000| Untracked 
| 681|0x00000000ea900000, 0x00000000ea900000, 0x00000000eaa00000|  0%| F|  |TAMS 0x00000000ea900000| PB 0x00000000ea900000| Untracked 
| 682|0x00000000eaa00000, 0x00000000eaa00000, 0x00000000eab00000|  0%| F|  |TAMS 0x00000000eaa00000| PB 0x00000000eaa00000| Untracked 
| 683|0x00000000eab00000, 0x00000000eab00000, 0x00000000eac00000|  0%| F|  |TAMS 0x00000000eab00000| PB 0x00000000eab00000| Untracked 
| 684|0x00000000eac00000, 0x00000000eac00000, 0x00000000ead00000|  0%| F|  |TAMS 0x00000000eac00000| PB 0x00000000eac00000| Untracked 
| 685|0x00000000ead00000, 0x00000000ead00000, 0x00000000eae00000|  0%| F|  |TAMS 0x00000000ead00000| PB 0x00000000ead00000| Untracked 
| 686|0x00000000eae00000, 0x00000000eae00000, 0x00000000eaf00000|  0%| F|  |TAMS 0x00000000eae00000| PB 0x00000000eae00000| Untracked 
| 687|0x00000000eaf00000, 0x00000000eaf00000, 0x00000000eb000000|  0%| F|  |TAMS 0x00000000eaf00000| PB 0x00000000eaf00000| Untracked 
| 688|0x00000000eb000000, 0x00000000eb000000, 0x00000000eb100000|  0%| F|  |TAMS 0x00000000eb000000| PB 0x00000000eb000000| Untracked 
| 689|0x00000000eb100000, 0x00000000eb100000, 0x00000000eb200000|  0%| F|  |TAMS 0x00000000eb100000| PB 0x00000000eb100000| Untracked 
| 690|0x00000000eb200000, 0x00000000eb200000, 0x00000000eb300000|  0%| F|  |TAMS 0x00000000eb200000| PB 0x00000000eb200000| Untracked 
| 691|0x00000000eb300000, 0x00000000eb300000, 0x00000000eb400000|  0%| F|  |TAMS 0x00000000eb300000| PB 0x00000000eb300000| Untracked 
| 692|0x00000000eb400000, 0x00000000eb400000, 0x00000000eb500000|  0%| F|  |TAMS 0x00000000eb400000| PB 0x00000000eb400000| Untracked 
| 693|0x00000000eb500000, 0x00000000eb500000, 0x00000000eb600000|  0%| F|  |TAMS 0x00000000eb500000| PB 0x00000000eb500000| Untracked 
| 694|0x00000000eb600000, 0x00000000eb600000, 0x00000000eb700000|  0%| F|  |TAMS 0x00000000eb600000| PB 0x00000000eb600000| Untracked 
| 695|0x00000000eb700000, 0x00000000eb700000, 0x00000000eb800000|  0%| F|  |TAMS 0x00000000eb700000| PB 0x00000000eb700000| Untracked 
| 696|0x00000000eb800000, 0x00000000eb800000, 0x00000000eb900000|  0%| F|  |TAMS 0x00000000eb800000| PB 0x00000000eb800000| Untracked 
| 697|0x00000000eb900000, 0x00000000eb900000, 0x00000000eba00000|  0%| F|  |TAMS 0x00000000eb900000| PB 0x00000000eb900000| Untracked 
| 698|0x00000000eba00000, 0x00000000eba00000, 0x00000000ebb00000|  0%| F|  |TAMS 0x00000000eba00000| PB 0x00000000eba00000| Untracked 
| 699|0x00000000ebb00000, 0x00000000ebb00000, 0x00000000ebc00000|  0%| F|  |TAMS 0x00000000ebb00000| PB 0x00000000ebb00000| Untracked 
| 700|0x00000000ebc00000, 0x00000000ebc00000, 0x00000000ebd00000|  0%| F|  |TAMS 0x00000000ebc00000| PB 0x00000000ebc00000| Untracked 
| 701|0x00000000ebd00000, 0x00000000ebd00000, 0x00000000ebe00000|  0%| F|  |TAMS 0x00000000ebd00000| PB 0x00000000ebd00000| Untracked 
| 702|0x00000000ebe00000, 0x00000000ebe00000, 0x00000000ebf00000|  0%| F|  |TAMS 0x00000000ebe00000| PB 0x00000000ebe00000| Untracked 
| 703|0x00000000ebf00000, 0x00000000ebf00000, 0x00000000ec000000|  0%| F|  |TAMS 0x00000000ebf00000| PB 0x00000000ebf00000| Untracked 
| 704|0x00000000ec000000, 0x00000000ec000000, 0x00000000ec100000|  0%| F|  |TAMS 0x00000000ec000000| PB 0x00000000ec000000| Untracked 
| 705|0x00000000ec100000, 0x00000000ec100000, 0x00000000ec200000|  0%| F|  |TAMS 0x00000000ec100000| PB 0x00000000ec100000| Untracked 
| 706|0x00000000ec200000, 0x00000000ec200000, 0x00000000ec300000|  0%| F|  |TAMS 0x00000000ec200000| PB 0x00000000ec200000| Untracked 
| 707|0x00000000ec300000, 0x00000000ec300000, 0x00000000ec400000|  0%| F|  |TAMS 0x00000000ec300000| PB 0x00000000ec300000| Untracked 
| 708|0x00000000ec400000, 0x00000000ec400000, 0x00000000ec500000|  0%| F|  |TAMS 0x00000000ec400000| PB 0x00000000ec400000| Untracked 
| 709|0x00000000ec500000, 0x00000000ec500000, 0x00000000ec600000|  0%| F|  |TAMS 0x00000000ec500000| PB 0x00000000ec500000| Untracked 
| 710|0x00000000ec600000, 0x00000000ec600000, 0x00000000ec700000|  0%| F|  |TAMS 0x00000000ec600000| PB 0x00000000ec600000| Untracked 
| 711|0x00000000ec700000, 0x00000000ec700000, 0x00000000ec800000|  0%| F|  |TAMS 0x00000000ec700000| PB 0x00000000ec700000| Untracked 
| 712|0x00000000ec800000, 0x00000000ec800000, 0x00000000ec900000|  0%| F|  |TAMS 0x00000000ec800000| PB 0x00000000ec800000| Untracked 
| 713|0x00000000ec900000, 0x00000000ec900000, 0x00000000eca00000|  0%| F|  |TAMS 0x00000000ec900000| PB 0x00000000ec900000| Untracked 
| 714|0x00000000eca00000, 0x00000000eca00000, 0x00000000ecb00000|  0%| F|  |TAMS 0x00000000eca00000| PB 0x00000000eca00000| Untracked 
| 715|0x00000000ecb00000, 0x00000000ecb00000, 0x00000000ecc00000|  0%| F|  |TAMS 0x00000000ecb00000| PB 0x00000000ecb00000| Untracked 
| 716|0x00000000ecc00000, 0x00000000ecc00000, 0x00000000ecd00000|  0%| F|  |TAMS 0x00000000ecc00000| PB 0x00000000ecc00000| Untracked 
| 717|0x00000000ecd00000, 0x00000000ecd00000, 0x00000000ece00000|  0%| F|  |TAMS 0x00000000ecd00000| PB 0x00000000ecd00000| Untracked 
| 718|0x00000000ece00000, 0x00000000ece00000, 0x00000000ecf00000|  0%| F|  |TAMS 0x00000000ece00000| PB 0x00000000ece00000| Untracked 
| 719|0x00000000ecf00000, 0x00000000ecf00000, 0x00000000ed000000|  0%| F|  |TAMS 0x00000000ecf00000| PB 0x00000000ecf00000| Untracked 
| 720|0x00000000ed000000, 0x00000000ed000000, 0x00000000ed100000|  0%| F|  |TAMS 0x00000000ed000000| PB 0x00000000ed000000| Untracked 
| 721|0x00000000ed100000, 0x00000000ed100000, 0x00000000ed200000|  0%| F|  |TAMS 0x00000000ed100000| PB 0x00000000ed100000| Untracked 
| 722|0x00000000ed200000, 0x00000000ed200000, 0x00000000ed300000|  0%| F|  |TAMS 0x00000000ed200000| PB 0x00000000ed200000| Untracked 
| 723|0x00000000ed300000, 0x00000000ed300000, 0x00000000ed400000|  0%| F|  |TAMS 0x00000000ed300000| PB 0x00000000ed300000| Untracked 
| 724|0x00000000ed400000, 0x00000000ed400000, 0x00000000ed500000|  0%| F|  |TAMS 0x00000000ed400000| PB 0x00000000ed400000| Untracked 
| 725|0x00000000ed500000, 0x00000000ed500000, 0x00000000ed600000|  0%| F|  |TAMS 0x00000000ed500000| PB 0x00000000ed500000| Untracked 
| 726|0x00000000ed600000, 0x00000000ed600000, 0x00000000ed700000|  0%| F|  |TAMS 0x00000000ed600000| PB 0x00000000ed600000| Untracked 
| 727|0x00000000ed700000, 0x00000000ed700000, 0x00000000ed800000|  0%| F|  |TAMS 0x00000000ed700000| PB 0x00000000ed700000| Untracked 
| 728|0x00000000ed800000, 0x00000000ed800000, 0x00000000ed900000|  0%| F|  |TAMS 0x00000000ed800000| PB 0x00000000ed800000| Untracked 
| 729|0x00000000ed900000, 0x00000000ed900000, 0x00000000eda00000|  0%| F|  |TAMS 0x00000000ed900000| PB 0x00000000ed900000| Untracked 
| 730|0x00000000eda00000, 0x00000000eda00000, 0x00000000edb00000|  0%| F|  |TAMS 0x00000000eda00000| PB 0x00000000eda00000| Untracked 
| 731|0x00000000edb00000, 0x00000000edb00000, 0x00000000edc00000|  0%| F|  |TAMS 0x00000000edb00000| PB 0x00000000edb00000| Untracked 
| 732|0x00000000edc00000, 0x00000000edc00000, 0x00000000edd00000|  0%| F|  |TAMS 0x00000000edc00000| PB 0x00000000edc00000| Untracked 
| 733|0x00000000edd00000, 0x00000000edd00000, 0x00000000ede00000|  0%| F|  |TAMS 0x00000000edd00000| PB 0x00000000edd00000| Untracked 
| 734|0x00000000ede00000, 0x00000000ede00000, 0x00000000edf00000|  0%| F|  |TAMS 0x00000000ede00000| PB 0x00000000ede00000| Untracked 
| 735|0x00000000edf00000, 0x00000000edf00000, 0x00000000ee000000|  0%| F|  |TAMS 0x00000000edf00000| PB 0x00000000edf00000| Untracked 
| 736|0x00000000ee000000, 0x00000000ee000000, 0x00000000ee100000|  0%| F|  |TAMS 0x00000000ee000000| PB 0x00000000ee000000| Untracked 
| 737|0x00000000ee100000, 0x00000000ee100000, 0x00000000ee200000|  0%| F|  |TAMS 0x00000000ee100000| PB 0x00000000ee100000| Untracked 
| 738|0x00000000ee200000, 0x00000000ee200000, 0x00000000ee300000|  0%| F|  |TAMS 0x00000000ee200000| PB 0x00000000ee200000| Untracked 
| 739|0x00000000ee300000, 0x00000000ee300000, 0x00000000ee400000|  0%| F|  |TAMS 0x00000000ee300000| PB 0x00000000ee300000| Untracked 
| 740|0x00000000ee400000, 0x00000000ee400000, 0x00000000ee500000|  0%| F|  |TAMS 0x00000000ee400000| PB 0x00000000ee400000| Untracked 
| 741|0x00000000ee500000, 0x00000000ee500000, 0x00000000ee600000|  0%| F|  |TAMS 0x00000000ee500000| PB 0x00000000ee500000| Untracked 
| 742|0x00000000ee600000, 0x00000000ee600000, 0x00000000ee700000|  0%| F|  |TAMS 0x00000000ee600000| PB 0x00000000ee600000| Untracked 
| 743|0x00000000ee700000, 0x00000000ee700000, 0x00000000ee800000|  0%| F|  |TAMS 0x00000000ee700000| PB 0x00000000ee700000| Untracked 
| 744|0x00000000ee800000, 0x00000000ee800000, 0x00000000ee900000|  0%| F|  |TAMS 0x00000000ee800000| PB 0x00000000ee800000| Untracked 
| 745|0x00000000ee900000, 0x00000000ee900000, 0x00000000eea00000|  0%| F|  |TAMS 0x00000000ee900000| PB 0x00000000ee900000| Untracked 
| 746|0x00000000eea00000, 0x00000000eea00000, 0x00000000eeb00000|  0%| F|  |TAMS 0x00000000eea00000| PB 0x00000000eea00000| Untracked 
| 747|0x00000000eeb00000, 0x00000000eeb00000, 0x00000000eec00000|  0%| F|  |TAMS 0x00000000eeb00000| PB 0x00000000eeb00000| Untracked 
| 748|0x00000000eec00000, 0x00000000eec00000, 0x00000000eed00000|  0%| F|  |TAMS 0x00000000eec00000| PB 0x00000000eec00000| Untracked 
| 749|0x00000000eed00000, 0x00000000eed00000, 0x00000000eee00000|  0%| F|  |TAMS 0x00000000eed00000| PB 0x00000000eed00000| Untracked 
| 750|0x00000000eee00000, 0x00000000eee00000, 0x00000000eef00000|  0%| F|  |TAMS 0x00000000eee00000| PB 0x00000000eee00000| Untracked 
| 751|0x00000000eef00000, 0x00000000eef00000, 0x00000000ef000000|  0%| F|  |TAMS 0x00000000eef00000| PB 0x00000000eef00000| Untracked 
| 752|0x00000000ef000000, 0x00000000ef000000, 0x00000000ef100000|  0%| F|  |TAMS 0x00000000ef000000| PB 0x00000000ef000000| Untracked 
| 753|0x00000000ef100000, 0x00000000ef100000, 0x00000000ef200000|  0%| F|  |TAMS 0x00000000ef100000| PB 0x00000000ef100000| Untracked 
| 754|0x00000000ef200000, 0x00000000ef200000, 0x00000000ef300000|  0%| F|  |TAMS 0x00000000ef200000| PB 0x00000000ef200000| Untracked 
| 755|0x00000000ef300000, 0x00000000ef300000, 0x00000000ef400000|  0%| F|  |TAMS 0x00000000ef300000| PB 0x00000000ef300000| Untracked 
| 756|0x00000000ef400000, 0x00000000ef4b7850, 0x00000000ef500000| 71%| E|  |TAMS 0x00000000ef400000| PB 0x00000000ef400000| Complete 
| 757|0x00000000ef500000, 0x00000000ef600000, 0x00000000ef600000|100%| E|CS|TAMS 0x00000000ef500000| PB 0x00000000ef500000| Complete 
| 758|0x00000000ef600000, 0x00000000ef700000, 0x00000000ef700000|100%| E|CS|TAMS 0x00000000ef600000| PB 0x00000000ef600000| Complete 
| 759|0x00000000ef700000, 0x00000000ef800000, 0x00000000ef800000|100%| E|CS|TAMS 0x00000000ef700000| PB 0x00000000ef700000| Complete 
| 760|0x00000000ef800000, 0x00000000ef900000, 0x00000000ef900000|100%| E|CS|TAMS 0x00000000ef800000| PB 0x00000000ef800000| Complete 
| 761|0x00000000ef900000, 0x00000000efa00000, 0x00000000efa00000|100%| E|CS|TAMS 0x00000000ef900000| PB 0x00000000ef900000| Complete 
| 762|0x00000000efa00000, 0x00000000efb00000, 0x00000000efb00000|100%| E|  |TAMS 0x00000000efa00000| PB 0x00000000efa00000| Complete 
| 763|0x00000000efb00000, 0x00000000efc00000, 0x00000000efc00000|100%| E|CS|TAMS 0x00000000efb00000| PB 0x00000000efb00000| Complete 
| 764|0x00000000efc00000, 0x00000000efd00000, 0x00000000efd00000|100%| E|CS|TAMS 0x00000000efc00000| PB 0x00000000efc00000| Complete 
| 765|0x00000000efd00000, 0x00000000efe00000, 0x00000000efe00000|100%| E|CS|TAMS 0x00000000efd00000| PB 0x00000000efd00000| Complete 
| 766|0x00000000efe00000, 0x00000000eff00000, 0x00000000eff00000|100%| E|CS|TAMS 0x00000000efe00000| PB 0x00000000efe00000| Complete 
| 767|0x00000000eff00000, 0x00000000f0000000, 0x00000000f0000000|100%| E|CS|TAMS 0x00000000eff00000| PB 0x00000000eff00000| Complete 
| 768|0x00000000f0000000, 0x00000000f0100000, 0x00000000f0100000|100%| E|CS|TAMS 0x00000000f0000000| PB 0x00000000f0000000| Complete 
| 769|0x00000000f0100000, 0x00000000f0200000, 0x00000000f0200000|100%| E|CS|TAMS 0x00000000f0100000| PB 0x00000000f0100000| Complete 
| 770|0x00000000f0200000, 0x00000000f0300000, 0x00000000f0300000|100%| E|CS|TAMS 0x00000000f0200000| PB 0x00000000f0200000| Complete 
| 771|0x00000000f0300000, 0x00000000f0400000, 0x00000000f0400000|100%| E|CS|TAMS 0x00000000f0300000| PB 0x00000000f0300000| Complete 
| 772|0x00000000f0400000, 0x00000000f0500000, 0x00000000f0500000|100%| E|CS|TAMS 0x00000000f0400000| PB 0x00000000f0400000| Complete 
| 773|0x00000000f0500000, 0x00000000f0600000, 0x00000000f0600000|100%| E|CS|TAMS 0x00000000f0500000| PB 0x00000000f0500000| Complete 
| 774|0x00000000f0600000, 0x00000000f0700000, 0x00000000f0700000|100%| E|CS|TAMS 0x00000000f0600000| PB 0x00000000f0600000| Complete 
| 775|0x00000000f0700000, 0x00000000f0800000, 0x00000000f0800000|100%| E|CS|TAMS 0x00000000f0700000| PB 0x00000000f0700000| Complete 
| 776|0x00000000f0800000, 0x00000000f0900000, 0x00000000f0900000|100%| E|CS|TAMS 0x00000000f0800000| PB 0x00000000f0800000| Complete 
| 777|0x00000000f0900000, 0x00000000f0a00000, 0x00000000f0a00000|100%| E|CS|TAMS 0x00000000f0900000| PB 0x00000000f0900000| Complete 
| 778|0x00000000f0a00000, 0x00000000f0b00000, 0x00000000f0b00000|100%| E|CS|TAMS 0x00000000f0a00000| PB 0x00000000f0a00000| Complete 
| 779|0x00000000f0b00000, 0x00000000f0c00000, 0x00000000f0c00000|100%| E|CS|TAMS 0x00000000f0b00000| PB 0x00000000f0b00000| Complete 
| 780|0x00000000f0c00000, 0x00000000f0d00000, 0x00000000f0d00000|100%| E|CS|TAMS 0x00000000f0c00000| PB 0x00000000f0c00000| Complete 
| 781|0x00000000f0d00000, 0x00000000f0e00000, 0x00000000f0e00000|100%| E|CS|TAMS 0x00000000f0d00000| PB 0x00000000f0d00000| Complete 
| 782|0x00000000f0e00000, 0x00000000f0f00000, 0x00000000f0f00000|100%| E|CS|TAMS 0x00000000f0e00000| PB 0x00000000f0e00000| Complete 
| 783|0x00000000f0f00000, 0x00000000f1000000, 0x00000000f1000000|100%| E|CS|TAMS 0x00000000f0f00000| PB 0x00000000f0f00000| Complete 
| 784|0x00000000f1000000, 0x00000000f1100000, 0x00000000f1100000|100%| E|CS|TAMS 0x00000000f1000000| PB 0x00000000f1000000| Complete 
| 785|0x00000000f1100000, 0x00000000f1200000, 0x00000000f1200000|100%| E|CS|TAMS 0x00000000f1100000| PB 0x00000000f1100000| Complete 
| 786|0x00000000f1200000, 0x00000000f1300000, 0x00000000f1300000|100%| E|CS|TAMS 0x00000000f1200000| PB 0x00000000f1200000| Complete 
| 787|0x00000000f1300000, 0x00000000f1400000, 0x00000000f1400000|100%| E|CS|TAMS 0x00000000f1300000| PB 0x00000000f1300000| Complete 
| 788|0x00000000f1400000, 0x00000000f1500000, 0x00000000f1500000|100%| E|CS|TAMS 0x00000000f1400000| PB 0x00000000f1400000| Complete 
| 789|0x00000000f1500000, 0x00000000f1600000, 0x00000000f1600000|100%| E|CS|TAMS 0x00000000f1500000| PB 0x00000000f1500000| Complete 
| 790|0x00000000f1600000, 0x00000000f1700000, 0x00000000f1700000|100%| E|CS|TAMS 0x00000000f1600000| PB 0x00000000f1600000| Complete 
| 791|0x00000000f1700000, 0x00000000f1800000, 0x00000000f1800000|100%| E|CS|TAMS 0x00000000f1700000| PB 0x00000000f1700000| Complete 
| 792|0x00000000f1800000, 0x00000000f1900000, 0x00000000f1900000|100%| E|CS|TAMS 0x00000000f1800000| PB 0x00000000f1800000| Complete 
| 793|0x00000000f1900000, 0x00000000f1a00000, 0x00000000f1a00000|100%| E|CS|TAMS 0x00000000f1900000| PB 0x00000000f1900000| Complete 
| 794|0x00000000f1a00000, 0x00000000f1b00000, 0x00000000f1b00000|100%| E|CS|TAMS 0x00000000f1a00000| PB 0x00000000f1a00000| Complete 
| 795|0x00000000f1b00000, 0x00000000f1c00000, 0x00000000f1c00000|100%| E|CS|TAMS 0x00000000f1b00000| PB 0x00000000f1b00000| Complete 
| 796|0x00000000f1c00000, 0x00000000f1d00000, 0x00000000f1d00000|100%| E|CS|TAMS 0x00000000f1c00000| PB 0x00000000f1c00000| Complete 
| 797|0x00000000f1d00000, 0x00000000f1e00000, 0x00000000f1e00000|100%| E|CS|TAMS 0x00000000f1d00000| PB 0x00000000f1d00000| Complete 
| 798|0x00000000f1e00000, 0x00000000f1f00000, 0x00000000f1f00000|100%| E|CS|TAMS 0x00000000f1e00000| PB 0x00000000f1e00000| Complete 
| 799|0x00000000f1f00000, 0x00000000f2000000, 0x00000000f2000000|100%| E|CS|TAMS 0x00000000f1f00000| PB 0x00000000f1f00000| Complete 
| 800|0x00000000f2000000, 0x00000000f2100000, 0x00000000f2100000|100%| E|CS|TAMS 0x00000000f2000000| PB 0x00000000f2000000| Complete 
| 801|0x00000000f2100000, 0x00000000f2200000, 0x00000000f2200000|100%| E|CS|TAMS 0x00000000f2100000| PB 0x00000000f2100000| Complete 
| 802|0x00000000f2200000, 0x00000000f2300000, 0x00000000f2300000|100%| E|CS|TAMS 0x00000000f2200000| PB 0x00000000f2200000| Complete 
| 803|0x00000000f2300000, 0x00000000f2400000, 0x00000000f2400000|100%| E|CS|TAMS 0x00000000f2300000| PB 0x00000000f2300000| Complete 
| 804|0x00000000f2400000, 0x00000000f2500000, 0x00000000f2500000|100%| E|CS|TAMS 0x00000000f2400000| PB 0x00000000f2400000| Complete 
| 805|0x00000000f2500000, 0x00000000f2600000, 0x00000000f2600000|100%| E|CS|TAMS 0x00000000f2500000| PB 0x00000000f2500000| Complete 
| 806|0x00000000f2600000, 0x00000000f2700000, 0x00000000f2700000|100%| E|CS|TAMS 0x00000000f2600000| PB 0x00000000f2600000| Complete 
| 807|0x00000000f2700000, 0x00000000f2800000, 0x00000000f2800000|100%| E|CS|TAMS 0x00000000f2700000| PB 0x00000000f2700000| Complete 
| 808|0x00000000f2800000, 0x00000000f2900000, 0x00000000f2900000|100%| E|CS|TAMS 0x00000000f2800000| PB 0x00000000f2800000| Complete 
| 809|0x00000000f2900000, 0x00000000f2a00000, 0x00000000f2a00000|100%| E|CS|TAMS 0x00000000f2900000| PB 0x00000000f2900000| Complete 
| 810|0x00000000f2a00000, 0x00000000f2b00000, 0x00000000f2b00000|100%| E|CS|TAMS 0x00000000f2a00000| PB 0x00000000f2a00000| Complete 
| 811|0x00000000f2b00000, 0x00000000f2c00000, 0x00000000f2c00000|100%| E|CS|TAMS 0x00000000f2b00000| PB 0x00000000f2b00000| Complete 
| 812|0x00000000f2c00000, 0x00000000f2d00000, 0x00000000f2d00000|100%| E|CS|TAMS 0x00000000f2c00000| PB 0x00000000f2c00000| Complete 
| 813|0x00000000f2d00000, 0x00000000f2e00000, 0x00000000f2e00000|100%| E|CS|TAMS 0x00000000f2d00000| PB 0x00000000f2d00000| Complete 
| 814|0x00000000f2e00000, 0x00000000f2f00000, 0x00000000f2f00000|100%| E|CS|TAMS 0x00000000f2e00000| PB 0x00000000f2e00000| Complete 
| 815|0x00000000f2f00000, 0x00000000f3000000, 0x00000000f3000000|100%| E|CS|TAMS 0x00000000f2f00000| PB 0x00000000f2f00000| Complete 
| 816|0x00000000f3000000, 0x00000000f3100000, 0x00000000f3100000|100%| E|CS|TAMS 0x00000000f3000000| PB 0x00000000f3000000| Complete 
| 817|0x00000000f3100000, 0x00000000f3200000, 0x00000000f3200000|100%| E|CS|TAMS 0x00000000f3100000| PB 0x00000000f3100000| Complete 
| 818|0x00000000f3200000, 0x00000000f3300000, 0x00000000f3300000|100%| E|CS|TAMS 0x00000000f3200000| PB 0x00000000f3200000| Complete 
|1001|0x00000000fe900000, 0x00000000fea00000, 0x00000000fea00000|100%| E|CS|TAMS 0x00000000fe900000| PB 0x00000000fe900000| Complete 
|1002|0x00000000fea00000, 0x00000000feb00000, 0x00000000feb00000|100%| E|CS|TAMS 0x00000000fea00000| PB 0x00000000fea00000| Complete 
|1003|0x00000000feb00000, 0x00000000fec00000, 0x00000000fec00000|100%| E|CS|TAMS 0x00000000feb00000| PB 0x00000000feb00000| Complete 
|1004|0x00000000fec00000, 0x00000000fed00000, 0x00000000fed00000|100%| E|CS|TAMS 0x00000000fec00000| PB 0x00000000fec00000| Complete 
|1005|0x00000000fed00000, 0x00000000fee00000, 0x00000000fee00000|100%| E|CS|TAMS 0x00000000fed00000| PB 0x00000000fed00000| Complete 
|1006|0x00000000fee00000, 0x00000000fef00000, 0x00000000fef00000|100%| E|CS|TAMS 0x00000000fee00000| PB 0x00000000fee00000| Complete 
|1007|0x00000000fef00000, 0x00000000ff000000, 0x00000000ff000000|100%| E|CS|TAMS 0x00000000fef00000| PB 0x00000000fef00000| Complete 
|1008|0x00000000ff000000, 0x00000000ff100000, 0x00000000ff100000|100%| E|CS|TAMS 0x00000000ff000000| PB 0x00000000ff000000| Complete 
|1009|0x00000000ff100000, 0x00000000ff200000, 0x00000000ff200000|100%| E|CS|TAMS 0x00000000ff100000| PB 0x00000000ff100000| Complete 
|1010|0x00000000ff200000, 0x00000000ff300000, 0x00000000ff300000|100%| E|CS|TAMS 0x00000000ff200000| PB 0x00000000ff200000| Complete 
|1011|0x00000000ff300000, 0x00000000ff400000, 0x00000000ff400000|100%| E|CS|TAMS 0x00000000ff300000| PB 0x00000000ff300000| Complete 
|1012|0x00000000ff400000, 0x00000000ff500000, 0x00000000ff500000|100%| E|CS|TAMS 0x00000000ff400000| PB 0x00000000ff400000| Complete 
|1013|0x00000000ff500000, 0x00000000ff600000, 0x00000000ff600000|100%| E|CS|TAMS 0x00000000ff500000| PB 0x00000000ff500000| Complete 
|1014|0x00000000ff600000, 0x00000000ff700000, 0x00000000ff700000|100%| E|CS|TAMS 0x00000000ff600000| PB 0x00000000ff600000| Complete 
|1015|0x00000000ff700000, 0x00000000ff800000, 0x00000000ff800000|100%| E|CS|TAMS 0x00000000ff700000| PB 0x00000000ff700000| Complete 
|1016|0x00000000ff800000, 0x00000000ff900000, 0x00000000ff900000|100%| E|CS|TAMS 0x00000000ff800000| PB 0x00000000ff800000| Complete 
|1017|0x00000000ff900000, 0x00000000ffa00000, 0x00000000ffa00000|100%| O|  |TAMS 0x00000000ff900000| PB 0x00000000ff900000| Untracked 
|1018|0x00000000ffa00000, 0x00000000ffb00000, 0x00000000ffb00000|100%| O|  |TAMS 0x00000000ffa00000| PB 0x00000000ffa00000| Untracked 
|1019|0x00000000ffb00000, 0x00000000ffc00000, 0x00000000ffc00000|100%| E|CS|TAMS 0x00000000ffb00000| PB 0x00000000ffb00000| Complete 
|1020|0x00000000ffc00000, 0x00000000ffd00000, 0x00000000ffd00000|100%| O|  |TAMS 0x00000000ffc00000| PB 0x00000000ffc00000| Untracked 
|1021|0x00000000ffd00000, 0x00000000ffe00000, 0x00000000ffe00000|100%| O|  |TAMS 0x00000000ffd00000| PB 0x00000000ffd00000| Untracked 
|1022|0x00000000ffe00000, 0x00000000fff00000, 0x00000000fff00000|100%| O|  |TAMS 0x00000000ffe00000| PB 0x00000000ffe00000| Untracked 
|1023|0x00000000fff00000, 0x0000000100000000, 0x0000000100000000|100%| O|  |TAMS 0x00000000fff00000| PB 0x00000000fff00000| Untracked 

Card table byte_map: [0x000001e979240000,0x000001e979440000] _byte_map_base: 0x000001e978c40000

Marking Bits: (CMBitMap*) 0x000001e978fada40
 Bits: [0x000001e979440000, 0x000001e97a440000)

Polling page: 0x000001e976db0000

Metaspace:

Usage:
  Non-class:    109.79 MB used.
      Class:     17.05 MB used.
       Both:    126.84 MB used.

Virtual space:
  Non-class space:      128.00 MB reserved,     111.00 MB ( 87%) committed,  2 nodes.
      Class space:      416.00 MB reserved,      18.31 MB (  4%) committed,  1 nodes.
             Both:      544.00 MB reserved,     129.31 MB ( 24%) committed. 

Chunk freelists:
   Non-Class:  880.00 KB
       Class:  13.60 MB
        Both:  14.46 MB

MaxMetaspaceSize: 512.00 MB
CompressedClassSpaceSize: 416.00 MB
Initial GC threshold: 21.00 MB
Current GC threshold: 215.31 MB
CDS: on
 - commit_granule_bytes: 65536.
 - commit_granule_words: 8192.
 - virtual_space_node_default_size: 8388608.
 - enlarge_chunks_in_place: 1.
 - use_allocation_guard: 0.


Internal statistics:

num_allocs_failed_limit: 6.
num_arena_births: 4644.
num_arena_deaths: 6.
num_vsnodes_births: 3.
num_vsnodes_deaths: 0.
num_space_committed: 2067.
num_space_uncommitted: 0.
num_chunks_returned_to_freelist: 15.
num_chunks_taken_from_freelist: 10607.
num_chunk_merges: 9.
num_chunk_splits: 6958.
num_chunks_enlarged: 4415.
num_inconsistent_stats: 0.

CodeHeap 'non-profiled nmethods': size=120000Kb used=14709Kb max_used=15660Kb free=105290Kb
 bounds [0x000001e910100000, 0x000001e911050000, 0x000001e917630000]
CodeHeap 'profiled nmethods': size=120000Kb used=18222Kb max_used=35999Kb free=101777Kb
 bounds [0x000001e908630000, 0x000001e90a960000, 0x000001e90fb60000]
CodeHeap 'non-nmethods': size=5760Kb used=2547Kb max_used=2620Kb free=3212Kb
 bounds [0x000001e90fb60000, 0x000001e90fe00000, 0x000001e910100000]
 total_blobs=10905 nmethods=9947 adapters=859
 compilation: enabled
              stopped_count=0, restarted_count=0
 full_count=0

Compilation events (20 events):
Event: 219.862 Thread 0x000001e917775530 26813       3       com.android.tools.r8.internal.eq1::a (76 bytes)
Event: 219.868 Thread 0x000001e917775530 nmethod 26813 0x000001e909315690 code [0x000001e9093158a0, 0x000001e909316038]
Event: 219.868 Thread 0x000001e917775530 26817       2       com.android.tools.r8.graph.d6$$Lambda/0x000001e91a21c840::accept (12 bytes)
Event: 219.869 Thread 0x000001e917775530 nmethod 26817 0x000001e908869810 code [0x000001e9088699c0, 0x000001e908869b30]
Event: 219.869 Thread 0x000001e917775530 26818       2       com.android.tools.r8.graph.d6::a (6 bytes)
Event: 219.869 Thread 0x000001e917775530 nmethod 26818 0x000001e90893a490 code [0x000001e90893a640, 0x000001e90893a750]
Event: 219.876 Thread 0x000001e917775530 26826       3       com.android.tools.r8.graph.q1::a (13 bytes)
Event: 219.877 Thread 0x000001e917775530 nmethod 26826 0x000001e908939d10 code [0x000001e908939ee0, 0x000001e90893a238]
Event: 219.883 Thread 0x000001e917775530 26828       3       com.android.tools.r8.graph.q1::equals (50 bytes)
Event: 219.883 Thread 0x000001e917775530 nmethod 26828 0x000001e90a8dea90 code [0x000001e90a8dec80, 0x000001e90a8df108]
Event: 219.889 Thread 0x000001e917775530 26830       3       com.android.tools.r8.graph.t1::c (26 bytes)
Event: 219.890 Thread 0x000001e917775530 nmethod 26830 0x000001e90878cd90 code [0x000001e90878cf60, 0x000001e90878d2e8]
Event: 219.890 Thread 0x000001e917775530 26831       3       com.android.tools.r8.graph.d3::equals (53 bytes)
Event: 219.890 Thread 0x000001e917775530 nmethod 26831 0x000001e908878a10 code [0x000001e908878c40, 0x000001e908879498]
Event: 219.890 Thread 0x000001e917775530 26832       3       com.android.tools.r8.graph.s1::equals (53 bytes)
Event: 219.891 Thread 0x000001e917775530 nmethod 26832 0x000001e90a8e0010 code [0x000001e90a8e0220, 0x000001e90a8e0868]
Event: 220.079 Thread 0x000001e917775530 26839       3       com.android.tools.r8.graph.m2::a (10 bytes)
Event: 220.081 Thread 0x000001e917775530 nmethod 26839 0x000001e909313c10 code [0x000001e909313e40, 0x000001e909314670]
Event: 220.089 Thread 0x000001e917775530 26841       1       com.android.tools.r8.graph.p2::n0 (3 bytes)
Event: 220.089 Thread 0x000001e917775530 nmethod 26841 0x000001e91073d510 code [0x000001e91073d6a0, 0x000001e91073d768]

GC Heap History (20 events):
Event: 210.537 GC heap before
{Heap before GC invocations=141 (full 0):
 garbage-first heap   total 534528K, used 256811K [0x00000000c0000000, 0x0000000100000000)
  region size 1024K, 32 young (32768K), 6 survivors (6144K)
 Metaspace       used 129164K, committed 131712K, reserved 557056K
  class space    used 17402K, committed 18688K, reserved 425984K
}
Event: 210.545 GC heap after
{Heap after GC invocations=142 (full 0):
 garbage-first heap   total 534528K, used 219710K [0x00000000c0000000, 0x0000000100000000)
  region size 1024K, 16 young (16384K), 16 survivors (16384K)
 Metaspace       used 129164K, committed 131712K, reserved 557056K
  class space    used 17402K, committed 18688K, reserved 425984K
}
Event: 211.918 GC heap before
{Heap before GC invocations=142 (full 0):
 garbage-first heap   total 534528K, used 406078K [0x00000000c0000000, 0x0000000100000000)
  region size 1024K, 152 young (155648K), 16 survivors (16384K)
 Metaspace       used 129618K, committed 132160K, reserved 557056K
  class space    used 17451K, committed 18752K, reserved 425984K
}
Event: 212.032 GC heap after
{Heap after GC invocations=143 (full 0):
 garbage-first heap   total 534528K, used 286720K [0x00000000c0000000, 0x0000000100000000)
  region size 1024K, 19 young (19456K), 19 survivors (19456K)
 Metaspace       used 129618K, committed 132160K, reserved 557056K
  class space    used 17451K, committed 18752K, reserved 425984K
}
Event: 212.356 GC heap before
{Heap before GC invocations=143 (full 0):
 garbage-first heap   total 534528K, used 399360K [0x00000000c0000000, 0x0000000100000000)
  region size 1024K, 130 young (133120K), 19 survivors (19456K)
 Metaspace       used 129661K, committed 132224K, reserved 557056K
  class space    used 17452K, committed 18752K, reserved 425984K
}
Event: 212.481 GC heap after
{Heap after GC invocations=144 (full 0):
 garbage-first heap   total 534528K, used 346112K [0x00000000c0000000, 0x0000000100000000)
  region size 1024K, 17 young (17408K), 17 survivors (17408K)
 Metaspace       used 129661K, committed 132224K, reserved 557056K
  class space    used 17452K, committed 18752K, reserved 425984K
}
Event: 212.682 GC heap before
{Heap before GC invocations=144 (full 0):
 garbage-first heap   total 534528K, used 430080K [0x00000000c0000000, 0x0000000100000000)
  region size 1024K, 100 young (102400K), 17 survivors (17408K)
 Metaspace       used 129664K, committed 132224K, reserved 557056K
  class space    used 17452K, committed 18752K, reserved 425984K
}
Event: 212.771 GC heap after
{Heap after GC invocations=145 (full 0):
 garbage-first heap   total 534528K, used 390144K [0x00000000c0000000, 0x0000000100000000)
  region size 1024K, 13 young (13312K), 13 survivors (13312K)
 Metaspace       used 129664K, committed 132224K, reserved 557056K
  class space    used 17452K, committed 18752K, reserved 425984K
}
Event: 213.136 GC heap before
{Heap before GC invocations=145 (full 0):
 garbage-first heap   total 534528K, used 454656K [0x00000000c0000000, 0x0000000100000000)
  region size 1024K, 76 young (77824K), 13 survivors (13312K)
 Metaspace       used 129664K, committed 132224K, reserved 557056K
  class space    used 17452K, committed 18752K, reserved 425984K
}
Event: 213.190 GC heap after
{Heap after GC invocations=146 (full 0):
 garbage-first heap   total 534528K, used 422912K [0x00000000c0000000, 0x0000000100000000)
  region size 1024K, 10 young (10240K), 10 survivors (10240K)
 Metaspace       used 129664K, committed 132224K, reserved 557056K
  class space    used 17452K, committed 18752K, reserved 425984K
}
Event: 213.967 GC heap before
{Heap before GC invocations=146 (full 0):
 garbage-first heap   total 534528K, used 479232K [0x00000000c0000000, 0x0000000100000000)
  region size 1024K, 59 young (60416K), 10 survivors (10240K)
 Metaspace       used 129723K, committed 132224K, reserved 557056K
  class space    used 17455K, committed 18752K, reserved 425984K
}
Event: 213.998 GC heap after
{Heap after GC invocations=147 (full 0):
 garbage-first heap   total 534528K, used 449536K [0x00000000c0000000, 0x0000000100000000)
  region size 1024K, 8 young (8192K), 8 survivors (8192K)
 Metaspace       used 129723K, committed 132224K, reserved 557056K
  class space    used 17455K, committed 18752K, reserved 425984K
}
Event: 214.181 GC heap before
{Heap before GC invocations=147 (full 0):
 garbage-first heap   total 534528K, used 487424K [0x00000000c0000000, 0x0000000100000000)
  region size 1024K, 46 young (47104K), 8 survivors (8192K)
 Metaspace       used 129781K, committed 132288K, reserved 557056K
  class space    used 17456K, committed 18752K, reserved 425984K
}
Event: 214.193 GC heap after
{Heap after GC invocations=148 (full 0):
 garbage-first heap   total 534528K, used 455034K [0x00000000c0000000, 0x0000000100000000)
  region size 1024K, 5 young (5120K), 5 survivors (5120K)
 Metaspace       used 129781K, committed 132288K, reserved 557056K
  class space    used 17456K, committed 18752K, reserved 425984K
}
Event: 214.441 GC heap before
{Heap before GC invocations=148 (full 0):
 garbage-first heap   total 534528K, used 494970K [0x00000000c0000000, 0x0000000100000000)
  region size 1024K, 43 young (44032K), 5 survivors (5120K)
 Metaspace       used 129783K, committed 132288K, reserved 557056K
  class space    used 17456K, committed 18752K, reserved 425984K
}
Event: 214.453 GC heap after
{Heap after GC invocations=149 (full 0):
 garbage-first heap   total 534528K, used 462848K [0x00000000c0000000, 0x0000000100000000)
  region size 1024K, 6 young (6144K), 6 survivors (6144K)
 Metaspace       used 129783K, committed 132288K, reserved 557056K
  class space    used 17456K, committed 18752K, reserved 425984K
}
Event: 215.495 GC heap before
{Heap before GC invocations=149 (full 0):
 garbage-first heap   total 737280K, used 472064K [0x00000000c0000000, 0x0000000100000000)
  region size 1024K, 36 young (36864K), 6 survivors (6144K)
 Metaspace       used 129787K, committed 132288K, reserved 557056K
  class space    used 17455K, committed 18752K, reserved 425984K
}
Event: 215.529 GC heap after
{Heap after GC invocations=150 (full 0):
 garbage-first heap   total 862208K, used 448512K [0x00000000c0000000, 0x0000000100000000)
  region size 1024K, 5 young (5120K), 5 survivors (5120K)
 Metaspace       used 129787K, committed 132288K, reserved 557056K
  class space    used 17455K, committed 18752K, reserved 425984K
}
Event: 218.248 GC heap before
{Heap before GC invocations=150 (full 0):
 garbage-first heap   total 862208K, used 661504K [0x00000000c0000000, 0x0000000100000000)
  region size 1024K, 191 young (195584K), 5 survivors (5120K)
 Metaspace       used 129798K, committed 132352K, reserved 557056K
  class space    used 17455K, committed 18752K, reserved 425984K
}
Event: 218.395 GC heap after
{Heap after GC invocations=151 (full 0):
 garbage-first heap   total 862208K, used 478336K [0x00000000c0000000, 0x0000000100000000)
  region size 1024K, 17 young (17408K), 17 survivors (17408K)
 Metaspace       used 129798K, committed 132352K, reserved 557056K
  class space    used 17455K, committed 18752K, reserved 425984K
}

Dll operation events (16 events):
Event: 0.012 Loaded shared library C:\Users\DELL\.gradle\jdks\eclipse_adoptium-21-amd64-windows.2\bin\java.dll
Event: 0.049 Loaded shared library C:\Users\DELL\.gradle\jdks\eclipse_adoptium-21-amd64-windows.2\bin\jsvml.dll
Event: 0.098 Loaded shared library C:\Users\DELL\.gradle\jdks\eclipse_adoptium-21-amd64-windows.2\bin\zip.dll
Event: 0.102 Loaded shared library C:\Users\DELL\.gradle\jdks\eclipse_adoptium-21-amd64-windows.2\bin\instrument.dll
Event: 0.109 Loaded shared library C:\Users\DELL\.gradle\jdks\eclipse_adoptium-21-amd64-windows.2\bin\net.dll
Event: 0.111 Loaded shared library C:\Users\DELL\.gradle\jdks\eclipse_adoptium-21-amd64-windows.2\bin\nio.dll
Event: 0.115 Loaded shared library C:\Users\DELL\.gradle\jdks\eclipse_adoptium-21-amd64-windows.2\bin\zip.dll
Event: 0.426 Loaded shared library C:\Users\DELL\.gradle\jdks\eclipse_adoptium-21-amd64-windows.2\bin\jimage.dll
Event: 0.754 Loaded shared library C:\Users\DELL\.gradle\jdks\eclipse_adoptium-21-amd64-windows.2\bin\verify.dll
Event: 0.812 Loaded shared library C:\Users\DELL\.gradle\native\660c5614fbf4a5f2a75b1949f50a0caf5cd603558e7d8a26e50b933a0cfb79d1\windows-amd64\native-platform.dll
Event: 0.839 Loaded shared library C:\Users\DELL\.gradle\native\0.2.8\x86_64-windows-gnu\gradle-fileevents.dll
Event: 2.227 Loaded shared library C:\Users\DELL\.gradle\jdks\eclipse_adoptium-21-amd64-windows.2\bin\management.dll
Event: 2.234 Loaded shared library C:\Users\DELL\.gradle\jdks\eclipse_adoptium-21-amd64-windows.2\bin\management_ext.dll
Event: 2.423 Loaded shared library C:\Users\DELL\.gradle\jdks\eclipse_adoptium-21-amd64-windows.2\bin\extnet.dll
Event: 2.734 Loaded shared library C:\Users\DELL\.gradle\jdks\eclipse_adoptium-21-amd64-windows.2\bin\sunmscapi.dll
Event: 62.129 Loaded shared library C:\Users\DELL\.gradle\jdks\eclipse_adoptium-21-amd64-windows.2\bin\rmi.dll

Deoptimization events (20 events):
Event: 219.568 Thread 0x000001e93918e060 Uncommon trap: trap_request=0xffffff45 fr.pc=0x000001e910a3c7b4 relative=0x0000000000000574
Event: 219.568 Thread 0x000001e93918e060 Uncommon trap: reason=unstable_if action=reinterpret pc=0x000001e910a3c7b4 method=java.util.LinkedList$ListItr.remove()V @ 47 c2
Event: 219.568 Thread 0x000001e93918e060 DEOPT PACKING pc=0x000001e910a3c7b4 sp=0x0000007e7cffe780
Event: 219.568 Thread 0x000001e93918e060 DEOPT UNPACKING pc=0x000001e90fbb7da2 sp=0x0000007e7cffe728 mode 2
Event: 219.874 Thread 0x000001e93918c620 Uncommon trap: trap_request=0xffffff45 fr.pc=0x000001e91091c7e8 relative=0x0000000000000688
Event: 219.875 Thread 0x000001e93918c620 Uncommon trap: reason=unstable_if action=reinterpret pc=0x000001e91091c7e8 method=com.android.tools.r8.graph.s1.equals(Ljava/lang/Object;)Z @ 30 c2
Event: 219.875 Thread 0x000001e93918c620 DEOPT PACKING pc=0x000001e91091c7e8 sp=0x0000007e7cdfe730
Event: 219.875 Thread 0x000001e93918c620 DEOPT UNPACKING pc=0x000001e90fbb7da2 sp=0x0000007e7cdfe440 mode 2
Event: 219.882 Thread 0x000001e93918c620 Uncommon trap: trap_request=0xffffff45 fr.pc=0x000001e9106330b4 relative=0x0000000000000354
Event: 219.882 Thread 0x000001e93918c620 Uncommon trap: reason=unstable_if action=reinterpret pc=0x000001e9106330b4 method=com.android.tools.r8.graph.s1.equals(Ljava/lang/Object;)Z @ 30 c2
Event: 219.882 Thread 0x000001e93918c620 DEOPT PACKING pc=0x000001e9106330b4 sp=0x0000007e7cdfe640
Event: 219.882 Thread 0x000001e93918c620 DEOPT UNPACKING pc=0x000001e90fbb7da2 sp=0x0000007e7cdfe430 mode 2
Event: 219.888 Thread 0x000001e93918c620 Uncommon trap: trap_request=0xffffff45 fr.pc=0x000001e91042e118 relative=0x0000000000000338
Event: 219.888 Thread 0x000001e93918c620 Uncommon trap: reason=unstable_if action=reinterpret pc=0x000001e91042e118 method=com.android.tools.r8.graph.s1.equals(Ljava/lang/Object;)Z @ 30 c2
Event: 219.888 Thread 0x000001e93918c620 DEOPT PACKING pc=0x000001e91042e118 sp=0x0000007e7cdfe6c0
Event: 219.889 Thread 0x000001e93918c620 DEOPT UNPACKING pc=0x000001e90fbb7da2 sp=0x0000007e7cdfe518 mode 2
Event: 219.889 Thread 0x000001e93918c620 Uncommon trap: trap_request=0xffffff45 fr.pc=0x000001e910618d04 relative=0x0000000000000484
Event: 219.889 Thread 0x000001e93918c620 Uncommon trap: reason=unstable_if action=reinterpret pc=0x000001e910618d04 method=com.android.tools.r8.graph.s1.equals(Ljava/lang/Object;)Z @ 30 c2
Event: 219.889 Thread 0x000001e93918c620 DEOPT PACKING pc=0x000001e910618d04 sp=0x0000007e7cdfe740
Event: 219.889 Thread 0x000001e93918c620 DEOPT UNPACKING pc=0x000001e90fbb7da2 sp=0x0000007e7cdfe418 mode 2

Classes loaded (20 events):
Event: 147.216 Loading class java/util/WeakHashMap$HashIterator done
Event: 147.216 Loading class java/util/WeakHashMap$KeyIterator done
Event: 208.442 Loading class java/nio/file/FileTreeIterator
Event: 208.452 Loading class java/nio/file/FileTreeIterator done
Event: 210.345 Loading class java/nio/BufferUnderflowException
Event: 210.348 Loading class java/nio/BufferUnderflowException done
Event: 211.725 Loading class java/util/concurrent/ForkJoinTask$AdaptedCallable
Event: 211.746 Loading class java/util/concurrent/ForkJoinTask$AdaptedCallable done
Event: 211.847 Loading class java/nio/HeapShortBuffer
Event: 211.849 Loading class java/nio/HeapShortBuffer done
Event: 211.861 Loading class java/util/AbstractList$RandomAccessSubList
Event: 211.863 Loading class java/util/AbstractList$SubList
Event: 211.864 Loading class java/util/AbstractList$SubList done
Event: 211.864 Loading class java/util/AbstractList$RandomAccessSubList done
Event: 211.865 Loading class java/util/AbstractList$SubList$1
Event: 211.865 Loading class java/util/AbstractList$SubList$1 done
Event: 219.436 Loading class java/util/IdentityHashMap$EntryIterator
Event: 219.450 Loading class java/util/IdentityHashMap$EntryIterator done
Event: 219.538 Loading class java/util/IdentityHashMap$EntryIterator$Entry
Event: 219.551 Loading class java/util/IdentityHashMap$EntryIterator$Entry done

Classes unloaded (3 events):
Event: 214.563 Thread 0x000001e979034240 Unloading class 0x000001e91a264400 'java/lang/invoke/LambdaForm$DMH+0x000001e91a264400'
Event: 214.563 Thread 0x000001e979034240 Unloading class 0x000001e91a264000 'java/lang/invoke/LambdaForm$DMH+0x000001e91a264000'
Event: 214.563 Thread 0x000001e979034240 Unloading class 0x000001e91a264c00 'java/lang/invoke/LambdaForm$DMH+0x000001e91a264c00'

Classes redefined (0 events):
No events

Internal exceptions (20 events):
Event: 202.619 Thread 0x000001e93ab14c10 Exception <a 'sun/nio/fs/WindowsException'{0x00000000d58ce510}> (0x00000000d58ce510) 
thrown [s\src\hotspot\share\prims\jni.cpp, line 520]
Event: 202.639 Thread 0x000001e93ab14c10 Exception <a 'sun/nio/fs/WindowsException'{0x00000000d58f8b88}> (0x00000000d58f8b88) 
thrown [s\src\hotspot\share\prims\jni.cpp, line 520]
Event: 202.658 Thread 0x000001e93ab14c10 Exception <a 'sun/nio/fs/WindowsException'{0x00000000d57f2180}> (0x00000000d57f2180) 
thrown [s\src\hotspot\share\prims\jni.cpp, line 520]
Event: 202.802 Thread 0x000001e93ab14c10 Exception <a 'sun/nio/fs/WindowsException'{0x00000000d5627570}> (0x00000000d5627570) 
thrown [s\src\hotspot\share\prims\jni.cpp, line 520]
Event: 203.749 Thread 0x000001e93ab14c10 Exception <a 'sun/nio/fs/WindowsException'{0x00000000d7673018}> (0x00000000d7673018) 
thrown [s\src\hotspot\share\prims\jni.cpp, line 520]
Event: 203.789 Thread 0x000001e93ab14c10 Exception <a 'sun/nio/fs/WindowsException'{0x00000000d7694d28}> (0x00000000d7694d28) 
thrown [s\src\hotspot\share\prims\jni.cpp, line 520]
Event: 204.577 Thread 0x000001e93ab14c10 Exception <a 'sun/nio/fs/WindowsException'{0x00000000cf115da0}> (0x00000000cf115da0) 
thrown [s\src\hotspot\share\prims\jni.cpp, line 520]
Event: 204.625 Thread 0x000001e93ab14c10 Exception <a 'sun/nio/fs/WindowsException'{0x00000000cf134068}> (0x00000000cf134068) 
thrown [s\src\hotspot\share\prims\jni.cpp, line 520]
Event: 207.626 Thread 0x000001e93ab14c10 Exception <a 'sun/nio/fs/WindowsException'{0x00000000dde982d0}> (0x00000000dde982d0) 
thrown [s\src\hotspot\share\prims\jni.cpp, line 520]
Event: 207.698 Thread 0x000001e93ab14c10 Exception <a 'sun/nio/fs/WindowsException'{0x00000000ddeb6430}> (0x00000000ddeb6430) 
thrown [s\src\hotspot\share\prims\jni.cpp, line 520]
Event: 207.710 Thread 0x000001e93ab14c10 Exception <a 'sun/nio/fs/WindowsException'{0x00000000ddd5a760}> (0x00000000ddd5a760) 
thrown [s\src\hotspot\share\prims\jni.cpp, line 520]
Event: 207.758 Thread 0x000001e938e79aa0 Exception <a 'sun/nio/fs/WindowsException'{0x00000000dddd8000}> (0x00000000dddd8000) 
thrown [s\src\hotspot\share\prims\jni.cpp, line 520]
Event: 207.848 Thread 0x000001e938e79aa0 Exception <a 'sun/nio/fs/WindowsException'{0x00000000dcb36300}> (0x00000000dcb36300) 
thrown [s\src\hotspot\share\prims\jni.cpp, line 520]
Event: 211.798 Thread 0x000001e93918c620 Implicit null exception at 0x000001e910567113 to 0x000001e910568e80
Event: 211.819 Thread 0x000001e93918e060 Implicit null exception at 0x000001e9103dfe28 to 0x000001e9103dfeec
Event: 211.823 Thread 0x000001e93918bf90 Implicit null exception at 0x000001e91034d09c to 0x000001e91034d160
Event: 211.864 Thread 0x000001e93918c620 Exception <a 'java/lang/NoSuchMethodError'{0x00000000d72fdf28}: 'long java.lang.invoke.DirectMethodHandle$Holder.invokeStatic(java.lang.Object, java.lang.Object, java.lang.Object)'> (0x00000000d72fdf28) 
thrown [s\src\hotspot\share\interpreter\linkResolver.cpp, line 773]
Event: 211.866 Thread 0x000001e93918ccb0 Exception <a 'java/lang/NoSuchMethodError'{0x00000000d712b148}: 'long java.lang.invoke.DirectMethodHandle$Holder.invokeStatic(java.lang.Object, java.lang.Object, java.lang.Object)'> (0x00000000d712b148) 
thrown [s\src\hotspot\share\interpreter\linkResolver.cpp, line 773]
Event: 211.866 Thread 0x000001e93918bf90 Exception <a 'java/lang/NoSuchMethodError'{0x00000000d7019830}: 'long java.lang.invoke.DirectMethodHandle$Holder.invokeStatic(java.lang.Object, java.lang.Object, java.lang.Object)'> (0x00000000d7019830) 
thrown [s\src\hotspot\share\interpreter\linkResolver.cpp, line 773]
Event: 211.866 Thread 0x000001e93918e060 Exception <a 'java/lang/NoSuchMethodError'{0x00000000d7197e28}: 'long java.lang.invoke.DirectMethodHandle$Holder.invokeStatic(java.lang.Object, java.lang.Object, java.lang.Object)'> (0x00000000d7197e28) 
thrown [s\src\hotspot\share\interpreter\linkResolver.cpp, line 773]

ZGC Phase Switch (0 events):
No events

VM Operations (20 events):
Event: 213.135 Executing VM operation: G1CollectForAllocation (G1 Evacuation Pause)
Event: 213.190 Executing VM operation: G1CollectForAllocation (G1 Evacuation Pause) done
Event: 213.966 Executing VM operation: G1CollectForAllocation (G1 Evacuation Pause)
Event: 213.998 Executing VM operation: G1CollectForAllocation (G1 Evacuation Pause) done
Event: 214.180 Executing VM operation: G1CollectForAllocation (G1 Evacuation Pause)
Event: 214.193 Executing VM operation: G1CollectForAllocation (G1 Evacuation Pause) done
Event: 214.441 Executing VM operation: G1CollectForAllocation (G1 Evacuation Pause)
Event: 214.453 Executing VM operation: G1CollectForAllocation (G1 Evacuation Pause) done
Event: 214.562 Executing VM operation: G1PauseRemark
Event: 215.322 Executing VM operation: G1PauseRemark done
Event: 215.481 Executing VM operation: G1CollectForAllocation (G1 Evacuation Pause)
Event: 215.529 Executing VM operation: G1CollectForAllocation (G1 Evacuation Pause) done
Event: 216.530 Executing VM operation: Cleanup
Event: 216.540 Executing VM operation: Cleanup done
Event: 217.540 Executing VM operation: Cleanup
Event: 217.545 Executing VM operation: Cleanup done
Event: 218.240 Executing VM operation: G1CollectForAllocation (G1 Evacuation Pause)
Event: 218.397 Executing VM operation: G1CollectForAllocation (G1 Evacuation Pause) done
Event: 218.485 Executing VM operation: G1PauseCleanup
Event: 218.491 Executing VM operation: G1PauseCleanup done

Memory protections (0 events):
No events

Nmethod flushes (20 events):
Event: 215.298 Thread 0x000001e979034240 flushing  nmethod 0x000001e909216310
Event: 215.298 Thread 0x000001e979034240 flushing  nmethod 0x000001e9092e9b90
Event: 215.298 Thread 0x000001e979034240 flushing  nmethod 0x000001e909313c10
Event: 215.298 Thread 0x000001e979034240 flushing  nmethod 0x000001e90960f310
Event: 215.298 Thread 0x000001e979034240 flushing  nmethod 0x000001e9097d0a90
Event: 215.298 Thread 0x000001e979034240 flushing osr nmethod 0x000001e909811090
Event: 215.298 Thread 0x000001e979034240 flushing  nmethod 0x000001e909e70a10
Event: 215.299 Thread 0x000001e979034240 flushing  nmethod 0x000001e909e72d90
Event: 215.299 Thread 0x000001e979034240 flushing  nmethod 0x000001e909e87610
Event: 215.299 Thread 0x000001e979034240 flushing  nmethod 0x000001e909e94610
Event: 215.299 Thread 0x000001e979034240 flushing  nmethod 0x000001e909ea6a10
Event: 215.299 Thread 0x000001e979034240 flushing  nmethod 0x000001e909ea7a90
Event: 215.299 Thread 0x000001e979034240 flushing  nmethod 0x000001e909f48890
Event: 215.299 Thread 0x000001e979034240 flushing  nmethod 0x000001e909f6c090
Event: 215.299 Thread 0x000001e979034240 flushing  nmethod 0x000001e90a071390
Event: 215.299 Thread 0x000001e979034240 flushing  nmethod 0x000001e90a079710
Event: 215.299 Thread 0x000001e979034240 flushing  nmethod 0x000001e90a27e110
Event: 215.299 Thread 0x000001e979034240 flushing  nmethod 0x000001e90a453c10
Event: 215.299 Thread 0x000001e979034240 flushing  nmethod 0x000001e90a457690
Event: 215.299 Thread 0x000001e979034240 flushing  nmethod 0x000001e90a74ea10

Events (20 events):
Event: 46.666 Thread 0x000001e93ab14c10 Thread added: 0x000001e93ab18090
Event: 51.023 Thread 0x000001e93ab14c10 Thread added: 0x000001e93ab124b0
Event: 51.090 Thread 0x000001e93ab14c10 Thread added: 0x000001e93ab15930
Event: 53.531 Thread 0x000001e93ab14c10 Thread added: 0x000001e9179f33f0
Event: 56.506 Thread 0x000001e93ab14c10 Thread added: 0x000001e9179f82b0
Event: 62.106 Thread 0x000001e93ab15930 Thread added: 0x000001e9179f8940
Event: 62.119 Thread 0x000001e93ab15930 Thread added: 0x000001e9179faa10
Event: 62.132 Thread 0x000001e93ab15930 Thread added: 0x000001e9179f6f00
Event: 62.575 Thread 0x000001e93ab15930 Thread added: 0x000001e9179f3a80
Event: 62.576 Thread 0x000001e93ab15930 Thread added: 0x000001e9179f7590
Event: 62.846 Thread 0x000001e9179f3a80 Thread added: 0x000001e9179f7c20
Event: 101.389 Thread 0x000001e9179faa10 Thread exited: 0x000001e9179faa10
Event: 163.160 Thread 0x000001e917775530 Thread added: 0x000001e9436d0ec0
Event: 182.099 Thread 0x000001e9179f7c20 Thread exited: 0x000001e9179f7c20
Event: 190.235 Thread 0x000001e9436d0ec0 Thread exited: 0x000001e9436d0ec0
Event: 208.632 Thread 0x000001e93ab15930 Thread added: 0x000001e93918b900
Event: 211.792 Thread 0x000001e93918b900 Thread added: 0x000001e93918bf90
Event: 211.794 Thread 0x000001e93918b900 Thread added: 0x000001e93918c620
Event: 211.796 Thread 0x000001e93918bf90 Thread added: 0x000001e93918ccb0
Event: 211.796 Thread 0x000001e93918c620 Thread added: 0x000001e93918e060


Dynamic libraries:
0x00007ff722f20000 - 0x00007ff722f2e000 	C:\Users\DELL\.gradle\jdks\eclipse_adoptium-21-amd64-windows.2\bin\java.exe
0x00007fff54df0000 - 0x00007fff54fe8000 	C:\Windows\SYSTEM32\ntdll.dll
0x00007fff54c00000 - 0x00007fff54cc2000 	C:\Windows\System32\KERNEL32.DLL
0x00007fff52480000 - 0x00007fff52776000 	C:\Windows\System32\KERNELBASE.dll
0x00007fff52d10000 - 0x00007fff52e10000 	C:\Windows\System32\ucrtbase.dll
0x00007ffef5440000 - 0x00007ffef5458000 	C:\Users\DELL\.gradle\jdks\eclipse_adoptium-21-amd64-windows.2\bin\jli.dll
0x00007ffeefb40000 - 0x00007ffeefb5e000 	C:\Users\DELL\.gradle\jdks\eclipse_adoptium-21-amd64-windows.2\bin\VCRUNTIME140.dll
0x00007fff54490000 - 0x00007fff54631000 	C:\Windows\System32\USER32.dll
0x00007fff3fb90000 - 0x00007fff3fe2b000 	C:\Windows\WinSxS\amd64_microsoft.windows.common-controls_6595b64144ccf1df_6.0.19041.6456_none_60b8a6cb71f64256\COMCTL32.dll
0x00007fff52bb0000 - 0x00007fff52bd2000 	C:\Windows\System32\win32u.dll
0x00007fff53bb0000 - 0x00007fff53c4e000 	C:\Windows\System32\msvcrt.dll
0x00007fff54d80000 - 0x00007fff54dab000 	C:\Windows\System32\GDI32.dll
0x00007fff528a0000 - 0x00007fff529b9000 	C:\Windows\System32\gdi32full.dll
0x00007fff52780000 - 0x00007fff5281d000 	C:\Windows\System32\msvcp_win.dll
0x00007fff53350000 - 0x00007fff5337f000 	C:\Windows\System32\IMM32.DLL
0x00007fff19370000 - 0x00007fff1937c000 	C:\Users\DELL\.gradle\jdks\eclipse_adoptium-21-amd64-windows.2\bin\vcruntime140_1.dll
0x00007ffee7880000 - 0x00007ffee790d000 	C:\Users\DELL\.gradle\jdks\eclipse_adoptium-21-amd64-windows.2\bin\msvcp140.dll
0x00007ffed90d0000 - 0x00007ffed9e60000 	C:\Users\DELL\.gradle\jdks\eclipse_adoptium-21-amd64-windows.2\bin\server\jvm.dll
0x00007fff52f30000 - 0x00007fff52fe1000 	C:\Windows\System32\ADVAPI32.dll
0x00007fff52e10000 - 0x00007fff52eaf000 	C:\Windows\System32\sechost.dll
0x00007fff53a90000 - 0x00007fff53bb0000 	C:\Windows\System32\RPCRT4.dll
0x00007fff52ce0000 - 0x00007fff52d07000 	C:\Windows\System32\bcrypt.dll
0x00007fff53c50000 - 0x00007fff53cbb000 	C:\Windows\System32\WS2_32.dll
0x00007fff522e0000 - 0x00007fff5232b000 	C:\Windows\SYSTEM32\POWRPROF.dll
0x00007fff3c700000 - 0x00007fff3c727000 	C:\Windows\SYSTEM32\WINMM.dll
0x00007fff4f5f0000 - 0x00007fff4f5fa000 	C:\Windows\SYSTEM32\VERSION.dll
0x00007fff522c0000 - 0x00007fff522d2000 	C:\Windows\SYSTEM32\UMPDC.dll
0x00007fff50c50000 - 0x00007fff50c62000 	C:\Windows\SYSTEM32\kernel.appcore.dll
0x00007fff19220000 - 0x00007fff1922a000 	C:\Users\DELL\.gradle\jdks\eclipse_adoptium-21-amd64-windows.2\bin\jimage.dll
0x00007fff50020000 - 0x00007fff50221000 	C:\Windows\SYSTEM32\DBGHELP.DLL
0x00007fff25060000 - 0x00007fff25094000 	C:\Windows\SYSTEM32\dbgcore.DLL
0x00007fff52b20000 - 0x00007fff52ba2000 	C:\Windows\System32\bcryptPrimitives.dll
0x00007fff3cb40000 - 0x00007fff3cb4f000 	C:\Users\DELL\.gradle\jdks\eclipse_adoptium-21-amd64-windows.2\bin\instrument.dll
0x00007ffeefb20000 - 0x00007ffeefb3f000 	C:\Users\DELL\.gradle\jdks\eclipse_adoptium-21-amd64-windows.2\bin\java.dll
0x00007fff53cc0000 - 0x00007fff54430000 	C:\Windows\System32\SHELL32.dll
0x00007fff50490000 - 0x00007fff50c35000 	C:\Windows\SYSTEM32\windows.storage.dll
0x00007fff52ff0000 - 0x00007fff53344000 	C:\Windows\System32\combase.dll
0x00007fff51dd0000 - 0x00007fff51dfb000 	C:\Windows\SYSTEM32\Wldp.dll
0x00007fff53380000 - 0x00007fff5344d000 	C:\Windows\System32\OLEAUT32.dll
0x00007fff54cd0000 - 0x00007fff54d7d000 	C:\Windows\System32\SHCORE.dll
0x00007fff52ed0000 - 0x00007fff52f2b000 	C:\Windows\System32\shlwapi.dll
0x00007fff523b0000 - 0x00007fff523d4000 	C:\Windows\SYSTEM32\profapi.dll
0x00007ffee77a0000 - 0x00007ffee7877000 	C:\Users\DELL\.gradle\jdks\eclipse_adoptium-21-amd64-windows.2\bin\jsvml.dll
0x00007ffeef7a0000 - 0x00007ffeef7b8000 	C:\Users\DELL\.gradle\jdks\eclipse_adoptium-21-amd64-windows.2\bin\zip.dll
0x00007fff18800000 - 0x00007fff18810000 	C:\Users\DELL\.gradle\jdks\eclipse_adoptium-21-amd64-windows.2\bin\net.dll
0x00007fff48420000 - 0x00007fff4852a000 	C:\Windows\SYSTEM32\WINHTTP.dll
0x00007fff51ae0000 - 0x00007fff51b4a000 	C:\Windows\system32\mswsock.dll
0x00007ffeef780000 - 0x00007ffeef796000 	C:\Users\DELL\.gradle\jdks\eclipse_adoptium-21-amd64-windows.2\bin\nio.dll
0x00007fff177f0000 - 0x00007fff17800000 	C:\Users\DELL\.gradle\jdks\eclipse_adoptium-21-amd64-windows.2\bin\verify.dll
0x00007fff175b0000 - 0x00007fff175d7000 	C:\Users\DELL\.gradle\native\660c5614fbf4a5f2a75b1949f50a0caf5cd603558e7d8a26e50b933a0cfb79d1\windows-amd64\native-platform.dll
0x00007fff29c40000 - 0x00007fff29cb7000 	C:\Users\DELL\.gradle\native\0.2.8\x86_64-windows-gnu\gradle-fileevents.dll
0x00007fff17750000 - 0x00007fff1775a000 	C:\Users\DELL\.gradle\jdks\eclipse_adoptium-21-amd64-windows.2\bin\management.dll
0x00007fff15cd0000 - 0x00007fff15cdb000 	C:\Users\DELL\.gradle\jdks\eclipse_adoptium-21-amd64-windows.2\bin\management_ext.dll
0x00007fff539a0000 - 0x00007fff539a8000 	C:\Windows\System32\PSAPI.DLL
0x00007fff517d0000 - 0x00007fff5180b000 	C:\Windows\SYSTEM32\IPHLPAPI.DLL
0x00007fff54a10000 - 0x00007fff54a18000 	C:\Windows\System32\NSI.dll
0x00007fff13720000 - 0x00007fff13729000 	C:\Users\DELL\.gradle\jdks\eclipse_adoptium-21-amd64-windows.2\bin\extnet.dll
0x00007fff51c90000 - 0x00007fff51ca8000 	C:\Windows\SYSTEM32\CRYPTSP.dll
0x00007fff51410000 - 0x00007fff51448000 	C:\Windows\system32\rsaenh.dll
0x00007fff52330000 - 0x00007fff5235e000 	C:\Windows\SYSTEM32\USERENV.dll
0x00007fff51cb0000 - 0x00007fff51cbc000 	C:\Windows\SYSTEM32\CRYPTBASE.dll
0x00007fff33c90000 - 0x00007fff33c9e000 	C:\Users\DELL\.gradle\jdks\eclipse_adoptium-21-amd64-windows.2\bin\sunmscapi.dll
0x00007fff529c0000 - 0x00007fff52b1d000 	C:\Windows\System32\CRYPT32.dll
0x00007fff51e40000 - 0x00007fff51e67000 	C:\Windows\SYSTEM32\ncrypt.dll
0x00007fff51e00000 - 0x00007fff51e3b000 	C:\Windows\SYSTEM32\NTASN1.dll
0x00007fff3f450000 - 0x00007fff3f457000 	C:\Windows\system32\wshunix.dll
0x00007fff51660000 - 0x00007fff51693000 	C:\Windows\SYSTEM32\ntmarta.dll
0x00007fff298a0000 - 0x00007fff298a7000 	C:\Users\DELL\.gradle\jdks\eclipse_adoptium-21-amd64-windows.2\bin\rmi.dll

dbghelp: loaded successfully - version: 4.0.5 - missing functions: none
symbol engine: initialized successfully - sym options: 0x614 - pdb path: .;C:\Users\DELL\.gradle\jdks\eclipse_adoptium-21-amd64-windows.2\bin;C:\Windows\SYSTEM32;C:\Windows\WinSxS\amd64_microsoft.windows.common-controls_6595b64144ccf1df_6.0.19041.6456_none_60b8a6cb71f64256;C:\Users\DELL\.gradle\jdks\eclipse_adoptium-21-amd64-windows.2\bin\server;C:\Users\DELL\.gradle\native\660c5614fbf4a5f2a75b1949f50a0caf5cd603558e7d8a26e50b933a0cfb79d1\windows-amd64;C:\Users\DELL\.gradle\native\0.2.8\x86_64-windows-gnu

VM Arguments:
jvm_args: --add-opens=java.base/java.lang=ALL-UNNAMED --add-opens=java.base/java.lang.invoke=ALL-UNNAMED --add-opens=java.base/java.util=ALL-UNNAMED --add-opens=java.prefs/java.util.prefs=ALL-UNNAMED --add-exports=jdk.compiler/com.sun.tools.javac.api=ALL-UNNAMED --add-exports=jdk.compiler/com.sun.tools.javac.util=ALL-UNNAMED --add-opens=java.base/java.util=ALL-UNNAMED --add-opens=java.prefs/java.util.prefs=ALL-UNNAMED --add-opens=java.base/java.nio.charset=ALL-UNNAMED --add-opens=java.base/java.net=ALL-UNNAMED --add-opens=java.base/java.util.concurrent=ALL-UNNAMED --add-opens=java.base/java.util.concurrent.atomic=ALL-UNNAMED --add-opens=java.xml/javax.xml.namespace=ALL-UNNAMED --add-opens=java.base/java.time=ALL-UNNAMED -XX:MaxMetaspaceSize=512m -Xmx1024m -Dfile.encoding=UTF-8 -Duser.country=IN -Duser.language=en -Duser.variant -javaagent:C:\Users\DELL\.gradle\wrapper\dists\gradle-9.3.1-bin\23ovyewtku6u96viwx3xl3oks\gradle-9.3.1\lib\agents\gradle-instrumentation-agent-9.3.1.jar 
java_command: org.gradle.launcher.daemon.bootstrap.GradleDaemon 9.3.1
java_class_path (initial): C:\Users\DELL\.gradle\wrapper\dists\gradle-9.3.1-bin\23ovyewtku6u96viwx3xl3oks\gradle-9.3.1\lib\gradle-daemon-main-9.3.1.jar
Launcher Type: SUN_STANDARD

[Global flags]
     intx CICompilerCount                          = 3                                         {product} {ergonomic}
   size_t CompressedClassSpaceSize                 = 436207616                                 {product} {ergonomic}
     uint ConcGCThreads                            = 1                                         {product} {ergonomic}
     uint G1ConcRefinementThreads                  = 4                                         {product} {ergonomic}
   size_t G1HeapRegionSize                         = 1048576                                   {product} {ergonomic}
    uintx GCDrainStackTargetSize                   = 64                                        {product} {ergonomic}
   size_t InitialHeapSize                          = 65011712                                  {product} {ergonomic}
   size_t MarkStackSize                            = 4194304                                   {product} {ergonomic}
   size_t MaxHeapSize                              = 1073741824                                {product} {command line}
   size_t MaxMetaspaceSize                         = 536870912                                 {product} {command line}
   size_t MaxNewSize                               = 643825664                                 {product} {ergonomic}
   size_t MinHeapDeltaBytes                        = 1048576                                   {product} {ergonomic}
   size_t MinHeapSize                              = 8388608                                   {product} {ergonomic}
    uintx NonNMethodCodeHeapSize                   = 5832780                                {pd product} {ergonomic}
    uintx NonProfiledCodeHeapSize                  = 122912730                              {pd product} {ergonomic}
    uintx ProfiledCodeHeapSize                     = 122912730                              {pd product} {ergonomic}
    uintx ReservedCodeCacheSize                    = 251658240                              {pd product} {ergonomic}
     bool SegmentedCodeCache                       = true                                      {product} {ergonomic}
   size_t SoftMaxHeapSize                          = 1073741824                             {manageable} {ergonomic}
     bool UseCompressedOops                        = true                           {product lp64_product} {ergonomic}
     bool UseG1GC                                  = true                                      {product} {ergonomic}
     bool UseLargePagesIndividualAllocation        = false                                  {pd product} {ergonomic}

Logging:
Log output configuration:
 #0: stdout all=warning uptime,level,tags foldmultilines=false
 #1: stderr all=off uptime,level,tags foldmultilines=false

Environment Variables:
PATH=C:\Program Files\OpenLogic\jdk-22.0.2.9-hotspot\bin;C:\Windows\system32;C:\Windows;C:\Windows\System32\Wbem;C:\Windows\System32\WindowsPowerShell\v1.0\;C:\Windows\System32\OpenSSH\;C:\Program Files\dotnet\;C:\MinGW\bin;C:\Program Files\Git\cmd;C:\Users\DELL\AppData\Roaming\nvm;C:\Program Files\nodejs;C:\ProgramData\chocolatey\bin;C:\Program Files\nodejs\;C:\Users\DELL\AppData\Local\Programs\Python\Python313\Scripts;C:\Users\DELL\AppData\Local\Programs\Python\Python313\;C:\platform-tools;C:\MinGW\bin;C:\MinGW\bin;C:\Program Files\MySQL\MySQL Server 8.0\bin;C:\Users\DELL\AppData\Local\Programs\Python\Python310\Scripts\;C:\Users\DELL\AppData\Local\Programs\Python\Python310\;C:\Users\DELL\AppData\Local\Programs\Python\Python313\Scripts\;C:\Users\DELL\AppData\Local\Programs\Python\Python313\;C:\Users\DELL\AppData\Local\Programs\Python\Launcher\;C:\Users\DELL\AppData\Local\Microsoft\WindowsApps;C:\Users\DELL\AppData\Local\Programs\Microsoft VS Code\bin;C:\Users\DELL\AppData\Roaming\nvm;C:\Program Files\nodejs;C:\Users\DELL\AppData\Roaming\npm;C:\Program Files\heroku\bin;C:\Users\DELL\.dotnet\tools;C:\Users\DELL\Downloads\x64;C:\Users\DELL\AppData\Local\Programs\Python\Python310\;C:\Users\DELL\AppData\Local\Programs\Antigravity\bin
USERNAME=DELL
OS=Windows_NT
PROCESSOR_IDENTIFIER=Intel64 Family 6 Model 126 Stepping 5, GenuineIntel
TMP=C:\Users\DELL\AppData\Local\Temp
TEMP=C:\Users\DELL\AppData\Local\Temp




Periodic native trim disabled

---------------  S Y S T E M  ---------------

OS:
 Windows 10 , 64 bit Build 19041 (10.0.19041.5915)
OS uptime: 0 days 9:43 hours
Hyper-V role detected

CPU: total 4 (initial active 4) (2 cores per cpu, 2 threads per core) family 6 model 126 stepping 5 microcode 0xca, cx8, cmov, fxsr, ht, mmx, 3dnowpref, sse, sse2, sse3, ssse3, sse4.1, sse4.2, popcnt, lzcnt, tsc, tscinvbit, avx, avx2, aes, erms, clmul, bmi1, bmi2, adx, avx512f, avx512dq, avx512cd, avx512bw, avx512vl, sha, fma, vzeroupper, avx512_vpopcntdq, avx512_vpclmulqdq, avx512_vaes, avx512_vnni, clflush, clflushopt, avx512_vbmi2, avx512_vbmi, hv, rdtscp, rdpid, fsrm, gfni, avx512_bitalg, f16c, avx512_ifma
Processor Information for the first 4 processors :
  Max Mhz: 1190, Current Mhz: 1190, Mhz Limit: 1190

Memory: 4k page, system-wide physical 3862M (234M free)
TotalPageFile size 12054M (AvailPageFile size 4M)
current process WorkingSet (physical memory assigned to process): 299M, peak: 648M
current process commit charge ("private bytes"): 1259M, peak: 1276M

vm_info: OpenJDK 64-Bit Server VM (21.0.7+6-LTS) for windows-amd64 JRE (21.0.7+6-LTS), built on 2025-04-15T00:00:00Z by "admin" with MS VC++ 17.7 (VS2022)

END.
