#
# There is insufficient memory for the Java Runtime Environment to continue.
# Native memory allocation (malloc) failed to allocate 1098736 bytes. Error detail: Chunk::new
# Possible reasons:
#   The system is out of physical RAM or swap space
#   This process is running with CompressedOops enabled, and the Java Heap may be blocking the growth of the native heap
# Possible solutions:
#   Reduce memory load on the system
#   Increase physical memory or swap space
#   Check if swap backing store is full
#   Decrease Java heap size (-Xmx/-Xms)
#   Decrease number of Java threads
#   Decrease Java thread stack sizes (-Xss)
#   Set larger code cache with -XX:ReservedCodeCacheSize=
#   JVM is running with Unscaled Compressed Oops mode in which the Java heap is
#     placed in the first 4GB address space. The Java Heap base address is the
#     maximum limit for the native heap growth. Please use -XX:HeapBaseMinAddress
#     to set the Java Heap base and to place the Java Heap above 4GB virtual address.
# This output file may be truncated or incomplete.
#
#  Out of Memory Error (arena.cpp:168), pid=16072, tid=5884
#
# JRE version: OpenJDK Runtime Environment (21.0.9) (build 21.0.9+-14787801-b1163.94)
# Java VM: OpenJDK 64-Bit Server VM (21.0.9+-14787801-b1163.94, mixed mode, tiered, compressed oops, compressed class ptrs, g1 gc, windows-amd64)
# No core dump will be written. Minidumps are not enabled by default on client versions of Windows
#

---------------  S U M M A R Y ------------

Command Line: --add-opens=java.base/java.lang=ALL-UNNAMED --add-opens=java.base/java.lang.invoke=ALL-UNNAMED --add-opens=java.base/java.util=ALL-UNNAMED --add-opens=java.prefs/java.util.prefs=ALL-UNNAMED --add-exports=jdk.compiler/com.sun.tools.javac.api=ALL-UNNAMED --add-exports=jdk.compiler/com.sun.tools.javac.util=ALL-UNNAMED --add-opens=java.base/java.util=ALL-UNNAMED --add-opens=java.prefs/java.util.prefs=ALL-UNNAMED --add-opens=java.base/java.nio.charset=ALL-UNNAMED --add-opens=java.base/java.net=ALL-UNNAMED --add-opens=java.base/java.util.concurrent=ALL-UNNAMED --add-opens=java.base/java.util.concurrent.atomic=ALL-UNNAMED --add-opens=java.xml/javax.xml.namespace=ALL-UNNAMED --add-opens=java.base/java.time=ALL-UNNAMED -XX:MaxMetaspaceSize=256m -Xmx512m -Dfile.encoding=UTF-8 -Duser.country=IN -Duser.language=en -Duser.variant -javaagent:C:\Users\DELL\.gradle\wrapper\dists\gradle-9.3.1-bin\23ovyewtku6u96viwx3xl3oks\gradle-9.3.1\lib\agents\gradle-instrumentation-agent-9.3.1.jar org.gradle.launcher.daemon.bootstrap.GradleDaemon 9.3.1

Host: Intel(R) Core(TM) i3-1005G1 CPU @ 1.20GHz, 4 cores, 3G,  Windows 10 , 64 bit Build 19041 (10.0.19041.5915)
Time: Fri Mar 27 01:59:52 2026 India Standard Time elapsed time: 211.580936 seconds (0d 0h 3m 31s)

---------------  T H R E A D  ---------------

Current thread (0x000001c1e6758330):  JavaThread "C2 CompilerThread0" daemon [_thread_in_native, id=5884, stack(0x000000167ea00000,0x000000167eb00000) (1024K)]


Current CompileTask:
C2:211582 14106       4       org.gradle.cache.internal.btree.CachingBlockStore::read (56 bytes)

Stack: [0x000000167ea00000,0x000000167eb00000]
Native frames: (J=compiled Java code, j=interpreted, Vv=VM code, C=native code)
V  [jvm.dll+0x6d6c99]
V  [jvm.dll+0x866b83]
V  [jvm.dll+0x8691ae]
V  [jvm.dll+0x869893]
V  [jvm.dll+0x280776]
V  [jvm.dll+0xc07cd]
V  [jvm.dll+0xc0d03]
V  [jvm.dll+0x3b9831]
V  [jvm.dll+0x1dfac4]
V  [jvm.dll+0x2495b4]
V  [jvm.dll+0x248a31]
V  [jvm.dll+0x1c7344]
V  [jvm.dll+0x2581ae]
V  [jvm.dll+0x2566f6]
V  [jvm.dll+0x3f48a6]
V  [jvm.dll+0x80f118]
V  [jvm.dll+0x6d54ed]
C  [ucrtbase.dll+0x21bb2]
C  [KERNEL32.DLL+0x17374]
C  [ntdll.dll+0x4cc91]


---------------  P R O C E S S  ---------------

Threads class SMR info:
_java_thread_list=0x000001c1ef39ea30, length=73, elements={
0x000001c1d16d46d0, 0x000001c1e674aaf0, 0x000001c1e676e840, 0x000001c1e676f2a0,
0x000001c1e6753660, 0x000001c1e67540c0, 0x000001c1e6755b30, 0x000001c1e6756590,
0x000001c1e6758330, 0x000001c1e69105d0, 0x000001c1e6c29f60, 0x000001c1ebf3c2d0,
0x000001c1ed834240, 0x000001c1ed805f90, 0x000001c1ed638b10, 0x000001c1eda450a0,
0x000001c1eda9d140, 0x000001c1eda9bd90, 0x000001c1eda9c420, 0x000001c1eda9cab0,
0x000001c1eda9d7d0, 0x000001c1eda9de60, 0x000001c1eda9e4f0, 0x000001c1eda9b070,
0x000001c1ede3d370, 0x000001c1ede363e0, 0x000001c1ede3c650, 0x000001c1ede3cce0,
0x000001c1ede38b40, 0x000001c1ede3b2a0, 0x000001c1ede391d0, 0x000001c1ede37100,
0x000001c1ede3ac10, 0x000001c1ede3b930, 0x000001c1ede384b0, 0x000001c1ede3a580,
0x000001c1ede37790, 0x000001c1ede37e20, 0x000001c1eb49d9b0, 0x000001c1eb49ed60,
0x000001c1eb4a07a0, 0x000001c1eb49e040, 0x000001c1eb49a530, 0x000001c1eb49cc90,
0x000001c1eb49b250, 0x000001c1eb49d320, 0x000001c1f5443d70, 0x000001c1f5440f80,
0x000001c1f5444400, 0x000001c1f5445120, 0x000001c1f54429c0, 0x000001c1f5441ca0,
0x000001c1f5441610, 0x000001c1f54464d0, 0x000001c1f5447880, 0x000001c1f54457b0,
0x000001c1f5445e40, 0x000001c1f5446b60, 0x000001c1f5447f10, 0x000001c1f5443050,
0x000001c1f53e3520, 0x000001c1f53dd940, 0x000001c1f53e00a0, 0x000001c1f53e2170,
0x000001c1f53e3bb0, 0x000001c1f53e4f60, 0x000001c1f53de660, 0x000001c1f53dfa10,
0x000001c1f53e4240, 0x000001c1f53e0730, 0x000001c1f53ddfd0, 0x000001c1f53e48d0,
0x000001c1f53e0dc0
}

Java Threads: ( => current thread )
  0x000001c1d16d46d0 JavaThread "main"                              [_thread_blocked, id=3020, stack(0x000000167db00000,0x000000167dc00000) (1024K)]
  0x000001c1e674aaf0 JavaThread "Common-Cleaner"             daemon [_thread_blocked, id=6236, stack(0x000000167e300000,0x000000167e400000) (1024K)]
  0x000001c1e676e840 JavaThread "Reference Handler"          daemon [_thread_blocked, id=17860, stack(0x000000167e400000,0x000000167e500000) (1024K)]
  0x000001c1e676f2a0 JavaThread "Finalizer"                  daemon [_thread_blocked, id=19192, stack(0x000000167e500000,0x000000167e600000) (1024K)]
  0x000001c1e6753660 JavaThread "Signal Dispatcher"          daemon [_thread_blocked, id=17188, stack(0x000000167e600000,0x000000167e700000) (1024K)]
  0x000001c1e67540c0 JavaThread "Attach Listener"            daemon [_thread_blocked, id=17488, stack(0x000000167e700000,0x000000167e800000) (1024K)]
  0x000001c1e6755b30 JavaThread "Service Thread"             daemon [_thread_blocked, id=3556, stack(0x000000167e800000,0x000000167e900000) (1024K)]
  0x000001c1e6756590 JavaThread "Monitor Deflation Thread"   daemon [_thread_blocked, id=16968, stack(0x000000167e900000,0x000000167ea00000) (1024K)]
=>0x000001c1e6758330 JavaThread "C2 CompilerThread0"         daemon [_thread_in_native, id=5884, stack(0x000000167ea00000,0x000000167eb00000) (1024K)]
  0x000001c1e69105d0 JavaThread "C1 CompilerThread0"         daemon [_thread_blocked, id=11044, stack(0x000000167eb00000,0x000000167ec00000) (1024K)]
  0x000001c1e6c29f60 JavaThread "Notification Thread"        daemon [_thread_blocked, id=18988, stack(0x000000167ec00000,0x000000167ed00000) (1024K)]
  0x000001c1ebf3c2d0 JavaThread "Daemon health stats"               [_thread_blocked, id=13308, stack(0x000000167f000000,0x000000167f100000) (1024K)]
  0x000001c1ed834240 JavaThread "Incoming local TCP Connector on port 60117"        [_thread_in_native, id=15572, stack(0x000000167f100000,0x000000167f200000) (1024K)]
  0x000001c1ed805f90 JavaThread "Daemon periodic checks"            [_thread_blocked, id=14180, stack(0x000000167f200000,0x000000167f300000) (1024K)]
  0x000001c1ed638b10 JavaThread "Daemon"                            [_thread_blocked, id=16924, stack(0x000000167f300000,0x000000167f400000) (1024K)]
  0x000001c1eda450a0 JavaThread "Handler for socket connection from /127.0.0.1:60117 to /127.0.0.1:60118"        [_thread_in_native, id=18020, stack(0x000000167f400000,0x000000167f500000) (1024K)]
  0x000001c1eda9d140 JavaThread "Cancel handler"                    [_thread_blocked, id=11224, stack(0x000000167f500000,0x000000167f600000) (1024K)]
  0x000001c1eda9bd90 JavaThread "Daemon worker"                     [_thread_blocked, id=10336, stack(0x000000167f600000,0x000000167f700000) (1024K)]
  0x000001c1eda9c420 JavaThread "Asynchronous log dispatcher for DefaultDaemonConnection: socket connection from /127.0.0.1:60117 to /127.0.0.1:60118"        [_thread_blocked, id=16536, stack(0x000000167f700000,0x000000167f800000) (1024K)]
  0x000001c1eda9cab0 JavaThread "Stdin handler"                     [_thread_blocked, id=11504, stack(0x000000167f800000,0x000000167f900000) (1024K)]
  0x000001c1eda9d7d0 JavaThread "Daemon client event forwarder"        [_thread_blocked, id=17572, stack(0x000000167f900000,0x000000167fa00000) (1024K)]
  0x000001c1eda9de60 JavaThread "Cache worker for journal cache (C:\Users\DELL\.gradle\caches\journal-1)"        [_thread_blocked, id=11160, stack(0x000000167fa00000,0x000000167fb00000) (1024K)]
  0x000001c1eda9e4f0 JavaThread "File lock request listener"        [_thread_in_native, id=16348, stack(0x000000167fb00000,0x000000167fc00000) (1024K)]
  0x000001c1eda9b070 JavaThread "Cache worker for file hash cache (C:\Users\DELL\.gradle\caches\9.3.1\fileHashes)"        [_thread_blocked, id=14472, stack(0x000000167fc00000,0x000000167fd00000) (1024K)]
  0x000001c1ede3d370 JavaThread "Cache worker for file hash cache (C:\Users\DELL\Desktop\kavachsecurecom\android-app\.gradle\9.3.1\fileHashes)"        [_thread_blocked, id=17928, stack(0x000000167fd00000,0x000000167fe00000) (1024K)]
  0x000001c1ede363e0 JavaThread "Cache worker for Build Output Cleanup Cache (C:\Users\DELL\Desktop\kavachsecurecom\android-app\.gradle\buildOutputCleanup)"        [_thread_blocked, id=13012, stack(0x000000167fe00000,0x000000167ff00000) (1024K)]
  0x000001c1ede3c650 JavaThread "File watcher server"        daemon [_thread_in_native, id=2808, stack(0x000000167ff00000,0x0000001680000000) (1024K)]
  0x000001c1ede3cce0 JavaThread "File watcher consumer"      daemon [_thread_blocked, id=4580, stack(0x0000001600000000,0x0000001600100000) (1024K)]
  0x000001c1ede38b40 JavaThread "Cache worker for checksums cache (C:\Users\DELL\Desktop\kavachsecurecom\android-app\.gradle\9.3.1\checksums)"        [_thread_blocked, id=18772, stack(0x0000001600100000,0x0000001600200000) (1024K)]
  0x000001c1ede3b2a0 JavaThread "Cache worker for file content cache (C:\Users\DELL\.gradle\caches\9.3.1\fileContent)"        [_thread_blocked, id=4872, stack(0x0000001600200000,0x0000001600300000) (1024K)]
  0x000001c1ede391d0 JavaThread "Cache worker for cache directory md-supplier (C:\Users\DELL\.gradle\caches\9.3.1\md-supplier)"        [_thread_blocked, id=17492, stack(0x0000001600300000,0x0000001600400000) (1024K)]
  0x000001c1ede37100 JavaThread "Cache worker for cache directory md-rule (C:\Users\DELL\.gradle\caches\9.3.1\md-rule)"        [_thread_blocked, id=1296, stack(0x0000001600400000,0x0000001600500000) (1024K)]
  0x000001c1ede3ac10 JavaThread "Unconstrained build operations"        [_thread_blocked, id=11096, stack(0x0000001600500000,0x0000001600600000) (1024K)]
  0x000001c1ede3b930 JavaThread "Unconstrained build operations Thread 2"        [_thread_blocked, id=16352, stack(0x0000001600600000,0x0000001600700000) (1024K)]
  0x000001c1ede384b0 JavaThread "Unconstrained build operations Thread 3"        [_thread_blocked, id=1228, stack(0x0000001600700000,0x0000001600800000) (1024K)]
  0x000001c1ede3a580 JavaThread "Unconstrained build operations Thread 4"        [_thread_blocked, id=8584, stack(0x0000001600800000,0x0000001600900000) (1024K)]
  0x000001c1ede37790 JavaThread "Unconstrained build operations Thread 5"        [_thread_blocked, id=7712, stack(0x0000001600900000,0x0000001600a00000) (1024K)]
  0x000001c1ede37e20 JavaThread "Unconstrained build operations Thread 6"        [_thread_blocked, id=13900, stack(0x0000001600a00000,0x0000001600b00000) (1024K)]
  0x000001c1eb49d9b0 JavaThread "Unconstrained build operations Thread 7"        [_thread_blocked, id=388, stack(0x0000001600b00000,0x0000001600c00000) (1024K)]
  0x000001c1eb49ed60 JavaThread "Unconstrained build operations Thread 8"        [_thread_blocked, id=18440, stack(0x0000001600c00000,0x0000001600d00000) (1024K)]
  0x000001c1eb4a07a0 JavaThread "Unconstrained build operations Thread 9"        [_thread_blocked, id=5332, stack(0x0000001600d00000,0x0000001600e00000) (1024K)]
  0x000001c1eb49e040 JavaThread "Unconstrained build operations Thread 10"        [_thread_blocked, id=17828, stack(0x0000001600e00000,0x0000001600f00000) (1024K)]
  0x000001c1eb49a530 JavaThread "Unconstrained build operations Thread 11"        [_thread_blocked, id=10472, stack(0x0000001600f00000,0x0000001601000000) (1024K)]
  0x000001c1eb49cc90 JavaThread "Unconstrained build operations Thread 12"        [_thread_blocked, id=17292, stack(0x0000001601000000,0x0000001601100000) (1024K)]
  0x000001c1eb49b250 JavaThread "Memory manager"                    [_thread_blocked, id=19176, stack(0x0000001601200000,0x0000001601300000) (1024K)]
  0x000001c1eb49d320 JavaThread "build event listener"              [_thread_blocked, id=10636, stack(0x0000001601300000,0x0000001601400000) (1024K)]
  0x000001c1f5443d70 JavaThread "pool-3-thread-1"                   [_thread_blocked, id=17148, stack(0x0000001601700000,0x0000001601800000) (1024K)]
  0x000001c1f5440f80 JavaThread "build event listener"              [_thread_blocked, id=3564, stack(0x0000001601800000,0x0000001601900000) (1024K)]
  0x000001c1f5444400 JavaThread "included builds"                   [_thread_blocked, id=1784, stack(0x0000001601900000,0x0000001601a00000) (1024K)]
  0x000001c1f5445120 JavaThread "Execution worker"                  [_thread_blocked, id=17896, stack(0x0000001601a00000,0x0000001601b00000) (1024K)]
  0x000001c1f54429c0 JavaThread "Execution worker Thread 2"         [_thread_in_Java, id=7616, stack(0x0000001601b00000,0x0000001601c00000) (1024K)]
  0x000001c1f5441ca0 JavaThread "Execution worker Thread 3"         [_thread_blocked, id=19088, stack(0x0000001601c00000,0x0000001601d00000) (1024K)]
  0x000001c1f5441610 JavaThread "Cache worker for execution history cache (C:\Users\DELL\Desktop\kavachsecurecom\android-app\.gradle\9.3.1\executionHistory)"        [_thread_blocked, id=10260, stack(0x0000001601d00000,0x0000001601e00000) (1024K)]
  0x000001c1f54464d0 JavaThread "Unconstrained build operations Thread 13"        [_thread_blocked, id=18332, stack(0x0000001601100000,0x0000001601200000) (1024K)]
  0x000001c1f5447880 JavaThread "Unconstrained build operations Thread 14"        [_thread_blocked, id=9424, stack(0x0000001601400000,0x0000001601500000) (1024K)]
  0x000001c1f54457b0 JavaThread "Unconstrained build operations Thread 15"        [_thread_blocked, id=17456, stack(0x0000001601500000,0x0000001601600000) (1024K)]
  0x000001c1f5445e40 JavaThread "Unconstrained build operations Thread 16"        [_thread_blocked, id=16120, stack(0x0000001601600000,0x0000001601700000) (1024K)]
  0x000001c1f5446b60 JavaThread "Unconstrained build operations Thread 17"        [_thread_blocked, id=8712, stack(0x0000001601e00000,0x0000001601f00000) (1024K)]
  0x000001c1f5447f10 JavaThread "Unconstrained build operations Thread 18"        [_thread_blocked, id=19276, stack(0x0000001601f00000,0x0000001602000000) (1024K)]
  0x000001c1f5443050 JavaThread "Unconstrained build operations Thread 19"        [_thread_blocked, id=720, stack(0x0000001602000000,0x0000001602100000) (1024K)]
  0x000001c1f53e3520 JavaThread "Unconstrained build operations Thread 20"        [_thread_blocked, id=2712, stack(0x0000001602100000,0x0000001602200000) (1024K)]
  0x000001c1f53dd940 JavaThread "Unconstrained build operations Thread 21"        [_thread_blocked, id=18996, stack(0x0000001602200000,0x0000001602300000) (1024K)]
  0x000001c1f53e00a0 JavaThread "Unconstrained build operations Thread 22"        [_thread_blocked, id=19272, stack(0x0000001602300000,0x0000001602400000) (1024K)]
  0x000001c1f53e2170 JavaThread "Unconstrained build operations Thread 23"        [_thread_blocked, id=13912, stack(0x0000001602400000,0x0000001602500000) (1024K)]
  0x000001c1f53e3bb0 JavaThread "Unconstrained build operations Thread 24"        [_thread_blocked, id=16256, stack(0x0000001602500000,0x0000001602600000) (1024K)]
  0x000001c1f53e4f60 JavaThread "Unconstrained build operations Thread 25"        [_thread_blocked, id=14456, stack(0x0000001602600000,0x0000001602700000) (1024K)]
  0x000001c1f53de660 JavaThread "Unconstrained build operations Thread 26"        [_thread_blocked, id=10820, stack(0x0000001602700000,0x0000001602800000) (1024K)]
  0x000001c1f53dfa10 JavaThread "WorkerExecutor Queue"              [_thread_blocked, id=15592, stack(0x0000001602800000,0x0000001602900000) (1024K)]
  0x000001c1f53e4240 JavaThread "Unconstrained build operations Thread 27"        [_thread_in_native, id=19156, stack(0x0000001602900000,0x0000001602a00000) (1024K)]
  0x000001c1f53e0730 JavaThread "Unconstrained build operations Thread 28"        [_thread_blocked, id=932, stack(0x0000001602a00000,0x0000001602b00000) (1024K)]
  0x000001c1f53ddfd0 JavaThread "Unconstrained build operations Thread 29"        [_thread_in_Java, id=728, stack(0x0000001602b00000,0x0000001602c00000) (1024K)]
  0x000001c1f53e48d0 JavaThread "File lock release action executor Thread 5"        [_thread_blocked, id=300, stack(0x0000001602c00000,0x0000001602d00000) (1024K)]
  0x000001c1f53e0dc0 JavaThread "Thread-61"                         [_thread_in_native, id=13408, stack(0x0000001602d00000,0x0000001602e00000) (1024K)]
Total: 73

Other Threads:
  0x000001c1e66cd190 VMThread "VM Thread"                           [id=15412, stack(0x000000167e200000,0x000000167e300000) (1024K)]
  0x000001c1e669b7e0 WatcherThread "VM Periodic Task Thread"        [id=11220, stack(0x000000167e100000,0x000000167e200000) (1024K)]
  0x000001c1d16fc590 WorkerThread "GC Thread#0"                     [id=6220, stack(0x000000167dc00000,0x000000167dd00000) (1024K)]
  0x000001c1eb1476e0 WorkerThread "GC Thread#1"                     [id=14460, stack(0x000000167ed00000,0x000000167ee00000) (1024K)]
  0x000001c1eb286c80 WorkerThread "GC Thread#2"                     [id=12848, stack(0x000000167ee00000,0x000000167ef00000) (1024K)]
  0x000001c1eb100be0 WorkerThread "GC Thread#3"                     [id=2792, stack(0x000000167ef00000,0x000000167f000000) (1024K)]
  0x000001c1d1702b40 ConcurrentGCThread "G1 Main Marker"            [id=15540, stack(0x000000167dd00000,0x000000167de00000) (1024K)]
  0x000001c1d17033f0 WorkerThread "G1 Conc#0"                       [id=9656, stack(0x000000167de00000,0x000000167df00000) (1024K)]
  0x000001c1d175a980 ConcurrentGCThread "G1 Refine#0"               [id=3848, stack(0x000000167df00000,0x000000167e000000) (1024K)]
  0x000001c1d175b2a0 ConcurrentGCThread "G1 Service"                [id=13488, stack(0x000000167e000000,0x000000167e100000) (1024K)]
Total: 10

Threads with active compile tasks:
C2 CompilerThread0  211709 14106       4       org.gradle.cache.internal.btree.CachingBlockStore::read (56 bytes)
Total: 1

VM state: not at safepoint (normal execution)

VM Mutex/Monitor currently owned by a thread: None

Heap address: 0x00000000e0000000, size: 512 MB, Compressed Oops mode: 32-bit

CDS archive(s) not mapped
Compressed class space mapped at: 0x0000000100000000-0x000000010d000000, reserved size: 218103808
Narrow klass base: 0x0000000000000000, Narrow klass shift: 3, Narrow klass range: 0x10d000000

GC Precious Log:
 CardTable entry size: 512
 Card Set container configuration: InlinePtr #cards 5 size 8 Array Of Cards #cards 12 size 40 Howl #buckets 4 coarsen threshold 1843 Howl Bitmap #cards 512 size 80 coarsen threshold 460 Card regions per heap region 1 cards per card region 2048
 CPUs: 4 total, 4 available
 Memory: 3862M
 Large Page Support: Disabled
 NUMA Support: Disabled
 Compressed Oops: Enabled (32-bit)
 Heap Region Size: 1M
 Heap Min Capacity: 8M
 Heap Initial Capacity: 62M
 Heap Max Capacity: 512M
 Pre-touch: Disabled
 Parallel Workers: 4
 Concurrent Workers: 1
 Concurrent Refinement Workers: 4
 Periodic GC: Disabled

Heap:
 garbage-first heap   total 174080K, used 130048K [0x00000000e0000000, 0x0000000100000000)
  region size 1024K, 31 young (31744K), 7 survivors (7168K)
 Metaspace       used 117810K, committed 120000K, reserved 344064K
  class space    used 16411K, committed 17472K, reserved 212992K

Heap Regions: E=young(eden), S=young(survivor), O=old, HS=humongous(starts), HC=humongous(continues), CS=collection set, F=free, TAMS=top-at-mark-start, PB=parsable bottom
|   0|0x00000000e0000000, 0x00000000e0100000, 0x00000000e0100000|100%|HS|  |TAMS 0x00000000e0000000| PB 0x00000000e0000000| Complete 
|   1|0x00000000e0100000, 0x00000000e0200000, 0x00000000e0200000|100%|HC|  |TAMS 0x00000000e0100000| PB 0x00000000e0100000| Complete 
|   2|0x00000000e0200000, 0x00000000e0300000, 0x00000000e0300000|100%|HC|  |TAMS 0x00000000e0200000| PB 0x00000000e0200000| Complete 
|   3|0x00000000e0300000, 0x00000000e0400000, 0x00000000e0400000|100%|HC|  |TAMS 0x00000000e0300000| PB 0x00000000e0300000| Complete 
|   4|0x00000000e0400000, 0x00000000e0500000, 0x00000000e0500000|100%| O|  |TAMS 0x00000000e0400000| PB 0x00000000e0400000| Untracked 
|   5|0x00000000e0500000, 0x00000000e0600000, 0x00000000e0600000|100%| O|  |TAMS 0x00000000e0500000| PB 0x00000000e0500000| Untracked 
|   6|0x00000000e0600000, 0x00000000e0700000, 0x00000000e0700000|100%| O|  |TAMS 0x00000000e0600000| PB 0x00000000e0600000| Untracked 
|   7|0x00000000e0700000, 0x00000000e0800000, 0x00000000e0800000|100%| O|  |TAMS 0x00000000e0700000| PB 0x00000000e0700000| Untracked 
|   8|0x00000000e0800000, 0x00000000e0900000, 0x00000000e0900000|100%| O|  |TAMS 0x00000000e0800000| PB 0x00000000e0800000| Untracked 
|   9|0x00000000e0900000, 0x00000000e0a00000, 0x00000000e0a00000|100%| O|  |TAMS 0x00000000e0900000| PB 0x00000000e0900000| Untracked 
|  10|0x00000000e0a00000, 0x00000000e0b00000, 0x00000000e0b00000|100%| O|  |TAMS 0x00000000e0a00000| PB 0x00000000e0a00000| Untracked 
|  11|0x00000000e0b00000, 0x00000000e0c00000, 0x00000000e0c00000|100%|HS|  |TAMS 0x00000000e0b00000| PB 0x00000000e0b00000| Complete 
|  12|0x00000000e0c00000, 0x00000000e0d00000, 0x00000000e0d00000|100%| O|  |TAMS 0x00000000e0c00000| PB 0x00000000e0c00000| Untracked 
|  13|0x00000000e0d00000, 0x00000000e0e00000, 0x00000000e0e00000|100%| O|  |TAMS 0x00000000e0d00000| PB 0x00000000e0d00000| Untracked 
|  14|0x00000000e0e00000, 0x00000000e0f00000, 0x00000000e0f00000|100%| O|  |TAMS 0x00000000e0e00000| PB 0x00000000e0e00000| Untracked 
|  15|0x00000000e0f00000, 0x00000000e1000000, 0x00000000e1000000|100%| O|  |TAMS 0x00000000e0f00000| PB 0x00000000e0f00000| Untracked 
|  16|0x00000000e1000000, 0x00000000e1100000, 0x00000000e1100000|100%| O|  |TAMS 0x00000000e1000000| PB 0x00000000e1000000| Untracked 
|  17|0x00000000e1100000, 0x00000000e1200000, 0x00000000e1200000|100%| O|  |TAMS 0x00000000e1100000| PB 0x00000000e1100000| Untracked 
|  18|0x00000000e1200000, 0x00000000e1300000, 0x00000000e1300000|100%| O|  |TAMS 0x00000000e1200000| PB 0x00000000e1200000| Untracked 
|  19|0x00000000e1300000, 0x00000000e1400000, 0x00000000e1400000|100%| O|  |TAMS 0x00000000e1300000| PB 0x00000000e1300000| Untracked 
|  20|0x00000000e1400000, 0x00000000e1500000, 0x00000000e1500000|100%| O|  |TAMS 0x00000000e1400000| PB 0x00000000e1400000| Untracked 
|  21|0x00000000e1500000, 0x00000000e1600000, 0x00000000e1600000|100%| O|  |TAMS 0x00000000e1500000| PB 0x00000000e1500000| Untracked 
|  22|0x00000000e1600000, 0x00000000e1700000, 0x00000000e1700000|100%| O|  |TAMS 0x00000000e1600000| PB 0x00000000e1600000| Untracked 
|  23|0x00000000e1700000, 0x00000000e1800000, 0x00000000e1800000|100%| O|  |TAMS 0x00000000e1700000| PB 0x00000000e1700000| Untracked 
|  24|0x00000000e1800000, 0x00000000e1900000, 0x00000000e1900000|100%| O|  |TAMS 0x00000000e1800000| PB 0x00000000e1800000| Untracked 
|  25|0x00000000e1900000, 0x00000000e1a00000, 0x00000000e1a00000|100%| O|  |TAMS 0x00000000e1900000| PB 0x00000000e1900000| Untracked 
|  26|0x00000000e1a00000, 0x00000000e1b00000, 0x00000000e1b00000|100%| O|  |TAMS 0x00000000e1a00000| PB 0x00000000e1a00000| Untracked 
|  27|0x00000000e1b00000, 0x00000000e1c00000, 0x00000000e1c00000|100%| O|  |TAMS 0x00000000e1b00000| PB 0x00000000e1b00000| Untracked 
|  28|0x00000000e1c00000, 0x00000000e1d00000, 0x00000000e1d00000|100%| O|  |TAMS 0x00000000e1c00000| PB 0x00000000e1c00000| Untracked 
|  29|0x00000000e1d00000, 0x00000000e1e00000, 0x00000000e1e00000|100%| O|  |TAMS 0x00000000e1d00000| PB 0x00000000e1d00000| Untracked 
|  30|0x00000000e1e00000, 0x00000000e1f00000, 0x00000000e1f00000|100%| O|  |TAMS 0x00000000e1e00000| PB 0x00000000e1e00000| Untracked 
|  31|0x00000000e1f00000, 0x00000000e2000000, 0x00000000e2000000|100%| O|  |TAMS 0x00000000e1f00000| PB 0x00000000e1f00000| Untracked 
|  32|0x00000000e2000000, 0x00000000e2100000, 0x00000000e2100000|100%| O|  |TAMS 0x00000000e2000000| PB 0x00000000e2000000| Untracked 
|  33|0x00000000e2100000, 0x00000000e2200000, 0x00000000e2200000|100%| O|  |TAMS 0x00000000e2100000| PB 0x00000000e2100000| Untracked 
|  34|0x00000000e2200000, 0x00000000e2300000, 0x00000000e2300000|100%| O|  |TAMS 0x00000000e2200000| PB 0x00000000e2200000| Untracked 
|  35|0x00000000e2300000, 0x00000000e2400000, 0x00000000e2400000|100%| O|  |TAMS 0x00000000e2300000| PB 0x00000000e2300000| Untracked 
|  36|0x00000000e2400000, 0x00000000e2500000, 0x00000000e2500000|100%| O|  |TAMS 0x00000000e2400000| PB 0x00000000e2400000| Untracked 
|  37|0x00000000e2500000, 0x00000000e2600000, 0x00000000e2600000|100%| O|  |TAMS 0x00000000e2500000| PB 0x00000000e2500000| Untracked 
|  38|0x00000000e2600000, 0x00000000e2700000, 0x00000000e2700000|100%| O|  |TAMS 0x00000000e2600000| PB 0x00000000e2600000| Untracked 
|  39|0x00000000e2700000, 0x00000000e2800000, 0x00000000e2800000|100%| O|  |TAMS 0x00000000e2700000| PB 0x00000000e2700000| Untracked 
|  40|0x00000000e2800000, 0x00000000e2900000, 0x00000000e2900000|100%| O|  |TAMS 0x00000000e2800000| PB 0x00000000e2800000| Untracked 
|  41|0x00000000e2900000, 0x00000000e2a00000, 0x00000000e2a00000|100%| O|  |TAMS 0x00000000e2900000| PB 0x00000000e2900000| Untracked 
|  42|0x00000000e2a00000, 0x00000000e2b00000, 0x00000000e2b00000|100%| O|  |TAMS 0x00000000e2a00000| PB 0x00000000e2a00000| Untracked 
|  43|0x00000000e2b00000, 0x00000000e2c00000, 0x00000000e2c00000|100%| O|  |TAMS 0x00000000e2b00000| PB 0x00000000e2b00000| Untracked 
|  44|0x00000000e2c00000, 0x00000000e2d00000, 0x00000000e2d00000|100%| O|  |TAMS 0x00000000e2c00000| PB 0x00000000e2c00000| Untracked 
|  45|0x00000000e2d00000, 0x00000000e2e00000, 0x00000000e2e00000|100%|HS|  |TAMS 0x00000000e2d00000| PB 0x00000000e2d00000| Complete 
|  46|0x00000000e2e00000, 0x00000000e2f00000, 0x00000000e2f00000|100%| O|  |TAMS 0x00000000e2e00000| PB 0x00000000e2e00000| Untracked 
|  47|0x00000000e2f00000, 0x00000000e3000000, 0x00000000e3000000|100%|HS|  |TAMS 0x00000000e2f00000| PB 0x00000000e2f00000| Complete 
|  48|0x00000000e3000000, 0x00000000e3100000, 0x00000000e3100000|100%|HS|  |TAMS 0x00000000e3000000| PB 0x00000000e3000000| Complete 
|  49|0x00000000e3100000, 0x00000000e3200000, 0x00000000e3200000|100%|HC|  |TAMS 0x00000000e3100000| PB 0x00000000e3100000| Complete 
|  50|0x00000000e3200000, 0x00000000e3300000, 0x00000000e3300000|100%|HS|  |TAMS 0x00000000e3200000| PB 0x00000000e3200000| Complete 
|  51|0x00000000e3300000, 0x00000000e3400000, 0x00000000e3400000|100%| O|  |TAMS 0x00000000e3300000| PB 0x00000000e3300000| Untracked 
|  52|0x00000000e3400000, 0x00000000e3500000, 0x00000000e3500000|100%| O|  |TAMS 0x00000000e3400000| PB 0x00000000e3400000| Untracked 
|  53|0x00000000e3500000, 0x00000000e3600000, 0x00000000e3600000|100%|HS|  |TAMS 0x00000000e3500000| PB 0x00000000e3500000| Complete 
|  54|0x00000000e3600000, 0x00000000e3700000, 0x00000000e3700000|100%|HS|  |TAMS 0x00000000e3600000| PB 0x00000000e3600000| Complete 
|  55|0x00000000e3700000, 0x00000000e3800000, 0x00000000e3800000|100%| O|  |TAMS 0x00000000e3700000| PB 0x00000000e3700000| Untracked 
|  56|0x00000000e3800000, 0x00000000e3900000, 0x00000000e3900000|100%| O|  |TAMS 0x00000000e3800000| PB 0x00000000e3800000| Untracked 
|  57|0x00000000e3900000, 0x00000000e3a00000, 0x00000000e3a00000|100%| O|  |TAMS 0x00000000e3900000| PB 0x00000000e3900000| Untracked 
|  58|0x00000000e3a00000, 0x00000000e3b00000, 0x00000000e3b00000|100%| O|  |TAMS 0x00000000e3a00000| PB 0x00000000e3a00000| Untracked 
|  59|0x00000000e3b00000, 0x00000000e3c00000, 0x00000000e3c00000|100%|HS|  |TAMS 0x00000000e3b00000| PB 0x00000000e3b00000| Complete 
|  60|0x00000000e3c00000, 0x00000000e3d00000, 0x00000000e3d00000|100%| O|  |TAMS 0x00000000e3c00000| PB 0x00000000e3c00000| Untracked 
|  61|0x00000000e3d00000, 0x00000000e3e00000, 0x00000000e3e00000|100%| O|  |TAMS 0x00000000e3d00000| PB 0x00000000e3d00000| Untracked 
|  62|0x00000000e3e00000, 0x00000000e3f00000, 0x00000000e3f00000|100%|HS|  |TAMS 0x00000000e3e00000| PB 0x00000000e3e00000| Complete 
|  63|0x00000000e3f00000, 0x00000000e4000000, 0x00000000e4000000|100%|HC|  |TAMS 0x00000000e3f00000| PB 0x00000000e3f00000| Complete 
|  64|0x00000000e4000000, 0x00000000e4100000, 0x00000000e4100000|100%| O|  |TAMS 0x00000000e4000000| PB 0x00000000e4000000| Untracked 
|  65|0x00000000e4100000, 0x00000000e4200000, 0x00000000e4200000|100%| O|  |TAMS 0x00000000e4100000| PB 0x00000000e4100000| Untracked 
|  66|0x00000000e4200000, 0x00000000e4300000, 0x00000000e4300000|100%| O|  |TAMS 0x00000000e4200000| PB 0x00000000e4200000| Untracked 
|  67|0x00000000e4300000, 0x00000000e4400000, 0x00000000e4400000|100%| O|  |TAMS 0x00000000e4300000| PB 0x00000000e4300000| Untracked 
|  68|0x00000000e4400000, 0x00000000e4500000, 0x00000000e4500000|100%| O|  |TAMS 0x00000000e4400000| PB 0x00000000e4400000| Untracked 
|  69|0x00000000e4500000, 0x00000000e4600000, 0x00000000e4600000|100%| O|  |TAMS 0x00000000e4500000| PB 0x00000000e4500000| Untracked 
|  70|0x00000000e4600000, 0x00000000e4700000, 0x00000000e4700000|100%|HS|  |TAMS 0x00000000e4600000| PB 0x00000000e4600000| Complete 
|  71|0x00000000e4700000, 0x00000000e4800000, 0x00000000e4800000|100%| O|  |TAMS 0x00000000e4700000| PB 0x00000000e4700000| Untracked 
|  72|0x00000000e4800000, 0x00000000e4900000, 0x00000000e4900000|100%| O|  |TAMS 0x00000000e4800000| PB 0x00000000e4800000| Untracked 
|  73|0x00000000e4900000, 0x00000000e4a00000, 0x00000000e4a00000|100%| O|  |TAMS 0x00000000e4900000| PB 0x00000000e4900000| Untracked 
|  74|0x00000000e4a00000, 0x00000000e4b00000, 0x00000000e4b00000|100%| O|  |TAMS 0x00000000e4a00000| PB 0x00000000e4a00000| Untracked 
|  75|0x00000000e4b00000, 0x00000000e4c00000, 0x00000000e4c00000|100%| O|  |TAMS 0x00000000e4b00000| PB 0x00000000e4b00000| Untracked 
|  76|0x00000000e4c00000, 0x00000000e4d00000, 0x00000000e4d00000|100%| O|  |TAMS 0x00000000e4c00000| PB 0x00000000e4c00000| Untracked 
|  77|0x00000000e4d00000, 0x00000000e4e00000, 0x00000000e4e00000|100%| O|  |TAMS 0x00000000e4d00000| PB 0x00000000e4d00000| Untracked 
|  78|0x00000000e4e00000, 0x00000000e4f00000, 0x00000000e4f00000|100%| O|  |TAMS 0x00000000e4e00000| PB 0x00000000e4e00000| Untracked 
|  79|0x00000000e4f00000, 0x00000000e5000000, 0x00000000e5000000|100%| O|  |TAMS 0x00000000e4f00000| PB 0x00000000e4f00000| Untracked 
|  80|0x00000000e5000000, 0x00000000e5100000, 0x00000000e5100000|100%| O|  |TAMS 0x00000000e5000000| PB 0x00000000e5000000| Untracked 
|  81|0x00000000e5100000, 0x00000000e5200000, 0x00000000e5200000|100%| O|  |TAMS 0x00000000e5100000| PB 0x00000000e5100000| Untracked 
|  82|0x00000000e5200000, 0x00000000e5300000, 0x00000000e5300000|100%| O|  |TAMS 0x00000000e5200000| PB 0x00000000e5200000| Untracked 
|  83|0x00000000e5300000, 0x00000000e5400000, 0x00000000e5400000|100%| O|  |TAMS 0x00000000e5300000| PB 0x00000000e5300000| Untracked 
|  84|0x00000000e5400000, 0x00000000e5500000, 0x00000000e5500000|100%| O|  |TAMS 0x00000000e5400000| PB 0x00000000e5400000| Untracked 
|  85|0x00000000e5500000, 0x00000000e5600000, 0x00000000e5600000|100%| O|  |TAMS 0x00000000e5500000| PB 0x00000000e5500000| Untracked 
|  86|0x00000000e5600000, 0x00000000e5700000, 0x00000000e5700000|100%| O|  |TAMS 0x00000000e5600000| PB 0x00000000e5600000| Untracked 
|  87|0x00000000e5700000, 0x00000000e5800000, 0x00000000e5800000|100%| O|  |TAMS 0x00000000e5700000| PB 0x00000000e5700000| Untracked 
|  88|0x00000000e5800000, 0x00000000e5900000, 0x00000000e5900000|100%| O|  |TAMS 0x00000000e5800000| PB 0x00000000e5800000| Untracked 
|  89|0x00000000e5900000, 0x00000000e5a00000, 0x00000000e5a00000|100%| O|  |TAMS 0x00000000e5900000| PB 0x00000000e5900000| Untracked 
|  90|0x00000000e5a00000, 0x00000000e5b00000, 0x00000000e5b00000|100%| O|  |TAMS 0x00000000e5a00000| PB 0x00000000e5a00000| Untracked 
|  91|0x00000000e5b00000, 0x00000000e5b00000, 0x00000000e5c00000|  0%| F|  |TAMS 0x00000000e5b00000| PB 0x00000000e5b00000| Untracked 
|  92|0x00000000e5c00000, 0x00000000e5c00000, 0x00000000e5d00000|  0%| F|  |TAMS 0x00000000e5c00000| PB 0x00000000e5c00000| Untracked 
|  93|0x00000000e5d00000, 0x00000000e5e00000, 0x00000000e5e00000|100%| O|  |TAMS 0x00000000e5d00000| PB 0x00000000e5d00000| Untracked 
|  94|0x00000000e5e00000, 0x00000000e5f00000, 0x00000000e5f00000|100%| O|  |TAMS 0x00000000e5e00000| PB 0x00000000e5e00000| Untracked 
|  95|0x00000000e5f00000, 0x00000000e5f00000, 0x00000000e6000000|  0%| F|  |TAMS 0x00000000e5f00000| PB 0x00000000e5f00000| Untracked 
|  96|0x00000000e6000000, 0x00000000e6000000, 0x00000000e6100000|  0%| F|  |TAMS 0x00000000e6000000| PB 0x00000000e6000000| Untracked 
|  97|0x00000000e6100000, 0x00000000e6100000, 0x00000000e6200000|  0%| F|  |TAMS 0x00000000e6100000| PB 0x00000000e6100000| Untracked 
|  98|0x00000000e6200000, 0x00000000e6300000, 0x00000000e6300000|100%| S|CS|TAMS 0x00000000e6200000| PB 0x00000000e6200000| Complete 
|  99|0x00000000e6300000, 0x00000000e6400000, 0x00000000e6400000|100%| S|CS|TAMS 0x00000000e6300000| PB 0x00000000e6300000| Complete 
| 100|0x00000000e6400000, 0x00000000e6500000, 0x00000000e6500000|100%| S|CS|TAMS 0x00000000e6400000| PB 0x00000000e6400000| Complete 
| 101|0x00000000e6500000, 0x00000000e6600000, 0x00000000e6600000|100%| S|CS|TAMS 0x00000000e6500000| PB 0x00000000e6500000| Complete 
| 102|0x00000000e6600000, 0x00000000e6700000, 0x00000000e6700000|100%| S|CS|TAMS 0x00000000e6600000| PB 0x00000000e6600000| Complete 
| 103|0x00000000e6700000, 0x00000000e6800000, 0x00000000e6800000|100%| S|CS|TAMS 0x00000000e6700000| PB 0x00000000e6700000| Complete 
| 104|0x00000000e6800000, 0x00000000e6900000, 0x00000000e6900000|100%| S|CS|TAMS 0x00000000e6800000| PB 0x00000000e6800000| Complete 
| 105|0x00000000e6900000, 0x00000000e6900000, 0x00000000e6a00000|  0%| F|  |TAMS 0x00000000e6900000| PB 0x00000000e6900000| Untracked 
| 106|0x00000000e6a00000, 0x00000000e6a00000, 0x00000000e6b00000|  0%| F|  |TAMS 0x00000000e6a00000| PB 0x00000000e6a00000| Untracked 
| 107|0x00000000e6b00000, 0x00000000e6b00000, 0x00000000e6c00000|  0%| F|  |TAMS 0x00000000e6b00000| PB 0x00000000e6b00000| Untracked 
| 108|0x00000000e6c00000, 0x00000000e6c00000, 0x00000000e6d00000|  0%| F|  |TAMS 0x00000000e6c00000| PB 0x00000000e6c00000| Untracked 
| 109|0x00000000e6d00000, 0x00000000e6d00000, 0x00000000e6e00000|  0%| F|  |TAMS 0x00000000e6d00000| PB 0x00000000e6d00000| Untracked 
| 110|0x00000000e6e00000, 0x00000000e6e00000, 0x00000000e6f00000|  0%| F|  |TAMS 0x00000000e6e00000| PB 0x00000000e6e00000| Untracked 
| 111|0x00000000e6f00000, 0x00000000e6f00000, 0x00000000e7000000|  0%| F|  |TAMS 0x00000000e6f00000| PB 0x00000000e6f00000| Untracked 
| 112|0x00000000e7000000, 0x00000000e7000000, 0x00000000e7100000|  0%| F|  |TAMS 0x00000000e7000000| PB 0x00000000e7000000| Untracked 
| 113|0x00000000e7100000, 0x00000000e7100000, 0x00000000e7200000|  0%| F|  |TAMS 0x00000000e7100000| PB 0x00000000e7100000| Untracked 
| 114|0x00000000e7200000, 0x00000000e7200000, 0x00000000e7300000|  0%| F|  |TAMS 0x00000000e7200000| PB 0x00000000e7200000| Untracked 
| 115|0x00000000e7300000, 0x00000000e7300000, 0x00000000e7400000|  0%| F|  |TAMS 0x00000000e7300000| PB 0x00000000e7300000| Untracked 
| 116|0x00000000e7400000, 0x00000000e7400000, 0x00000000e7500000|  0%| F|  |TAMS 0x00000000e7400000| PB 0x00000000e7400000| Untracked 
| 117|0x00000000e7500000, 0x00000000e7500000, 0x00000000e7600000|  0%| F|  |TAMS 0x00000000e7500000| PB 0x00000000e7500000| Untracked 
| 118|0x00000000e7600000, 0x00000000e7600000, 0x00000000e7700000|  0%| F|  |TAMS 0x00000000e7600000| PB 0x00000000e7600000| Untracked 
| 119|0x00000000e7700000, 0x00000000e7700000, 0x00000000e7800000|  0%| F|  |TAMS 0x00000000e7700000| PB 0x00000000e7700000| Untracked 
| 120|0x00000000e7800000, 0x00000000e7800000, 0x00000000e7900000|  0%| F|  |TAMS 0x00000000e7800000| PB 0x00000000e7800000| Untracked 
| 121|0x00000000e7900000, 0x00000000e7900000, 0x00000000e7a00000|  0%| F|  |TAMS 0x00000000e7900000| PB 0x00000000e7900000| Untracked 
| 122|0x00000000e7a00000, 0x00000000e7a00000, 0x00000000e7b00000|  0%| F|  |TAMS 0x00000000e7a00000| PB 0x00000000e7a00000| Untracked 
| 123|0x00000000e7b00000, 0x00000000e7b00000, 0x00000000e7c00000|  0%| F|  |TAMS 0x00000000e7b00000| PB 0x00000000e7b00000| Untracked 
| 124|0x00000000e7c00000, 0x00000000e7c00000, 0x00000000e7d00000|  0%| F|  |TAMS 0x00000000e7c00000| PB 0x00000000e7c00000| Untracked 
| 125|0x00000000e7d00000, 0x00000000e7d00000, 0x00000000e7e00000|  0%| F|  |TAMS 0x00000000e7d00000| PB 0x00000000e7d00000| Untracked 
| 126|0x00000000e7e00000, 0x00000000e7e00000, 0x00000000e7f00000|  0%| F|  |TAMS 0x00000000e7e00000| PB 0x00000000e7e00000| Untracked 
| 127|0x00000000e7f00000, 0x00000000e7f00000, 0x00000000e8000000|  0%| F|  |TAMS 0x00000000e7f00000| PB 0x00000000e7f00000| Untracked 
| 128|0x00000000e8000000, 0x00000000e8000000, 0x00000000e8100000|  0%| F|  |TAMS 0x00000000e8000000| PB 0x00000000e8000000| Untracked 
| 129|0x00000000e8100000, 0x00000000e8100000, 0x00000000e8200000|  0%| F|  |TAMS 0x00000000e8100000| PB 0x00000000e8100000| Untracked 
| 130|0x00000000e8200000, 0x00000000e8200000, 0x00000000e8300000|  0%| F|  |TAMS 0x00000000e8200000| PB 0x00000000e8200000| Untracked 
| 131|0x00000000e8300000, 0x00000000e8300000, 0x00000000e8400000|  0%| F|  |TAMS 0x00000000e8300000| PB 0x00000000e8300000| Untracked 
| 132|0x00000000e8400000, 0x00000000e8400000, 0x00000000e8500000|  0%| F|  |TAMS 0x00000000e8400000| PB 0x00000000e8400000| Untracked 
| 133|0x00000000e8500000, 0x00000000e8500000, 0x00000000e8600000|  0%| F|  |TAMS 0x00000000e8500000| PB 0x00000000e8500000| Untracked 
| 134|0x00000000e8600000, 0x00000000e8600000, 0x00000000e8700000|  0%| F|  |TAMS 0x00000000e8600000| PB 0x00000000e8600000| Untracked 
| 135|0x00000000e8700000, 0x00000000e8700000, 0x00000000e8800000|  0%| F|  |TAMS 0x00000000e8700000| PB 0x00000000e8700000| Untracked 
| 136|0x00000000e8800000, 0x00000000e8800000, 0x00000000e8900000|  0%| F|  |TAMS 0x00000000e8800000| PB 0x00000000e8800000| Untracked 
| 137|0x00000000e8900000, 0x00000000e8900000, 0x00000000e8a00000|  0%| F|  |TAMS 0x00000000e8900000| PB 0x00000000e8900000| Untracked 
| 138|0x00000000e8a00000, 0x00000000e8a00000, 0x00000000e8b00000|  0%| F|  |TAMS 0x00000000e8a00000| PB 0x00000000e8a00000| Untracked 
| 139|0x00000000e8b00000, 0x00000000e8b00000, 0x00000000e8c00000|  0%| F|  |TAMS 0x00000000e8b00000| PB 0x00000000e8b00000| Untracked 
| 140|0x00000000e8c00000, 0x00000000e8c00000, 0x00000000e8d00000|  0%| F|  |TAMS 0x00000000e8c00000| PB 0x00000000e8c00000| Untracked 
| 141|0x00000000e8d00000, 0x00000000e8d3cbd0, 0x00000000e8e00000| 23%| E|  |TAMS 0x00000000e8d00000| PB 0x00000000e8d00000| Complete 
| 142|0x00000000e8e00000, 0x00000000e8f00000, 0x00000000e8f00000|100%| E|CS|TAMS 0x00000000e8e00000| PB 0x00000000e8e00000| Complete 
| 143|0x00000000e8f00000, 0x00000000e9000000, 0x00000000e9000000|100%| E|CS|TAMS 0x00000000e8f00000| PB 0x00000000e8f00000| Complete 
| 144|0x00000000e9000000, 0x00000000e9100000, 0x00000000e9100000|100%| E|CS|TAMS 0x00000000e9000000| PB 0x00000000e9000000| Complete 
| 145|0x00000000e9100000, 0x00000000e9200000, 0x00000000e9200000|100%| E|CS|TAMS 0x00000000e9100000| PB 0x00000000e9100000| Complete 
| 146|0x00000000e9200000, 0x00000000e9300000, 0x00000000e9300000|100%| E|CS|TAMS 0x00000000e9200000| PB 0x00000000e9200000| Complete 
| 147|0x00000000e9300000, 0x00000000e9400000, 0x00000000e9400000|100%| E|CS|TAMS 0x00000000e9300000| PB 0x00000000e9300000| Complete 
| 148|0x00000000e9400000, 0x00000000e9500000, 0x00000000e9500000|100%| E|CS|TAMS 0x00000000e9400000| PB 0x00000000e9400000| Complete 
| 149|0x00000000e9500000, 0x00000000e9600000, 0x00000000e9600000|100%| E|CS|TAMS 0x00000000e9500000| PB 0x00000000e9500000| Complete 
| 150|0x00000000e9600000, 0x00000000e9700000, 0x00000000e9700000|100%| E|  |TAMS 0x00000000e9600000| PB 0x00000000e9600000| Complete 
| 151|0x00000000e9700000, 0x00000000e9800000, 0x00000000e9800000|100%| E|CS|TAMS 0x00000000e9700000| PB 0x00000000e9700000| Complete 
| 152|0x00000000e9800000, 0x00000000e9900000, 0x00000000e9900000|100%| E|CS|TAMS 0x00000000e9800000| PB 0x00000000e9800000| Complete 
| 153|0x00000000e9900000, 0x00000000e9a00000, 0x00000000e9a00000|100%| E|CS|TAMS 0x00000000e9900000| PB 0x00000000e9900000| Complete 
| 154|0x00000000e9a00000, 0x00000000e9b00000, 0x00000000e9b00000|100%| E|CS|TAMS 0x00000000e9a00000| PB 0x00000000e9a00000| Complete 
| 155|0x00000000e9b00000, 0x00000000e9c00000, 0x00000000e9c00000|100%| E|CS|TAMS 0x00000000e9b00000| PB 0x00000000e9b00000| Complete 
| 156|0x00000000e9c00000, 0x00000000e9d00000, 0x00000000e9d00000|100%| E|CS|TAMS 0x00000000e9c00000| PB 0x00000000e9c00000| Complete 
| 157|0x00000000e9d00000, 0x00000000e9e00000, 0x00000000e9e00000|100%| E|CS|TAMS 0x00000000e9d00000| PB 0x00000000e9d00000| Complete 
| 158|0x00000000e9e00000, 0x00000000e9f00000, 0x00000000e9f00000|100%| E|CS|TAMS 0x00000000e9e00000| PB 0x00000000e9e00000| Complete 
| 159|0x00000000e9f00000, 0x00000000ea000000, 0x00000000ea000000|100%| E|CS|TAMS 0x00000000e9f00000| PB 0x00000000e9f00000| Complete 
| 160|0x00000000ea000000, 0x00000000ea100000, 0x00000000ea100000|100%| E|CS|TAMS 0x00000000ea000000| PB 0x00000000ea000000| Complete 
| 161|0x00000000ea100000, 0x00000000ea200000, 0x00000000ea200000|100%| E|CS|TAMS 0x00000000ea100000| PB 0x00000000ea100000| Complete 
| 162|0x00000000ea200000, 0x00000000ea300000, 0x00000000ea300000|100%| E|CS|TAMS 0x00000000ea200000| PB 0x00000000ea200000| Complete 
| 505|0x00000000ff900000, 0x00000000ffa00000, 0x00000000ffa00000|100%| E|CS|TAMS 0x00000000ff900000| PB 0x00000000ff900000| Complete 
| 506|0x00000000ffa00000, 0x00000000ffb00000, 0x00000000ffb00000|100%| O|  |TAMS 0x00000000ffa00000| PB 0x00000000ffa00000| Untracked 
| 507|0x00000000ffb00000, 0x00000000ffc00000, 0x00000000ffc00000|100%| O|  |TAMS 0x00000000ffb00000| PB 0x00000000ffb00000| Untracked 
| 508|0x00000000ffc00000, 0x00000000ffd00000, 0x00000000ffd00000|100%| O|  |TAMS 0x00000000ffc00000| PB 0x00000000ffc00000| Untracked 
| 509|0x00000000ffd00000, 0x00000000ffe00000, 0x00000000ffe00000|100%| O|  |TAMS 0x00000000ffd00000| PB 0x00000000ffd00000| Untracked 
| 510|0x00000000ffe00000, 0x00000000fff00000, 0x00000000fff00000|100%| O|  |TAMS 0x00000000ffe00000| PB 0x00000000ffe00000| Untracked 
| 511|0x00000000fff00000, 0x0000000100000000, 0x0000000100000000|100%| E|CS|TAMS 0x00000000fff00000| PB 0x00000000fff00000| Complete 

Card table byte_map: [0x000001c1e3840000,0x000001c1e3940000] _byte_map_base: 0x000001c1e3140000

Marking Bits: (CMBitMap*) 0x000001c1d16fd250
 Bits: [0x000001c1e3940000, 0x000001c1e4140000)

Polling page: 0x000001c1cf4f0000

Metaspace:

Usage:
  Non-class:     99.02 MB used.
      Class:     16.03 MB used.
       Both:    115.05 MB used.

Virtual space:
  Non-class space:      128.00 MB reserved,     100.12 MB ( 78%) committed,  2 nodes.
      Class space:      208.00 MB reserved,      17.06 MB (  8%) committed,  1 nodes.
             Both:      336.00 MB reserved,     117.19 MB ( 35%) committed. 

Chunk freelists:
   Non-Class:  11.72 MB
       Class:  14.98 MB
        Both:  26.71 MB

MaxMetaspaceSize: 256.00 MB
CompressedClassSpaceSize: 208.00 MB
Initial GC threshold: 21.00 MB
Current GC threshold: 189.00 MB
CDS: off
 - commit_granule_bytes: 65536.
 - commit_granule_words: 8192.
 - virtual_space_node_default_size: 8388608.
 - enlarge_chunks_in_place: 1.
 - use_allocation_guard: 0.


Internal statistics:

num_allocs_failed_limit: 8.
num_arena_births: 4270.
num_arena_deaths: 0.
num_vsnodes_births: 3.
num_vsnodes_deaths: 0.
num_space_committed: 1873.
num_space_uncommitted: 0.
num_chunks_returned_to_freelist: 8.
num_chunks_taken_from_freelist: 9264.
num_chunk_merges: 8.
num_chunk_splits: 6079.
num_chunks_enlarged: 3871.
num_inconsistent_stats: 0.

CodeHeap 'non-profiled nmethods': size=120000Kb used=7277Kb max_used=7277Kb free=112722Kb
 bounds [0x000001c1dc310000, 0x000001c1dca30000, 0x000001c1e3840000]
CodeHeap 'profiled nmethods': size=120000Kb used=23128Kb max_used=23128Kb free=96871Kb
 bounds [0x000001c1d4840000, 0x000001c1d5ee0000, 0x000001c1dbd70000]
CodeHeap 'non-nmethods': size=5760Kb used=2227Kb max_used=2255Kb free=3532Kb
 bounds [0x000001c1dbd70000, 0x000001c1dbfe0000, 0x000001c1dc310000]
CodeCache: size=245760Kb, used=32632Kb, max_used=32660Kb, free=213125Kb
 total_blobs=12992, nmethods=12098, adapters=798, full_count=0
Compilation: enabled, stopped_count=0, restarted_count=0

Compilation events (20 events):
Event: 210.098 Thread 0x000001c1e69105d0 nmethod 14095 0x000001c1d5ed2610 code [0x000001c1d5ed2820, 0x000001c1d5ed2f20]
Event: 210.098 Thread 0x000001c1e69105d0 14096       3       java.lang.ProcessEnvironment$CheckedEntry::getValue (5 bytes)
Event: 210.098 Thread 0x000001c1e69105d0 nmethod 14096 0x000001c1d5ed3110 code [0x000001c1d5ed32e0, 0x000001c1d5ed35f0]
Event: 210.098 Thread 0x000001c1e69105d0 14097       3       java.lang.ProcessEnvironment$CheckedEntry::getValue (13 bytes)
Event: 210.098 Thread 0x000001c1e69105d0 nmethod 14097 0x000001c1d5ed3710 code [0x000001c1d5ed38c0, 0x000001c1d5ed3b68]
Event: 210.109 Thread 0x000001c1e69105d0 14098       3       java.lang.Character::isSpaceChar (5 bytes)
Event: 210.109 Thread 0x000001c1e6758330 14100       4       java.lang.CharacterDataLatin1::getType (11 bytes)
Event: 210.118 Thread 0x000001c1e69105d0 nmethod 14098 0x000001c1d5ed3c90 code [0x000001c1d5ed3e60, 0x000001c1d5ed4168]
Event: 210.118 Thread 0x000001c1e69105d0 14099       3       java.lang.Character::isSpaceChar (19 bytes)
Event: 210.118 Thread 0x000001c1e69105d0 nmethod 14099 0x000001c1d5ed4290 code [0x000001c1d5ed4460, 0x000001c1d5ed4700]
Event: 210.135 Thread 0x000001c1e6758330 nmethod 14100 0x000001c1dca28290 code [0x000001c1dca28420, 0x000001c1dca284e0]
Event: 210.135 Thread 0x000001c1e6758330 14101       4       java.lang.Character::isLetterOrDigit (5 bytes)
Event: 210.147 Thread 0x000001c1e6758330 nmethod 14101 0x000001c1dca28590 code [0x000001c1dca28740, 0x000001c1dca28898]
Event: 210.392 Thread 0x000001c1e6758330 14102       4       org.gradle.internal.serialize.InterningStringSerializer::write (10 bytes)
Event: 210.405 Thread 0x000001c1e6758330 nmethod 14102 0x000001c1dca28a10 code [0x000001c1dca28c00, 0x000001c1dca28fa8]
Event: 211.011 Thread 0x000001c1e6758330 14104       4       org.gradle.tooling.internal.provider.runner.ClientBuildEventGenerator::started (168 bytes)
Event: 211.045 Thread 0x000001c1e6758330 nmethod 14104 0x000001c1dca29690 code [0x000001c1dca29980, 0x000001c1dca2a918]
Event: 211.066 Thread 0x000001c1e69105d0 14105   !   3       java.util.logging.LogManager::ensureLogManagerInitialized (144 bytes)
Event: 211.069 Thread 0x000001c1e69105d0 nmethod 14105 0x000001c1d5ed4810 code [0x000001c1d5ed4b20, 0x000001c1d5ed5c80]
Event: 211.207 Thread 0x000001c1e6758330 14106       4       org.gradle.cache.internal.btree.CachingBlockStore::read (56 bytes)

GC Heap History (20 events):
Event: 107.297 GC heap before
{Heap before GC invocations=74 (full 0):
 garbage-first heap   total 132096K, used 123162K [0x00000000e0000000, 0x0000000100000000)
  region size 1024K, 45 young (46080K), 4 survivors (4096K)
 Metaspace       used 95990K, committed 97984K, reserved 344064K
  class space    used 13548K, committed 14528K, reserved 212992K
}
Event: 107.406 GC heap after
{Heap after GC invocations=75 (full 0):
 garbage-first heap   total 132096K, used 82559K [0x00000000e0000000, 0x0000000100000000)
  region size 1024K, 5 young (5120K), 5 survivors (5120K)
 Metaspace       used 95990K, committed 97984K, reserved 344064K
  class space    used 13548K, committed 14528K, reserved 212992K
}
Event: 121.056 GC heap before
{Heap before GC invocations=76 (full 0):
 garbage-first heap   total 140288K, used 122495K [0x00000000e0000000, 0x0000000100000000)
  region size 1024K, 44 young (45056K), 5 survivors (5120K)
 Metaspace       used 98560K, committed 100608K, reserved 344064K
  class space    used 13963K, committed 14912K, reserved 212992K
}
Event: 121.142 GC heap after
{Heap after GC invocations=77 (full 0):
 garbage-first heap   total 140288K, used 84490K [0x00000000e0000000, 0x0000000100000000)
  region size 1024K, 5 young (5120K), 5 survivors (5120K)
 Metaspace       used 98560K, committed 100608K, reserved 344064K
  class space    used 13963K, committed 14912K, reserved 212992K
}
Event: 128.131 GC heap before
{Heap before GC invocations=77 (full 0):
 garbage-first heap   total 140288K, used 131594K [0x00000000e0000000, 0x0000000100000000)
  region size 1024K, 51 young (52224K), 5 survivors (5120K)
 Metaspace       used 101637K, committed 103808K, reserved 344064K
  class space    used 14418K, committed 15488K, reserved 212992K
}
Event: 128.292 GC heap after
{Heap after GC invocations=78 (full 0):
 garbage-first heap   total 141312K, used 85639K [0x00000000e0000000, 0x0000000100000000)
  region size 1024K, 6 young (6144K), 6 survivors (6144K)
 Metaspace       used 101637K, committed 103808K, reserved 344064K
  class space    used 14418K, committed 15488K, reserved 212992K
}
Event: 131.132 GC heap before
{Heap before GC invocations=78 (full 0):
 garbage-first heap   total 141312K, used 131719K [0x00000000e0000000, 0x0000000100000000)
  region size 1024K, 51 young (52224K), 6 survivors (6144K)
 Metaspace       used 105649K, committed 107776K, reserved 344064K
  class space    used 14974K, committed 16000K, reserved 212992K
}
Event: 131.245 GC heap after
{Heap after GC invocations=79 (full 0):
 garbage-first heap   total 141312K, used 87918K [0x00000000e0000000, 0x0000000100000000)
  region size 1024K, 5 young (5120K), 5 survivors (5120K)
 Metaspace       used 105649K, committed 107776K, reserved 344064K
  class space    used 14974K, committed 16000K, reserved 212992K
}
Event: 139.692 GC heap before
{Heap before GC invocations=80 (full 0):
 garbage-first heap   total 148480K, used 130926K [0x00000000e0000000, 0x0000000100000000)
  region size 1024K, 48 young (49152K), 5 survivors (5120K)
 Metaspace       used 108598K, committed 110656K, reserved 344064K
  class space    used 15311K, committed 16320K, reserved 212992K
}
Event: 139.801 GC heap after
{Heap after GC invocations=81 (full 0):
 garbage-first heap   total 148480K, used 91062K [0x00000000e0000000, 0x0000000100000000)
  region size 1024K, 6 young (6144K), 6 survivors (6144K)
 Metaspace       used 108598K, committed 110656K, reserved 344064K
  class space    used 15311K, committed 16320K, reserved 212992K
}
Event: 174.409 GC heap before
{Heap before GC invocations=81 (full 0):
 garbage-first heap   total 148480K, used 143286K [0x00000000e0000000, 0x0000000100000000)
  region size 1024K, 53 young (54272K), 6 survivors (6144K)
 Metaspace       used 113402K, committed 115520K, reserved 344064K
  class space    used 15851K, committed 16896K, reserved 212992K
}
Event: 174.689 GC heap after
{Heap after GC invocations=82 (full 0):
 garbage-first heap   total 157696K, used 97104K [0x00000000e0000000, 0x0000000100000000)
  region size 1024K, 7 young (7168K), 7 survivors (7168K)
 Metaspace       used 113402K, committed 115520K, reserved 344064K
  class space    used 15851K, committed 16896K, reserved 212992K
}
Event: 184.098 GC heap before
{Heap before GC invocations=82 (full 0):
 garbage-first heap   total 157696K, used 139088K [0x00000000e0000000, 0x0000000100000000)
  region size 1024K, 49 young (50176K), 7 survivors (7168K)
 Metaspace       used 113576K, committed 115712K, reserved 344064K
  class space    used 15857K, committed 16896K, reserved 212992K
}
Event: 184.477 GC heap after
{Heap after GC invocations=83 (full 0):
 garbage-first heap   total 157696K, used 102107K [0x00000000e0000000, 0x0000000100000000)
  region size 1024K, 5 young (5120K), 5 survivors (5120K)
 Metaspace       used 113576K, committed 115712K, reserved 344064K
  class space    used 15857K, committed 16896K, reserved 212992K
}
Event: 192.651 GC heap before
{Heap before GC invocations=83 (full 0):
 garbage-first heap   total 157696K, used 144091K [0x00000000e0000000, 0x0000000100000000)
  region size 1024K, 47 young (48128K), 5 survivors (5120K)
 Metaspace       used 113912K, committed 116096K, reserved 344064K
  class space    used 15898K, committed 16960K, reserved 212992K
}
Event: 192.736 GC heap after
{Heap after GC invocations=84 (full 0):
 garbage-first heap   total 157696K, used 104050K [0x00000000e0000000, 0x0000000100000000)
  region size 1024K, 2 young (2048K), 2 survivors (2048K)
 Metaspace       used 113912K, committed 116096K, reserved 344064K
  class space    used 15898K, committed 16960K, reserved 212992K
}
Event: 199.037 GC heap before
{Heap before GC invocations=85 (full 0):
 garbage-first heap   total 174080K, used 146034K [0x00000000e0000000, 0x0000000100000000)
  region size 1024K, 44 young (45056K), 2 survivors (2048K)
 Metaspace       used 114010K, committed 116160K, reserved 344064K
  class space    used 15913K, committed 16960K, reserved 212992K
}
Event: 199.133 GC heap after
{Heap after GC invocations=86 (full 0):
 garbage-first heap   total 174080K, used 104900K [0x00000000e0000000, 0x0000000100000000)
  region size 1024K, 3 young (3072K), 3 survivors (3072K)
 Metaspace       used 114010K, committed 116160K, reserved 344064K
  class space    used 15913K, committed 16960K, reserved 212992K
}
Event: 208.315 GC heap before
{Heap before GC invocations=86 (full 0):
 garbage-first heap   total 174080K, used 162244K [0x00000000e0000000, 0x0000000100000000)
  region size 1024K, 59 young (60416K), 3 survivors (3072K)
 Metaspace       used 117198K, committed 119360K, reserved 344064K
  class space    used 16305K, committed 17344K, reserved 212992K
}
Event: 208.457 GC heap after
{Heap after GC invocations=87 (full 0):
 garbage-first heap   total 174080K, used 107520K [0x00000000e0000000, 0x0000000100000000)
  region size 1024K, 7 young (7168K), 7 survivors (7168K)
 Metaspace       used 117198K, committed 119360K, reserved 344064K
  class space    used 16305K, committed 17344K, reserved 212992K
}

Dll operation events (3 events):
Event: 0.042 Loaded shared library C:\Program Files\Android\Android Studio\jbr\bin\java.dll
Event: 0.051 Loaded shared library C:\Program Files\Android\Android Studio\jbr\bin\zip.dll
Event: 4.250 Loaded shared library C:\Program Files\Android\Android Studio\jbr\bin\verify.dll

Deoptimization events (20 events):
Event: 209.798 Thread 0x000001c1f53dfa10 Uncommon trap: trap_request=0xffffffc6 fr.pc=0x000001c1dc89b52c relative=0x000000000000050c
Event: 209.798 Thread 0x000001c1f53dfa10 Uncommon trap: reason=bimorphic_or_optimized_type_check action=maybe_recompile pc=0x000001c1dc89b52c method=java.util.regex.Matcher.search(I)Z @ 121 c2
Event: 209.798 Thread 0x000001c1f53dfa10 DEOPT PACKING pc=0x000001c1dc89b52c sp=0x00000016028fd060
Event: 209.798 Thread 0x000001c1f53dfa10 DEOPT UNPACKING pc=0x000001c1dbdc7aa2 sp=0x00000016028fd040 mode 2
Event: 209.799 Thread 0x000001c1f53dfa10 Uncommon trap: trap_request=0xffffffc6 fr.pc=0x000001c1dc89b52c relative=0x000000000000050c
Event: 209.799 Thread 0x000001c1f53dfa10 Uncommon trap: reason=bimorphic_or_optimized_type_check action=maybe_recompile pc=0x000001c1dc89b52c method=java.util.regex.Matcher.search(I)Z @ 121 c2
Event: 209.799 Thread 0x000001c1f53dfa10 DEOPT PACKING pc=0x000001c1dc89b52c sp=0x00000016028fd060
Event: 209.799 Thread 0x000001c1f53dfa10 DEOPT UNPACKING pc=0x000001c1dbdc7aa2 sp=0x00000016028fd040 mode 2
Event: 209.799 Thread 0x000001c1f53dfa10 Uncommon trap: trap_request=0xffffffc6 fr.pc=0x000001c1dc89b52c relative=0x000000000000050c
Event: 209.799 Thread 0x000001c1f53dfa10 Uncommon trap: reason=bimorphic_or_optimized_type_check action=maybe_recompile pc=0x000001c1dc89b52c method=java.util.regex.Matcher.search(I)Z @ 121 c2
Event: 209.799 Thread 0x000001c1f53dfa10 DEOPT PACKING pc=0x000001c1dc89b52c sp=0x00000016028fd060
Event: 209.799 Thread 0x000001c1f53dfa10 DEOPT UNPACKING pc=0x000001c1dbdc7aa2 sp=0x00000016028fd040 mode 2
Event: 210.017 Thread 0x000001c1f53dfa10 Uncommon trap: trap_request=0xffffff45 fr.pc=0x000001c1dc9eb2f4 relative=0x0000000000000474
Event: 210.017 Thread 0x000001c1f53dfa10 Uncommon trap: reason=unstable_if action=reinterpret pc=0x000001c1dc9eb2f4 method=java.util.StringJoiner.add(Ljava/lang/CharSequence;)Ljava/util/StringJoiner; @ 33 c2
Event: 210.017 Thread 0x000001c1f53dfa10 DEOPT PACKING pc=0x000001c1dc9eb2f4 sp=0x00000016028fd530
Event: 210.017 Thread 0x000001c1f53dfa10 DEOPT UNPACKING pc=0x000001c1dbdc7aa2 sp=0x00000016028fd4e0 mode 2
Event: 211.442 Thread 0x000001c1f53dfa10 Uncommon trap: trap_request=0xffffffde fr.pc=0x000001c1dca0df28 relative=0x0000000000001708
Event: 211.444 Thread 0x000001c1f53dfa10 Uncommon trap: reason=class_check action=maybe_recompile pc=0x000001c1dca0df28 method=java.util.concurrent.locks.AbstractQueuedSynchronizer.acquire(Ljava/util/concurrent/locks/AbstractQueuedSynchronizer$Node;IZZZJ)I @ 108 c2
Event: 211.444 Thread 0x000001c1f53dfa10 DEOPT PACKING pc=0x000001c1dca0df28 sp=0x00000016028fd550
Event: 211.450 Thread 0x000001c1f53dfa10 DEOPT UNPACKING pc=0x000001c1dbdc7aa2 sp=0x00000016028fd520 mode 2

Classes loaded (20 events):
Event: 209.663 Loading class java/rmi/server/RMIClientSocketFactory
Event: 209.664 Loading class java/rmi/server/RMIClientSocketFactory done
Event: 209.905 Loading class java/lang/IllegalThreadStateException
Event: 209.907 Loading class java/lang/IllegalThreadStateException done
Event: 210.017 Loading class java/lang/ProcessImpl
Event: 210.088 Loading class java/lang/ProcessImpl done
Event: 210.580 Loading class java/lang/ProcessHandleImpl
Event: 210.721 Loading class java/lang/ProcessHandleImpl done
Event: 210.773 Loading class java/lang/ProcessImpl$2
Event: 210.782 Loading class java/lang/ProcessImpl$2 done
Event: 210.784 Loading class java/lang/Process$PipeInputStream
Event: 210.793 Loading class java/lang/Process$PipeInputStream done
Event: 211.052 Loading class java/lang/ProcessBuilder$NullInputStream
Event: 211.054 Loading class java/lang/ProcessBuilder$NullInputStream done
Event: 211.054 Loading class jdk/internal/event/ProcessStartEvent
Event: 211.061 Loading class jdk/internal/event/ProcessStartEvent done
Event: 211.114 Loading class java/util/concurrent/Semaphore$NonfairSync
Event: 211.117 Loading class java/util/concurrent/Semaphore$Sync
Event: 211.119 Loading class java/util/concurrent/Semaphore$Sync done
Event: 211.119 Loading class java/util/concurrent/Semaphore$NonfairSync done

Classes unloaded (0 events):
No events

Classes redefined (0 events):
No events

Internal exceptions (20 events):
Event: 210.974 Thread 0x000001c1f53ddfd0 Exception <a 'sun/nio/fs/WindowsException'{0x00000000e94907b0}> (0x00000000e94907b0) 
thrown [s\src\hotspot\share\prims\jni.cpp, line 537]
Event: 211.038 Thread 0x000001c1f54429c0 Exception <a 'sun/nio/fs/WindowsException'{0x00000000e9317d00}> (0x00000000e9317d00) 
thrown [s\src\hotspot\share\prims\jni.cpp, line 537]
Event: 211.090 Thread 0x000001c1f53ddfd0 Exception <a 'sun/nio/fs/WindowsException'{0x00000000e93997e0}> (0x00000000e93997e0) 
thrown [s\src\hotspot\share\prims\jni.cpp, line 537]
Event: 211.113 Thread 0x000001c1f54429c0 Exception <a 'sun/nio/fs/WindowsException'{0x00000000e92259d0}> (0x00000000e92259d0) 
thrown [s\src\hotspot\share\prims\jni.cpp, line 537]
Event: 211.119 Thread 0x000001c1f53dfa10 Exception <a 'sun/nio/fs/WindowsException'{0x00000000e92399b0}> (0x00000000e92399b0) 
thrown [s\src\hotspot\share\prims\jni.cpp, line 537]
Event: 211.126 Thread 0x000001c1f53dfa10 Exception <a 'sun/nio/fs/WindowsException'{0x00000000e92570b8}> (0x00000000e92570b8) 
thrown [s\src\hotspot\share\prims\jni.cpp, line 537]
Event: 211.130 Thread 0x000001c1f53dfa10 Exception <a 'sun/nio/fs/WindowsException'{0x00000000e925e200}> (0x00000000e925e200) 
thrown [s\src\hotspot\share\prims\jni.cpp, line 537]
Event: 211.134 Thread 0x000001c1f54429c0 Exception <a 'sun/nio/fs/WindowsException'{0x00000000e92f9590}> (0x00000000e92f9590) 
thrown [s\src\hotspot\share\prims\jni.cpp, line 537]
Event: 211.135 Thread 0x000001c1f53dfa10 Exception <a 'sun/nio/fs/WindowsException'{0x00000000e91014c0}> (0x00000000e91014c0) 
thrown [s\src\hotspot\share\prims\jni.cpp, line 537]
Event: 211.139 Thread 0x000001c1f53dfa10 Exception <a 'sun/nio/fs/WindowsException'{0x00000000e9108680}> (0x00000000e9108680) 
thrown [s\src\hotspot\share\prims\jni.cpp, line 537]
Event: 211.152 Thread 0x000001c1f53e4240 Exception <a 'sun/nio/fs/WindowsException'{0x00000000e9165308}> (0x00000000e9165308) 
thrown [s\src\hotspot\share\prims\jni.cpp, line 537]
Event: 211.160 Thread 0x000001c1f53dfa10 Exception <a 'sun/nio/fs/WindowsException'{0x00000000e91437f0}> (0x00000000e91437f0) 
thrown [s\src\hotspot\share\prims\jni.cpp, line 537]
Event: 211.164 Thread 0x000001c1f53dfa10 Exception <a 'sun/nio/fs/WindowsException'{0x00000000e91834f8}> (0x00000000e91834f8) 
thrown [s\src\hotspot\share\prims\jni.cpp, line 537]
Event: 211.165 Thread 0x000001c1f53dfa10 Exception <a 'sun/nio/fs/WindowsException'{0x00000000e918b760}> (0x00000000e918b760) 
thrown [s\src\hotspot\share\prims\jni.cpp, line 537]
Event: 211.171 Thread 0x000001c1f53dfa10 Exception <a 'sun/nio/fs/WindowsException'{0x00000000e91a8f88}> (0x00000000e91a8f88) 
thrown [s\src\hotspot\share\prims\jni.cpp, line 537]
Event: 211.210 Thread 0x000001c1f53ddfd0 Exception <a 'sun/nio/fs/WindowsException'{0x00000000e903e730}> (0x00000000e903e730) 
thrown [s\src\hotspot\share\prims\jni.cpp, line 537]
Event: 211.229 Thread 0x000001c1f53e4240 Exception <a 'sun/nio/fs/WindowsException'{0x00000000e90c66c0}> (0x00000000e90c66c0) 
thrown [s\src\hotspot\share\prims\jni.cpp, line 537]
Event: 211.420 Thread 0x000001c1f53e4240 Exception <a 'sun/nio/fs/WindowsException'{0x00000000e8f47c78}> (0x00000000e8f47c78) 
thrown [s\src\hotspot\share\prims\jni.cpp, line 537]
Event: 211.495 Thread 0x000001c1f53e4240 Exception <a 'sun/nio/fs/WindowsException'{0x00000000e8fcfb50}> (0x00000000e8fcfb50) 
thrown [s\src\hotspot\share\prims\jni.cpp, line 537]
Event: 211.519 Thread 0x000001c1f53e4240 Exception <a 'sun/nio/fs/WindowsException'{0x00000000e8e57fd8}> (0x00000000e8e57fd8) 
thrown [s\src\hotspot\share\prims\jni.cpp, line 537]

ZGC Phase Switch (0 events):
No events

VM Operations (20 events):
Event: 205.186 Executing VM operation: Cleanup
Event: 205.202 Executing VM operation: Cleanup done
Event: 206.203 Executing VM operation: Cleanup
Event: 206.203 Executing VM operation: Cleanup done
Event: 207.205 Executing VM operation: Cleanup
Event: 207.222 Executing VM operation: Cleanup done
Event: 208.225 Executing VM operation: Cleanup
Event: 208.226 Executing VM operation: Cleanup done
Event: 208.311 Executing VM operation: G1CollectForAllocation (G1 Evacuation Pause)
Event: 208.457 Executing VM operation: G1CollectForAllocation (G1 Evacuation Pause) done
Event: 209.483 Executing VM operation: Cleanup
Event: 209.490 Executing VM operation: Cleanup done
Event: 210.498 Executing VM operation: Cleanup
Event: 210.527 Executing VM operation: Cleanup done
Event: 211.048 Executing VM operation: HandshakeAllThreads (Deoptimize)
Event: 211.051 Executing VM operation: HandshakeAllThreads (Deoptimize) done
Event: 211.149 Executing VM operation: HandshakeAllThreads (Deoptimize)
Event: 211.150 Executing VM operation: HandshakeAllThreads (Deoptimize) done
Event: 211.154 Executing VM operation: HandshakeAllThreads (Deoptimize)
Event: 211.154 Executing VM operation: HandshakeAllThreads (Deoptimize) done

Memory protections (0 events):
No events

Nmethod flushes (20 events):
Event: 194.633 Thread 0x000001c1e66cd190 flushing  nmethod 0x000001c1d5174a90
Event: 194.633 Thread 0x000001c1e66cd190 flushing  nmethod 0x000001c1d5179710
Event: 194.634 Thread 0x000001c1e66cd190 flushing  nmethod 0x000001c1d51f4910
Event: 194.634 Thread 0x000001c1e66cd190 flushing  nmethod 0x000001c1d52fab90
Event: 194.634 Thread 0x000001c1e66cd190 flushing  nmethod 0x000001c1d54ce410
Event: 194.634 Thread 0x000001c1e66cd190 flushing  nmethod 0x000001c1d561c410
Event: 194.634 Thread 0x000001c1e66cd190 flushing  nmethod 0x000001c1d563b410
Event: 194.634 Thread 0x000001c1e66cd190 flushing  nmethod 0x000001c1d56ff210
Event: 194.634 Thread 0x000001c1e66cd190 flushing  nmethod 0x000001c1d5775310
Event: 194.634 Thread 0x000001c1e66cd190 flushing  nmethod 0x000001c1d57a1f90
Event: 194.634 Thread 0x000001c1e66cd190 flushing  nmethod 0x000001c1d58e7190
Event: 194.634 Thread 0x000001c1e66cd190 flushing  nmethod 0x000001c1d58eb310
Event: 194.634 Thread 0x000001c1e66cd190 flushing  nmethod 0x000001c1d5994210
Event: 194.635 Thread 0x000001c1e66cd190 flushing  nmethod 0x000001c1d59a1210
Event: 194.636 Thread 0x000001c1e66cd190 flushing  nmethod 0x000001c1d5a20a10
Event: 194.636 Thread 0x000001c1e66cd190 flushing  nmethod 0x000001c1d5a21c90
Event: 194.636 Thread 0x000001c1e66cd190 flushing  nmethod 0x000001c1d5a24b10
Event: 194.636 Thread 0x000001c1e66cd190 flushing  nmethod 0x000001c1d5a25210
Event: 194.636 Thread 0x000001c1e66cd190 flushing  nmethod 0x000001c1d5a26210
Event: 194.636 Thread 0x000001c1e66cd190 flushing  nmethod 0x000001c1d5a27a90

Events (20 events):
Event: 177.530 Thread 0x000001c1f5445120 Thread added: 0x000001c1f54464d0
Event: 177.532 Thread 0x000001c1f5445120 Thread added: 0x000001c1f5447880
Event: 177.532 Thread 0x000001c1f5445120 Thread added: 0x000001c1f54457b0
Event: 187.652 Thread 0x000001c1f5445120 Thread added: 0x000001c1f5445e40
Event: 191.838 Thread 0x000001c1f5445120 Thread added: 0x000001c1f5446b60
Event: 191.840 Thread 0x000001c1f5445120 Thread added: 0x000001c1f5447f10
Event: 191.841 Thread 0x000001c1f5445120 Thread added: 0x000001c1f5443050
Event: 196.570 Thread 0x000001c1f5445120 Thread added: 0x000001c1f53e3520
Event: 196.571 Thread 0x000001c1f5445120 Thread added: 0x000001c1f53dd940
Event: 196.571 Thread 0x000001c1f5445120 Thread added: 0x000001c1f53e00a0
Event: 198.346 Thread 0x000001c1f5445120 Thread added: 0x000001c1f53e2170
Event: 198.367 Thread 0x000001c1f5445120 Thread added: 0x000001c1f53e3bb0
Event: 198.368 Thread 0x000001c1f5445120 Thread added: 0x000001c1f53e4f60
Event: 200.527 Thread 0x000001c1f5445120 Thread added: 0x000001c1f53de660
Event: 208.070 Thread 0x000001c1f5445120 Thread added: 0x000001c1f53dfa10
Event: 209.747 Thread 0x000001c1f54429c0 Thread added: 0x000001c1f53e4240
Event: 209.751 Thread 0x000001c1f54429c0 Thread added: 0x000001c1f53e0730
Event: 209.756 Thread 0x000001c1f54429c0 Thread added: 0x000001c1f53ddfd0
Event: 209.805 Thread 0x000001c1eda9e4f0 Thread added: 0x000001c1f53e48d0
Event: 211.435 Thread 0x000001c1f53dfa10 Thread added: 0x000001c1f53e0dc0


Dynamic libraries:
0x00007ff74d110000 - 0x00007ff74d11a000 	C:\Program Files\Android\Android Studio\jbr\bin\java.exe
0x00007ffbe3470000 - 0x00007ffbe3668000 	C:\Windows\SYSTEM32\ntdll.dll
0x00007ffbe29e0000 - 0x00007ffbe2aa2000 	C:\Windows\System32\KERNEL32.DLL
0x00007ffbe0c80000 - 0x00007ffbe0f76000 	C:\Windows\System32\KERNELBASE.dll
0x00007ffbe0f80000 - 0x00007ffbe1080000 	C:\Windows\System32\ucrtbase.dll
0x00007ffbcee50000 - 0x00007ffbcee68000 	C:\Program Files\Android\Android Studio\jbr\bin\jli.dll
0x00007ffbcee30000 - 0x00007ffbcee4b000 	C:\Program Files\Android\Android Studio\jbr\bin\VCRUNTIME140.dll
0x00007ffbce3d0000 - 0x00007ffbce66b000 	C:\Windows\WinSxS\amd64_microsoft.windows.common-controls_6595b64144ccf1df_6.0.19041.6456_none_60b8a6cb71f64256\COMCTL32.dll
0x00007ffbe2fb0000 - 0x00007ffbe304e000 	C:\Windows\System32\msvcrt.dll
0x00007ffbe1490000 - 0x00007ffbe14bb000 	C:\Windows\System32\GDI32.dll
0x00007ffbe1220000 - 0x00007ffbe1242000 	C:\Windows\System32\win32u.dll
0x00007ffbe1100000 - 0x00007ffbe1219000 	C:\Windows\System32\gdi32full.dll
0x00007ffbe0b90000 - 0x00007ffbe0c2d000 	C:\Windows\System32\msvcp_win.dll
0x00007ffbe2ab0000 - 0x00007ffbe2c51000 	C:\Windows\System32\USER32.dll
0x00007ffbe31a0000 - 0x00007ffbe31cf000 	C:\Windows\System32\IMM32.DLL
0x00007ffbda950000 - 0x00007ffbda95c000 	C:\Program Files\Android\Android Studio\jbr\bin\vcruntime140_1.dll
0x00007ffba9990000 - 0x00007ffba9a1d000 	C:\Program Files\Android\Android Studio\jbr\bin\msvcp140.dll
0x00007ffb7c7b0000 - 0x00007ffb7d446000 	C:\Program Files\Android\Android Studio\jbr\bin\server\jvm.dll
0x00007ffbe14c0000 - 0x00007ffbe1571000 	C:\Windows\System32\ADVAPI32.dll
0x00007ffbe15a0000 - 0x00007ffbe163f000 	C:\Windows\System32\sechost.dll
0x00007ffbe17f0000 - 0x00007ffbe1910000 	C:\Windows\System32\RPCRT4.dll
0x00007ffbe13b0000 - 0x00007ffbe13d7000 	C:\Windows\System32\bcrypt.dll
0x00007ffbe2d40000 - 0x00007ffbe2dab000 	C:\Windows\System32\WS2_32.dll
0x00007ffbe0960000 - 0x00007ffbe09ab000 	C:\Windows\SYSTEM32\POWRPROF.dll
0x00007ffbc9c30000 - 0x00007ffbc9c57000 	C:\Windows\SYSTEM32\WINMM.dll
0x00007ffbd9910000 - 0x00007ffbd991a000 	C:\Windows\SYSTEM32\VERSION.dll
0x00007ffbe0940000 - 0x00007ffbe0952000 	C:\Windows\SYSTEM32\UMPDC.dll
0x00007ffbdf2d0000 - 0x00007ffbdf2e2000 	C:\Windows\SYSTEM32\kernel.appcore.dll
0x00007ffbd5ce0000 - 0x00007ffbd5cea000 	C:\Program Files\Android\Android Studio\jbr\bin\jimage.dll
0x00007ffbde6a0000 - 0x00007ffbde8a1000 	C:\Windows\SYSTEM32\DBGHELP.DLL
0x00007ffbb3290000 - 0x00007ffbb32c4000 	C:\Windows\SYSTEM32\dbgcore.DLL
0x00007ffbe0b00000 - 0x00007ffbe0b82000 	C:\Windows\System32\bcryptPrimitives.dll
0x00007ffbcedf0000 - 0x00007ffbcedfe000 	C:\Program Files\Android\Android Studio\jbr\bin\instrument.dll
0x00007ffbced60000 - 0x00007ffbced80000 	C:\Program Files\Android\Android Studio\jbr\bin\java.dll
0x00007ffbced40000 - 0x00007ffbced58000 	C:\Program Files\Android\Android Studio\jbr\bin\zip.dll
0x00007ffbe1da0000 - 0x00007ffbe2510000 	C:\Windows\System32\SHELL32.dll
0x00007ffbdeb10000 - 0x00007ffbdf2b5000 	C:\Windows\SYSTEM32\windows.storage.dll
0x00007ffbe1910000 - 0x00007ffbe1c64000 	C:\Windows\System32\combase.dll
0x00007ffbe0450000 - 0x00007ffbe047b000 	C:\Windows\SYSTEM32\Wldp.dll
0x00007ffbe2e30000 - 0x00007ffbe2efd000 	C:\Windows\System32\OLEAUT32.dll
0x00007ffbe2f00000 - 0x00007ffbe2fad000 	C:\Windows\System32\SHCORE.dll
0x00007ffbe32f0000 - 0x00007ffbe334b000 	C:\Windows\System32\shlwapi.dll
0x00007ffbe0a30000 - 0x00007ffbe0a54000 	C:\Windows\SYSTEM32\profapi.dll
0x00007ffbd5800000 - 0x00007ffbd5810000 	C:\Program Files\Android\Android Studio\jbr\bin\net.dll
0x00007ffbd5a40000 - 0x00007ffbd5b4a000 	C:\Windows\SYSTEM32\WINHTTP.dll
0x00007ffbe0160000 - 0x00007ffbe01ca000 	C:\Windows\system32\mswsock.dll
0x00007ffbce2e0000 - 0x00007ffbce2f6000 	C:\Program Files\Android\Android Studio\jbr\bin\nio.dll
0x00007ffbdaac0000 - 0x00007ffbdaad0000 	C:\Program Files\Android\Android Studio\jbr\bin\verify.dll
0x00007ffbce3a0000 - 0x00007ffbce3c7000 	C:\Users\DELL\.gradle\native\660c5614fbf4a5f2a75b1949f50a0caf5cd603558e7d8a26e50b933a0cfb79d1\windows-amd64\native-platform.dll
0x00007ffbb7260000 - 0x00007ffbb72d7000 	C:\Users\DELL\.gradle\native\0.2.8\x86_64-windows-gnu\gradle-fileevents.dll
0x00007ffbcfb40000 - 0x00007ffbcfb49000 	C:\Program Files\Android\Android Studio\jbr\bin\management.dll
0x00007ffbcfb00000 - 0x00007ffbcfb0b000 	C:\Program Files\Android\Android Studio\jbr\bin\management_ext.dll
0x00007ffbe1590000 - 0x00007ffbe1598000 	C:\Windows\System32\PSAPI.DLL
0x00007ffbdfe50000 - 0x00007ffbdfe8b000 	C:\Windows\SYSTEM32\IPHLPAPI.DLL
0x00007ffbe1580000 - 0x00007ffbe1588000 	C:\Windows\System32\NSI.dll
0x00007ffbcefc0000 - 0x00007ffbcefc9000 	C:\Program Files\Android\Android Studio\jbr\bin\extnet.dll
0x00007ffbe0310000 - 0x00007ffbe0328000 	C:\Windows\SYSTEM32\CRYPTSP.dll
0x00007ffbdfa90000 - 0x00007ffbdfac8000 	C:\Windows\system32\rsaenh.dll
0x00007ffbe09b0000 - 0x00007ffbe09de000 	C:\Windows\SYSTEM32\USERENV.dll
0x00007ffbe0330000 - 0x00007ffbe033c000 	C:\Windows\SYSTEM32\CRYPTBASE.dll
0x00007ffbda170000 - 0x00007ffbda177000 	C:\Windows\system32\wshunix.dll

JVMTI agents:
C:\Users\DELL\.gradle\wrapper\dists\gradle-9.3.1-bin\23ovyewtku6u96viwx3xl3oks\gradle-9.3.1\lib\agents\gradle-instrumentation-agent-9.3.1.jar path:C:\Program Files\Android\Android Studio\jbr\bin\instrument.dll, loaded, initialized, instrumentlib options:none

dbghelp: loaded successfully - version: 4.0.5 - missing functions: none
symbol engine: initialized successfully - sym options: 0x614 - pdb path: .;C:\Program Files\Android\Android Studio\jbr\bin;C:\Windows\SYSTEM32;C:\Windows\WinSxS\amd64_microsoft.windows.common-controls_6595b64144ccf1df_6.0.19041.6456_none_60b8a6cb71f64256;C:\Program Files\Android\Android Studio\jbr\bin\server;C:\Users\DELL\.gradle\native\660c5614fbf4a5f2a75b1949f50a0caf5cd603558e7d8a26e50b933a0cfb79d1\windows-amd64;C:\Users\DELL\.gradle\native\0.2.8\x86_64-windows-gnu

VM Arguments:
jvm_args: --add-opens=java.base/java.lang=ALL-UNNAMED --add-opens=java.base/java.lang.invoke=ALL-UNNAMED --add-opens=java.base/java.util=ALL-UNNAMED --add-opens=java.prefs/java.util.prefs=ALL-UNNAMED --add-exports=jdk.compiler/com.sun.tools.javac.api=ALL-UNNAMED --add-exports=jdk.compiler/com.sun.tools.javac.util=ALL-UNNAMED --add-opens=java.base/java.util=ALL-UNNAMED --add-opens=java.prefs/java.util.prefs=ALL-UNNAMED --add-opens=java.base/java.nio.charset=ALL-UNNAMED --add-opens=java.base/java.net=ALL-UNNAMED --add-opens=java.base/java.util.concurrent=ALL-UNNAMED --add-opens=java.base/java.util.concurrent.atomic=ALL-UNNAMED --add-opens=java.xml/javax.xml.namespace=ALL-UNNAMED --add-opens=java.base/java.time=ALL-UNNAMED -XX:MaxMetaspaceSize=256m -Xmx512m -Dfile.encoding=UTF-8 -Duser.country=IN -Duser.language=en -Duser.variant -javaagent:C:\Users\DELL\.gradle\wrapper\dists\gradle-9.3.1-bin\23ovyewtku6u96viwx3xl3oks\gradle-9.3.1\lib\agents\gradle-instrumentation-agent-9.3.1.jar 
java_command: org.gradle.launcher.daemon.bootstrap.GradleDaemon 9.3.1
java_class_path (initial): C:\Users\DELL\.gradle\wrapper\dists\gradle-9.3.1-bin\23ovyewtku6u96viwx3xl3oks\gradle-9.3.1\lib\gradle-daemon-main-9.3.1.jar
Launcher Type: SUN_STANDARD

[Global flags]
     intx CICompilerCount                          = 3                                         {product} {ergonomic}
   size_t CompressedClassSpaceSize                 = 218103808                                 {product} {ergonomic}
     uint ConcGCThreads                            = 1                                         {product} {ergonomic}
     uint G1ConcRefinementThreads                  = 4                                         {product} {ergonomic}
   size_t G1HeapRegionSize                         = 1048576                                   {product} {ergonomic}
    uintx GCDrainStackTargetSize                   = 64                                        {product} {ergonomic}
   size_t InitialHeapSize                          = 65011712                                  {product} {ergonomic}
   size_t MarkStackSize                            = 4194304                                   {product} {ergonomic}
   size_t MaxHeapSize                              = 536870912                                 {product} {command line}
   size_t MaxMetaspaceSize                         = 268435456                                 {product} {command line}
   size_t MaxNewSize                               = 321912832                                 {product} {ergonomic}
   size_t MinHeapDeltaBytes                        = 1048576                                   {product} {ergonomic}
   size_t MinHeapSize                              = 8388608                                   {product} {ergonomic}
    uintx NonNMethodCodeHeapSize                   = 5832780                                {pd product} {ergonomic}
    uintx NonProfiledCodeHeapSize                  = 122912730                              {pd product} {ergonomic}
    uintx ProfiledCodeHeapSize                     = 122912730                              {pd product} {ergonomic}
    uintx ReservedCodeCacheSize                    = 251658240                              {pd product} {ergonomic}
     bool SegmentedCodeCache                       = true                                      {product} {ergonomic}
   size_t SoftMaxHeapSize                          = 536870912                              {manageable} {ergonomic}
     bool UseCompressedOops                        = true                           {product lp64_product} {ergonomic}
     bool UseG1GC                                  = true                                      {product} {ergonomic}
     bool UseLargePagesIndividualAllocation        = false                                  {pd product} {ergonomic}

Logging:
Log output configuration:
 #0: stdout all=warning uptime,level,tags foldmultilines=false
 #1: stderr all=off uptime,level,tags foldmultilines=false

Release file:
JAVA_VERSION="21.0.9" 
MODULES="java.base java.compiler java.datatransfer java.xml java.prefs java.desktop java.instrument java.logging java.management java.security.sasl java.naming java.rmi java.management.rmi java.net.http java.scripting java.security.jgss java.transaction.xa java.sql java.sql.rowset java.xml.crypto java.se java.smartcardio jdk.accessibility jdk.internal.jvmstat jdk.attach jdk.charsets jdk.internal.opt jdk.zipfs jdk.compiler jdk.crypto.ec jdk.crypto.cryptoki jdk.dynalink jdk.hotspot.agent jdk.httpserver jdk.internal.ed jdk.internal.le jdk.internal.vm.ci jdk.jartool jdk.javadoc jdk.jcmd jdk.jdeps jdk.jdwp.agent jdk.jdi jdk.jfr jdk.jlink jdk.jsobject jdk.localedata jdk.management jdk.management.agent jdk.management.jfr jdk.naming.dns jdk.naming.rmi jdk.net jdk.sctp jdk.security.auth jdk.security.jgss jdk.unsupported jdk.unsupported.desktop jdk.xml.dom" 
IMPLEMENTOR="JetBrains s.r.o." 
JAVA_RUNTIME_VERSION="21.0.9+-14787801-b1163.94" 
LIBC="default" 
OS_ARCH="x86_64" 
OS_NAME="Windows" 
SOURCE=".:git:0c757ddc9f2f" 

Environment Variables:
JAVA_HOME=C:\Program Files\Android\Android Studio\jbr
PATH=C:\Program Files\OpenLogic\jdk-22.0.2.9-hotspot\bin;C:\Windows\system32;C:\Windows;C:\Windows\System32\Wbem;C:\Windows\System32\WindowsPowerShell\v1.0\;C:\Windows\System32\OpenSSH\;C:\Program Files\dotnet\;C:\MinGW\bin;C:\Program Files\Git\cmd;C:\Users\DELL\AppData\Roaming\nvm;C:\Program Files\nodejs;C:\ProgramData\chocolatey\bin;C:\Program Files\nodejs\;C:\Users\DELL\AppData\Local\Programs\Python\Python313\Scripts;C:\Users\DELL\AppData\Local\Programs\Python\Python313\;C:\platform-tools;C:\MinGW\bin;C:\MinGW\bin;C:\Program Files\MySQL\MySQL Server 8.0\bin;C:\Users\DELL\AppData\Local\Programs\Python\Python310\Scripts\;C:\Users\DELL\AppData\Local\Programs\Python\Python310\;C:\Users\DELL\AppData\Local\Programs\Python\Python313\Scripts\;C:\Users\DELL\AppData\Local\Programs\Python\Python313\;C:\Users\DELL\AppData\Local\Programs\Python\Launcher\;C:\Users\DELL\AppData\Local\Microsoft\WindowsApps;C:\Users\DELL\AppData\Local\Programs\Microsoft VS Code\bin;C:\Users\DELL\AppData\Roaming\nvm;C:\Program Files\nodejs;C:\Users\DELL\AppData\Roaming\npm;C:\Program Files\heroku\bin;C:\Users\DELL\.dotnet\tools;C:\Users\DELL\Downloads\x64;C:\Users\DELL\AppData\Local\Programs\Python\Python310\;C:\Users\DELL\AppData\Local\Programs\Antigravity\bin
USERNAME=DELL
OS=Windows_NT
PROCESSOR_IDENTIFIER=Intel64 Family 6 Model 126 Stepping 5, GenuineIntel
TMP=C:\Users\DELL\AppData\Local\Temp
TEMP=C:\Users\DELL\AppData\Local\Temp




Periodic native trim disabled

JNI global refs:
JNI global refs: 27, weak refs: 0

JNI global refs memory usage: 835, weak refs: 833

Process memory usage:
Resident Set Size: 180040K (4% of 3954772K total physical memory with 14964K free physical memory)

OOME stack traces (most recent first):
Classloader memory used:
Loader org.gradle.internal.classloader.VisitableURLClassLoader                         : 44751K
Loader org.gradle.internal.classloader.VisitableURLClassLoader$InstrumentingVisitableURLClassLoader: 32149K
Loader bootstrap                                                                       : 28317K
Loader org.gradle.initialization.MixInLegacyTypesClassLoader                           : 11682K
Loader jdk.internal.reflect.DelegatingClassLoader                                      : 298K
Loader jdk.internal.loader.ClassLoaders$AppClassLoader                                 : 231K
Loader org.gradle.internal.classloader.VisitableURLClassLoader                         : 210K
Loader jdk.internal.loader.ClassLoaders$PlatformClassLoader                            : 168K

Classes loaded by more than one classloader:
Class Program                                                                         : loaded 5 times (x 72B)
Class Build_gradle                                                                    : loaded 3 times (x 126B)
Class com.google.common.collect.RegularImmutableMap$KeySet                            : loaded 2 times (x 152B)
Class org.gradle.internal.classloader.FilteringClassLoader                            : loaded 2 times (x 105B)
Class com.google.common.base.CharMatcher$IsEither                                     : loaded 2 times (x 111B)
Class org.gradle.internal.classloader.ClassLoaderHierarchy                            : loaded 2 times (x 70B)
Class com.google.common.collect.ImmutableEnumSet                                      : loaded 2 times (x 146B)
Class com.google.common.util.concurrent.ExecutionError                                : loaded 2 times (x 82B)
Class com.google.common.collect.ImmutableList$1                                       : loaded 2 times (x 97B)
Class org.gradle.api.internal.classpath.ManifestUtil                                  : loaded 2 times (x 71B)
Class com.google.common.collect.RegularImmutableMap                                   : loaded 2 times (x 121B)
Class com.google.common.collect.ImmutableMap$MapViewOfValuesAsSingletonSets           : loaded 2 times (x 126B)
Class [Lorg.objectweb.asm.Symbol;                                                     : loaded 2 times (x 69B)
Class org.objectweb.asm.ClassVisitor                                                  : loaded 2 times (x 88B)
Class com.google.common.collect.UnmodifiableListIterator                              : loaded 2 times (x 95B)
Class com.google.common.base.Platform$JdkPatternCompiler                              : loaded 2 times (x 75B)
Class org.objectweb.asm.MethodTooLargeException                                       : loaded 2 times (x 83B)
Class [Lcom.google.common.cache.CacheBuilder$OneWeigher;                              : loaded 2 times (x 69B)
Class com.google.common.base.Suppliers                                                : loaded 2 times (x 71B)
Class org.gradle.internal.classloader.DefaultClassLoaderFactory                       : loaded 2 times (x 82B)
Class org.gradle.internal.classloader.ClassLoaderVisitor                              : loaded 2 times (x 76B)
Class [Lcom.google.common.collect.ImmutableMapEntry;                                  : loaded 2 times (x 69B)
Class org.gradle.api.internal.classpath.EffectiveClassPath                            : loaded 2 times (x 90B)
Class com.google.common.collect.ListMultimap                                          : loaded 2 times (x 70B)
Class com.google.common.collect.ImmutableEnumMap                                      : loaded 2 times (x 126B)
Class com.google.common.collect.ImmutableSet$SerializedForm                           : loaded 2 times (x 73B)
Class com.google.common.collect.Sets$1                                                : loaded 2 times (x 139B)
Class org.objectweb.asm.AnnotationVisitor                                             : loaded 2 times (x 78B)
Class org.gradle.api.internal.DefaultClassPathProvider                                : loaded 2 times (x 76B)
Class com.google.common.collect.Sets$2                                                : loaded 2 times (x 139B)
Class [Lorg.gradle.api.internal.ClassPathProvider;                                    : loaded 2 times (x 69B)
Class org.gradle.api.internal.ClassPathProvider                                       : loaded 2 times (x 70B)
Class [Lorg.objectweb.asm.AnnotationVisitor;                                          : loaded 2 times (x 69B)
Class com.google.common.collect.Sets$3                                                : loaded 2 times (x 139B)
Class com.google.common.cache.LocalCache$LocalLoadingCache                            : loaded 2 times (x 134B)
Class org.gradle.internal.service.UnknownServiceException                             : loaded 2 times (x 83B)
Class com.google.common.collect.Sets$4                                                : loaded 2 times (x 139B)
Class org.objectweb.asm.ModuleVisitor                                                 : loaded 2 times (x 81B)
Class com.google.common.cache.LocalCache$Strength$1                                   : loaded 2 times (x 81B)
Class com.google.common.util.concurrent.SettableFuture                                : loaded 2 times (x 114B)
Class com.google.common.cache.LocalCache$Strength$2                                   : loaded 2 times (x 81B)
Class com.google.common.cache.LocalCache$Strength$3                                   : loaded 2 times (x 81B)
Class com.google.common.collect.MapDifference                                         : loaded 2 times (x 70B)
Class org.objectweb.asm.FieldWriter                                                   : loaded 2 times (x 78B)
Class com.google.common.cache.CacheBuilder$NullListener                               : loaded 2 times (x 82B)
Class org.gradle.internal.classpath.TransformedClassPath                              : loaded 2 times (x 96B)
Class org.gradle.internal.classloader.InstrumentingClassLoader                        : loaded 2 times (x 70B)
Class com.google.common.cache.CacheLoader$FunctionToCacheLoader                       : loaded 2 times (x 75B)
Class com.google.common.collect.Iterators$ArrayItr                                    : loaded 2 times (x 97B)
Class com.google.common.collect.ImmutableCollection$Builder                           : loaded 2 times (x 76B)
Class com.google.common.base.Joiner                                                   : loaded 2 times (x 79B)
Class com.google.common.base.MoreObjects                                              : loaded 2 times (x 71B)
Class com.google.common.collect.Platform                                              : loaded 2 times (x 71B)
Class com.google.common.base.Equivalence$Identity                                     : loaded 2 times (x 82B)
Class com.google.common.collect.UnmodifiableIterator                                  : loaded 2 times (x 80B)
Class org.gradle.internal.service.ServiceLocator                                      : loaded 2 times (x 70B)
Class com.google.common.collect.SingletonImmutableBiMap                               : loaded 2 times (x 143B)
Class com.google.common.base.Ascii                                                    : loaded 2 times (x 71B)
Class com.google.common.cache.LocalCache$1                                            : loaded 2 times (x 89B)
Class com.google.common.collect.Iterators$SingletonIterator                           : loaded 2 times (x 81B)
Class com.google.common.collect.AbstractMapEntry                                      : loaded 2 times (x 81B)
Class com.google.common.collect.Sets$ImprovedAbstractSet                              : loaded 2 times (x 135B)
Class com.google.common.collect.ImmutableList$Builder                                 : loaded 2 times (x 77B)
Class com.google.common.collect.AbstractMultimap                                      : loaded 2 times (x 123B)
Class com.google.common.cache.LocalCache$2                                            : loaded 2 times (x 142B)
Class com.google.common.collect.RegularImmutableAsList                                : loaded 2 times (x 217B)
Class com.google.common.util.concurrent.AbstractFuture$Trusted                        : loaded 2 times (x 70B)
Class com.google.common.collect.Iterators                                             : loaded 2 times (x 71B)
Class com.google.common.collect.Lists$StringAsImmutableList                           : loaded 2 times (x 207B)
Class com.google.common.util.concurrent.UncheckedExecutionException                   : loaded 2 times (x 82B)
Class org.gradle.kotlin.dsl.VersionCatalogAccessorsKt                                 : loaded 2 times (x 71B)
Class com.google.common.collect.AbstractMapBasedMultimap$KeySet$1                     : loaded 2 times (x 82B)
Class org.objectweb.asm.ClassWriter                                                   : loaded 2 times (x 106B)
Class com.google.common.base.CharMatcher$And                                          : loaded 2 times (x 112B)
Class com.google.common.cache.CacheLoader$UnsupportedLoadingOperationException        : loaded 2 times (x 82B)
Class org.gradle.internal.classloader.ClasspathUtil$1                                 : loaded 2 times (x 76B)
Class com.google.common.base.Objects                                                  : loaded 2 times (x 71B)
Class org.objectweb.asm.FieldVisitor                                                  : loaded 2 times (x 77B)
Class com.google.common.collect.IndexedImmutableSet                                   : loaded 2 times (x 152B)
Class com.google.common.collect.ImmutableMap$1                                        : loaded 2 times (x 81B)
Class com.google.common.collect.BiMap                                                 : loaded 2 times (x 70B)
Class org.gradle.api.internal.classpath.DefaultModuleRegistry$DefaultModule           : loaded 2 times (x 86B)
Class com.google.common.primitives.Ints                                               : loaded 2 times (x 71B)
Class com.google.common.collect.AbstractIterator                                      : loaded 2 times (x 82B)
Class com.google.common.collect.ObjectArrays                                          : loaded 2 times (x 71B)
Class com.google.common.math.MathPreconditions                                        : loaded 2 times (x 71B)
Class com.google.common.collect.Multiset                                              : loaded 2 times (x 70B)
Class com.google.common.collect.ArrayListMultimapGwtSerializationDependencies         : loaded 2 times (x 172B)
Class com.google.common.collect.AbstractIndexedListIterator                           : loaded 2 times (x 96B)
Class com.google.common.collect.ImmutableMapEntrySet                                  : loaded 2 times (x 152B)
Class org.gradle.api.internal.classpath.Module                                        : loaded 2 times (x 70B)
Class com.google.common.cache.Weigher                                                 : loaded 2 times (x 70B)
Class org.gradle.api.internal.classpath.UnknownModuleException                        : loaded 2 times (x 82B)
Class com.google.common.base.Stopwatch                                                : loaded 2 times (x 72B)
Class com.google.common.cache.LocalCache$Strength                                     : loaded 2 times (x 81B)
Class com.google.common.cache.Cache                                                   : loaded 2 times (x 70B)
Class com.google.common.util.concurrent.AbstractFuture$Cancellation                   : loaded 2 times (x 72B)
Class com.google.common.collect.ImmutableMap$Builder                                  : loaded 2 times (x 82B)
Class com.google.common.cache.RemovalListener                                         : loaded 2 times (x 70B)
Class org.gradle.api.internal.DefaultClassPathRegistry                                : loaded 2 times (x 76B)
Class com.google.common.primitives.IntsMethodsForWeb                                  : loaded 2 times (x 71B)
Class com.google.common.collect.Multimap                                              : loaded 2 times (x 70B)
Class org.gradle.api.internal.ClassPathRegistry                                       : loaded 2 times (x 70B)
Class org.gradle.internal.classpath.DefaultClassPath$ImmutableUniqueList              : loaded 2 times (x 199B)
Class com.google.common.base.ExtraObjectsMethodsForWeb                                : loaded 2 times (x 71B)
Class [Lorg.objectweb.asm.Type;                                                       : loaded 2 times (x 69B)
Class com.google.common.cache.CacheBuilder                                            : loaded 2 times (x 72B)
Class com.google.common.collect.SingletonImmutableList                                : loaded 2 times (x 207B)
Class Settings_gradle$1                                                               : loaded 2 times (x 74B)
Class org.gradle.internal.classpath.ClassPath                                         : loaded 2 times (x 70B)
Class com.google.common.base.JdkPattern                                               : loaded 2 times (x 75B)
Class com.google.common.collect.ImmutableList$ReverseImmutableList                    : loaded 2 times (x 209B)
Class org.objectweb.asm.SymbolTable$Entry                                             : loaded 2 times (x 74B)
Class org.objectweb.asm.Edge                                                          : loaded 2 times (x 72B)
Class com.google.common.base.Suppliers$SupplierOfInstance                             : loaded 2 times (x 79B)
Class com.google.common.collect.Iterators$1                                           : loaded 2 times (x 81B)
Class com.google.common.cache.LocalCache$ComputingValueReference                      : loaded 2 times (x 96B)
Class com.google.common.collect.SingletonImmutableSet                                 : loaded 2 times (x 146B)
Class com.google.common.collect.ImmutableMap$IteratorBasedImmutableMap                : loaded 2 times (x 126B)
Class com.google.common.cache.LocalCache$Segment                                      : loaded 2 times (x 154B)
Class com.google.common.collect.AbstractListMultimap                                  : loaded 2 times (x 172B)
Class [Lorg.objectweb.asm.SymbolTable$Entry;                                          : loaded 2 times (x 69B)
Class com.google.common.cache.CacheLoader                                             : loaded 2 times (x 74B)
Class com.google.common.collect.Iterators$4                                           : loaded 2 times (x 82B)
Class com.google.common.collect.ImmutableBiMap                                        : loaded 2 times (x 143B)
Class org.gradle.api.internal.classpath.ModuleRegistry                                : loaded 2 times (x 70B)
Class org.gradle.internal.installation.GradleInstallation$1                           : loaded 2 times (x 75B)
Class com.google.common.collect.ImmutableSet$JdkBackedSetBuilderImpl                  : loaded 2 times (x 76B)
Class com.google.common.util.concurrent.internal.InternalFutureFailureAccess          : loaded 2 times (x 72B)
Class com.google.common.collect.Iterators$5                                           : loaded 2 times (x 82B)
Class com.google.common.base.CharMatcher$ForPredicate                                 : loaded 2 times (x 112B)
Class com.google.common.cache.LocalCache$LocalManualCache$1                           : loaded 2 times (x 75B)
Class com.google.common.base.CharMatcher$AnyOf                                        : loaded 2 times (x 112B)
Class com.google.common.collect.ImmutableCollection                                   : loaded 2 times (x 125B)
Class org.gradle.api.internal.classpath.DefaultModuleRegistry                         : loaded 2 times (x 86B)
Class com.google.common.collect.Lists                                                 : loaded 2 times (x 71B)
Class com.google.common.util.concurrent.ListenableFuture                              : loaded 2 times (x 70B)
Class com.google.common.cache.ReferenceEntry                                          : loaded 2 times (x 70B)
Class com.google.common.base.Converter                                                : loaded 2 times (x 90B)
Class com.google.common.collect.ImmutableSet$CachingAsList                            : loaded 2 times (x 148B)
Class com.google.common.collect.AbstractMapBasedMultimap                              : loaded 2 times (x 139B)
Class com.google.common.util.concurrent.AbstractFuture                                : loaded 2 times (x 106B)
Class com.google.common.base.FunctionalEquivalence                                    : loaded 2 times (x 83B)
Class com.google.common.collect.Iterators$9                                           : loaded 2 times (x 81B)
Class com.google.common.collect.ImmutableAsList                                       : loaded 2 times (x 209B)
Class org.objectweb.asm.RecordComponentVisitor                                        : loaded 2 times (x 77B)
Class com.google.common.cache.CacheLoader$SupplierToCacheLoader                       : loaded 2 times (x 75B)
Class org.gradle.internal.service.ServiceLookupException                              : loaded 2 times (x 82B)
Class [Lcom.google.common.cache.LocalCache$EntryFactory;                              : loaded 2 times (x 69B)
Class org.gradle.internal.classloader.ClassLoaderFactory                              : loaded 2 times (x 70B)
Class com.google.common.base.CommonPattern                                            : loaded 2 times (x 74B)
Class com.google.common.base.CharMatcher$IsNot                                        : loaded 2 times (x 111B)
Class com.google.common.cache.LocalCache$LocalManualCache                             : loaded 2 times (x 99B)
Class org.gradle.internal.service.CachingServiceLocator                               : loaded 2 times (x 82B)
Class com.google.common.collect.AbstractMapBasedMultimap$KeySet                       : loaded 2 times (x 137B)
Class com.google.common.math.IntMath                                                  : loaded 2 times (x 71B)
Class com.google.common.collect.ImmutableMapEntry                                     : loaded 2 times (x 85B)
Class com.google.common.base.Equivalence                                              : loaded 2 times (x 82B)
Class com.google.common.base.Function                                                 : loaded 2 times (x 70B)
Class com.google.common.collect.ImmutableMapEntry$NonTerminalImmutableMapEntry        : loaded 2 times (x 85B)
Class com.google.common.collect.IndexedImmutableSet$1                                 : loaded 2 times (x 213B)
Class com.google.common.cache.CacheBuilder$OneWeigher                                 : loaded 2 times (x 82B)
Class com.google.common.collect.RegularImmutableList                                  : loaded 2 times (x 213B)
Class org.gradle.internal.classloader.ClasspathUtil                                   : loaded 2 times (x 71B)
Class com.google.common.util.concurrent.Uninterruptibles                              : loaded 2 times (x 71B)
Class com.google.common.util.concurrent.LazyLogger                                    : loaded 2 times (x 72B)
Class com.google.common.collect.Maps                                                  : loaded 2 times (x 71B)
Class org.gradle.api.specs.Spec                                                       : loaded 2 times (x 70B)
Class [Lcom.google.common.collect.ImmutableEntry;                                     : loaded 2 times (x 69B)
Class com.google.common.cache.LocalCache$LoadingValueReference                        : loaded 2 times (x 96B)
Class com.google.common.base.Platform                                                 : loaded 2 times (x 71B)
Class [Lorg.objectweb.asm.AnnotationWriter;                                           : loaded 2 times (x 69B)
Class com.google.common.collect.Maps$8                                                : loaded 2 times (x 82B)
Class com.google.common.collect.Sets$SetView                                          : loaded 2 times (x 138B)
Class com.google.common.cache.LocalCache$StrongValueReference                         : loaded 2 times (x 90B)
Class org.objectweb.asm.Type                                                          : loaded 2 times (x 72B)
Class org.gradle.internal.classloader.VisitableURLClassLoader$InstrumentingVisitableURLClassLoader: loaded 2 times (x 123B)
Class com.google.common.math.IntMath$1                                                : loaded 2 times (x 71B)
Class org.objectweb.asm.ByteVector                                                    : loaded 2 times (x 79B)
Class [Lcom.google.common.cache.CacheBuilder$NullListener;                            : loaded 2 times (x 69B)
Class org.gradle.internal.classloader.VisitableURLClassLoader$Spec                    : loaded 2 times (x 74B)
Class org.gradle.internal.classpath.DefaultClassPath                                  : loaded 2 times (x 90B)
Class org.objectweb.asm.Symbol                                                        : loaded 2 times (x 73B)
Class com.google.common.base.CharMatcher$BitSetMatcher                                : loaded 2 times (x 112B)
Class com.google.common.collect.ImmutableSet                                          : loaded 2 times (x 145B)
Class com.google.common.collect.RegularImmutableMap$Values                            : loaded 2 times (x 207B)
Class org.gradle.internal.classloader.ClassLoaderSpec                                 : loaded 2 times (x 71B)
Class org.objectweb.asm.AnnotationWriter                                              : loaded 2 times (x 79B)
Class com.google.common.cache.CacheStats                                              : loaded 2 times (x 71B)
Class org.objectweb.asm.RecordComponentWriter                                         : loaded 2 times (x 78B)
Class com.google.common.util.concurrent.AbstractFuture$Listener                       : loaded 2 times (x 72B)
Class com.google.common.base.CharMatcher$Or                                           : loaded 2 times (x 112B)
Class Settings_gradle$1$1                                                             : loaded 2 times (x 74B)
Class org.objectweb.asm.Attribute                                                     : loaded 2 times (x 77B)
Class com.google.common.base.Supplier                                                 : loaded 2 times (x 70B)
Class org.gradle.internal.classloader.VisitableURLClassLoader                         : loaded 2 times (x 117B)
Class Settings_gradle                                                                 : loaded 2 times (x 124B)
Class org.gradle.internal.Cast                                                        : loaded 2 times (x 71B)
Class org.gradle.api.Action                                                           : loaded 2 times (x 70B)
Class com.google.common.base.Strings                                                  : loaded 2 times (x 71B)
Class com.google.common.collect.Sets                                                  : loaded 2 times (x 71B)
Class org.objectweb.asm.Handler                                                       : loaded 2 times (x 72B)
Class com.google.common.base.CharMatcher$FastMatcher                                  : loaded 2 times (x 111B)
Class com.google.common.base.Ticker                                                   : loaded 2 times (x 72B)
Class [Lcom.google.common.cache.LocalCache$Segment;                                   : loaded 2 times (x 69B)
Class com.google.common.base.Predicate                                                : loaded 2 times (x 70B)
Class [Lcom.google.common.cache.LocalCache$Strength;                                  : loaded 2 times (x 69B)
Class com.google.common.cache.CacheBuilder$1                                          : loaded 2 times (x 85B)
Class com.google.common.collect.ImmutableMap                                          : loaded 2 times (x 120B)
Class org.gradle.internal.classpath.DefaultClassPath$ImmutableUniqueList$Builder      : loaded 2 times (x 75B)
Class com.google.common.base.CharMatcher$NegatedFastMatcher                           : loaded 2 times (x 113B)
Class com.google.common.cache.LocalCache                                              : loaded 2 times (x 187B)
Class com.google.common.cache.CacheBuilder$2                                          : loaded 2 times (x 79B)
Class com.google.common.collect.ArrayListMultimap                                     : loaded 2 times (x 172B)
Class com.google.common.cache.CacheBuilder$3                                          : loaded 2 times (x 72B)
Class [Lcom.google.common.collect.AbstractMapEntry;                                   : loaded 2 times (x 69B)
Class com.google.common.collect.ImmutableEntry                                        : loaded 2 times (x 82B)
Class org.gradle.api.GradleException                                                  : loaded 2 times (x 82B)
Class com.google.common.collect.CollectPreconditions                                  : loaded 2 times (x 71B)
Class com.google.common.collect.SortedMapDifference                                   : loaded 2 times (x 70B)
Class com.google.common.cache.LocalCache$EntryFactory                                 : loaded 2 times (x 83B)
Class com.google.common.cache.LocalCache$AbstractReferenceEntry                       : loaded 2 times (x 107B)
Class org.gradle.internal.IoActions                                                   : loaded 2 times (x 71B)
Class org.objectweb.asm.SymbolTable                                                   : loaded 2 times (x 72B)
Class com.google.common.cache.CacheLoader$InvalidCacheLoadException                   : loaded 2 times (x 82B)
Class com.google.common.collect.ImmutableSet$RegularSetBuilderImpl                    : loaded 2 times (x 77B)
Class org.gradle.internal.classloader.SystemClassLoaderSpec                           : loaded 2 times (x 71B)
Class com.google.common.cache.LocalCache$StrongEntry                                  : loaded 2 times (x 108B)
Class com.google.common.util.concurrent.AbstractFuture$TrustedFuture                  : loaded 2 times (x 114B)
Class com.google.common.cache.LoadingCache                                            : loaded 2 times (x 70B)
Class org.objectweb.asm.MethodWriter                                                  : loaded 2 times (x 106B)
Class [Lcom.google.common.cache.Weigher;                                              : loaded 2 times (x 69B)
Class com.google.common.collect.RegularImmutableMap$BucketOverflowException           : loaded 2 times (x 82B)
Class com.google.common.collect.RegularImmutableBiMap                                 : loaded 2 times (x 149B)
Class com.google.common.base.CharMatcher$Negated                                      : loaded 2 times (x 113B)
Class com.google.common.base.CharMatcher$Is                                           : loaded 2 times (x 111B)
Class com.google.common.cache.LocalCache$ValueReference                               : loaded 2 times (x 70B)
Class com.google.common.base.PatternCompiler                                          : loaded 2 times (x 70B)
Class com.google.common.util.concurrent.AbstractFuture$Failure                        : loaded 2 times (x 72B)
Class com.google.common.base.Equivalence$Equals                                       : loaded 2 times (x 82B)
Class com.google.common.collect.Hashing                                               : loaded 2 times (x 71B)
Class com.google.common.base.Preconditions                                            : loaded 2 times (x 71B)
Class com.google.common.base.Joiner$1                                                 : loaded 2 times (x 80B)
Class org.objectweb.asm.Label                                                         : loaded 2 times (x 73B)
Class org.objectweb.asm.CurrentFrame                                                  : loaded 2 times (x 73B)
Class org.objectweb.asm.ClassTooLargeException                                        : loaded 2 times (x 83B)
Class com.google.common.base.CharMatcher                                              : loaded 2 times (x 111B)
Class com.google.common.collect.PeekingIterator                                       : loaded 2 times (x 70B)
Class com.google.common.collect.Maps$IteratorBasedAbstractMap                         : loaded 2 times (x 125B)
Class com.google.common.base.Joiner$2                                                 : loaded 2 times (x 79B)
Class org.objectweb.asm.Frame                                                         : loaded 2 times (x 73B)
Class org.objectweb.asm.MethodVisitor                                                 : loaded 2 times (x 105B)
Class com.google.common.base.CharMatcher$NamedFastMatcher                             : loaded 2 times (x 112B)
Class com.google.common.base.CharMatcher$1                                            : loaded 2 times (x 113B)
Class com.google.common.cache.LocalCache$EntryFactory$1                               : loaded 2 times (x 83B)
Class [Lcom.google.common.cache.RemovalListener;                                      : loaded 2 times (x 69B)
Class com.google.common.cache.LocalCache$EntryFactory$2                               : loaded 2 times (x 83B)
Class org.gradle.api.internal.classpath.GlobalCacheRootsProvider                      : loaded 2 times (x 70B)
Class org.objectweb.asm.ModuleWriter                                                  : loaded 2 times (x 82B)
Class com.google.common.cache.LocalCache$EntryFactory$3                               : loaded 2 times (x 83B)
Class com.google.common.base.Ticker$1                                                 : loaded 2 times (x 72B)
Class com.google.common.collect.Maps$BiMapConverter                                   : loaded 2 times (x 90B)
Class com.google.common.collect.ImmutableMapEntrySet$RegularEntrySet                  : loaded 2 times (x 152B)
Class com.google.common.collect.ImmutableSet$Builder                                  : loaded 2 times (x 85B)
Class com.google.common.base.CharMatcher$InRange                                      : loaded 2 times (x 111B)
Class com.google.common.cache.LocalCache$EntryFactory$4                               : loaded 2 times (x 83B)
Class com.google.common.cache.LocalCache$EntryFactory$5                               : loaded 2 times (x 83B)
Class com.google.common.base.PairwiseEquivalence                                      : loaded 2 times (x 83B)
Class com.google.common.cache.LocalCache$EntryFactory$6                               : loaded 2 times (x 83B)
Class org.gradle.internal.installation.CurrentGradleInstallationLocator               : loaded 2 times (x 71B)
Class com.google.common.collect.Maps$KeySet                                           : loaded 2 times (x 137B)
Class com.google.common.collect.ImmutableSet$EmptySetBuilderImpl                      : loaded 2 times (x 76B)
Class com.google.common.cache.LocalCache$EntryFactory$7                               : loaded 2 times (x 83B)
Class com.google.common.collect.ImmutableList                                         : loaded 2 times (x 206B)
Class org.gradle.internal.service.DefaultServiceLocator                               : loaded 2 times (x 83B)
Class com.google.common.cache.LocalCache$EntryFactory$8                               : loaded 2 times (x 83B)
Class com.google.common.collect.ImmutableSet$SetBuilderImpl                           : loaded 2 times (x 76B)
Class org.gradle.internal.installation.CurrentGradleInstallation                      : loaded 2 times (x 73B)
Class com.google.common.cache.CacheLoader$1                                           : loaded 2 times (x 75B)
Class com.google.common.collect.ImmutableList$SubList                                 : loaded 2 times (x 209B)
Class org.gradle.util.internal.GUtil                                                  : loaded 2 times (x 71B)
Class com.google.common.cache.AbstractCache$StatsCounter                              : loaded 2 times (x 70B)
Class com.google.common.collect.Iterators$MergingIterator                             : loaded 2 times (x 81B)
Class com.google.common.collect.RegularImmutableSet                                   : loaded 2 times (x 149B)
Class org.gradle.internal.installation.GradleInstallation                             : loaded 2 times (x 75B)
Class com.google.common.collect.Iterables                                             : loaded 2 times (x 71B)

---------------  S Y S T E M  ---------------

OS:
 Windows 10 , 64 bit Build 19041 (10.0.19041.5915)
OS uptime: 0 days 13:41 hours
Hyper-V role detected

CPU: total 4 (initial active 4) (2 cores per cpu, 2 threads per core) family 6 model 126 stepping 5 microcode 0xca, cx8, cmov, fxsr, ht, mmx, 3dnowpref, sse, sse2, sse3, ssse3, sse4.1, sse4.2, popcnt, lzcnt, tsc, tscinvbit, avx, avx2, aes, erms, clmul, bmi1, bmi2, adx, avx512f, avx512dq, avx512cd, avx512bw, avx512vl, sha, fma, vzeroupper, avx512_vpopcntdq, avx512_vpclmulqdq, avx512_vaes, avx512_vnni, clflush, clflushopt, avx512_vbmi2, avx512_vbmi, hv, rdtscp, rdpid, fsrm, gfni, avx512_bitalg, f16c, avx512_ifma
Processor Information for the first 4 processors :
  Max Mhz: 1190, Current Mhz: 1190, Mhz Limit: 1190

Memory: 4k page, system-wide physical 3862M (33M free)
TotalPageFile size 15638M (AvailPageFile size 0M)
current process WorkingSet (physical memory assigned to process): 186M, peak: 216M
current process commit charge ("private bytes"): 482M, peak: 484M

vm_info: OpenJDK 64-Bit Server VM (21.0.9+-14787801-b1163.94) for windows-amd64 JRE (21.0.9+-14787801-b1163.94), built on 2026-01-27T21:15:44Z by "builder" with MS VC++ 16.10 / 16.11 (VS2019)

END.
