#
# There is insufficient memory for the Java Runtime Environment to continue.
# Native memory allocation (mmap) failed to map 36700160 bytes. Error detail: G1 virtual space
# Possible reasons:
#   The system is out of physical RAM or swap space
#   This process is running with CompressedOops enabled, and the Java Heap may be blocking the growth of the native heap
# Possible solutions:
#   Reduce memory load on the system
#   Increase physical memory or swap space
#   Check if swap backing store is full
#   Decrease Java heap size (-Xmx/-Xms)
#   Decrease number of Java threads
#   Decrease Java thread stack sizes (-Xss)
#   Set larger code cache with -XX:ReservedCodeCacheSize=
#   JVM is running with Unscaled Compressed Oops mode in which the Java heap is
#     placed in the first 4GB address space. The Java Heap base address is the
#     maximum limit for the native heap growth. Please use -XX:HeapBaseMinAddress
#     to set the Java Heap base and to place the Java Heap above 4GB virtual address.
# This output file may be truncated or incomplete.
#
#  Out of Memory Error (os_windows.cpp:3925), pid=2368, tid=15896
#
# JRE version: OpenJDK Runtime Environment (21.0.9) (build 21.0.9+-14787801-b1163.94)
# Java VM: OpenJDK 64-Bit Server VM (21.0.9+-14787801-b1163.94, mixed mode, tiered, compressed oops, compressed class ptrs, g1 gc, windows-amd64)
# No core dump will be written. Minidumps are not enabled by default on client versions of Windows
#

---------------  S U M M A R Y ------------

Command Line: --add-opens=java.base/java.lang=ALL-UNNAMED --add-opens=java.base/java.lang.invoke=ALL-UNNAMED --add-opens=java.base/java.util=ALL-UNNAMED --add-opens=java.prefs/java.util.prefs=ALL-UNNAMED --add-exports=jdk.compiler/com.sun.tools.javac.api=ALL-UNNAMED --add-exports=jdk.compiler/com.sun.tools.javac.util=ALL-UNNAMED --add-opens=java.base/java.util=ALL-UNNAMED --add-opens=java.prefs/java.util.prefs=ALL-UNNAMED --add-opens=java.base/java.nio.charset=ALL-UNNAMED --add-opens=java.base/java.net=ALL-UNNAMED --add-opens=java.base/java.util.concurrent=ALL-UNNAMED --add-opens=java.base/java.util.concurrent.atomic=ALL-UNNAMED --add-opens=java.xml/javax.xml.namespace=ALL-UNNAMED --add-opens=java.base/java.time=ALL-UNNAMED -XX:MaxMetaspaceSize=256m -Xmx512m -Dfile.encoding=UTF-8 -Duser.country=IN -Duser.language=en -Duser.variant -javaagent:C:\Users\DELL\.gradle\wrapper\dists\gradle-9.3.1-bin\23ovyewtku6u96viwx3xl3oks\gradle-9.3.1\lib\agents\gradle-instrumentation-agent-9.3.1.jar org.gradle.launcher.daemon.bootstrap.GradleDaemon 9.3.1

Host: Intel(R) Core(TM) i3-1005G1 CPU @ 1.20GHz, 4 cores, 3G,  Windows 10 , 64 bit Build 19041 (10.0.19041.5915)
Time: Fri Mar 27 02:23:14 2026 India Standard Time elapsed time: 242.507337 seconds (0d 0h 4m 2s)

---------------  T H R E A D  ---------------

Current thread (0x000001f536942920):  VMThread "VM Thread"          [id=15896, stack(0x0000001ba1700000,0x0000001ba1800000) (1024K)]

Stack: [0x0000001ba1700000,0x0000001ba1800000]
Native frames: (J=compiled Java code, j=interpreted, Vv=VM code, C=native code)
V  [jvm.dll+0x6d6c99]
V  [jvm.dll+0x866b83]
V  [jvm.dll+0x8691ae]
V  [jvm.dll+0x869893]
V  [jvm.dll+0x280776]
V  [jvm.dll+0x6d3555]
V  [jvm.dll+0x6c6bea]
V  [jvm.dll+0x3587fb]
V  [jvm.dll+0x360476]
V  [jvm.dll+0x3b2646]
V  [jvm.dll+0x3b2918]
V  [jvm.dll+0x32af0c]
V  [jvm.dll+0x32d916]
V  [jvm.dll+0x3377ed]
V  [jvm.dll+0x36ef55]
V  [jvm.dll+0x86f618]
V  [jvm.dll+0x870994]
V  [jvm.dll+0x870ed0]
V  [jvm.dll+0x871163]
V  [jvm.dll+0x80f118]
V  [jvm.dll+0x6d54ed]
C  [ucrtbase.dll+0x21bb2]
C  [KERNEL32.DLL+0x17374]
C  [ntdll.dll+0x4cc91]

VM_Operation (0x0000001ba12ff4c0): G1PauseRemark, mode: safepoint, requested by thread 0x000001f5219736b0


---------------  P R O C E S S  ---------------

Threads class SMR info:
_java_thread_list=0x000001f53c3fd350, length=94, elements={
0x000001f521943860, 0x000001f5369caa30, 0x000001f5369d4c90, 0x000001f536b1a5d0,
0x000001f5369ed650, 0x000001f5369ee0b0, 0x000001f536b20400, 0x000001f536b21a80,
0x000001f536b23820, 0x000001f536b30d00, 0x000001f536dd6a10, 0x000001f53bef52a0,
0x000001f53b32fd60, 0x000001f53c7cc3d0, 0x000001f53bed5f90, 0x000001f53bed8170,
0x000001f53b0ed9e0, 0x000001f53b1074a0, 0x000001f53b0540c0, 0x000001f53b057540,
0x000001f53b056820, 0x000001f53b054750, 0x000001f53b054de0, 0x000001f53b055470,
0x000001f53f11cd80, 0x000001f53f11f4e0, 0x000001f53f11c060, 0x000001f53f11d410,
0x000001f53f11e130, 0x000001f53f11e7c0, 0x000001f53f11c6f0, 0x000001f53f11ee50,
0x000001f53e8eb150, 0x000001f53e8e4ee0, 0x000001f53e8e9710, 0x000001f53e8e5c00,
0x000001f53e8eb7e0, 0x000001f53e8ebe70, 0x000001f53e8ea430, 0x000001f53e8e8360,
0x000001f53e8eaac0, 0x000001f53e8ec500, 0x000001f53e8e6290, 0x000001f53e8e6fb0,
0x000001f53b27aa00, 0x000001f53b279ce0, 0x000001f53fc6a7f0, 0x000001f53fc69440,
0x000001f53fc69ad0, 0x000001f53b276860, 0x000001f53b27a370, 0x000001f53e8e7640,
0x000001f540be1b90, 0x000001f540be07e0, 0x000001f540be2f40, 0x000001f540be35d0,
0x000001f540bdfac0, 0x000001f540be3c60, 0x000001f53fc6b510, 0x000001f53fc6f6b0,
0x000001f53fc6ae80, 0x000001f53fc6cf50, 0x000001f53fc6dc70, 0x000001f545a8f680,
0x000001f545a8eff0, 0x000001f545a90a30, 0x000001f540be2220, 0x000001f540bdd9f0,
0x000001f540bde710, 0x000001f53fc6a160, 0x000001f53fc6e990, 0x000001f53fc68db0,
0x000001f545a8e2d0, 0x000001f545a8bb70, 0x000001f545a8c200, 0x000001f545a8b4e0,
0x000001f545a8d5b0, 0x000001f545a8e960, 0x000001f545a8fd10, 0x000001f545a903a0,
0x000001f540bdccd0, 0x000001f546019610, 0x000001f546019ca0, 0x000001f546016190,
0x000001f546018f80, 0x000001f54601b6e0, 0x000001f54601a330, 0x000001f54601ca90,
0x000001f54601a9c0, 0x000001f545a8a130, 0x000001f54643f5e0, 0x000001f546440300,
0x000001f54829fe80, 0x000001f54643ef50
}

Java Threads: ( => current thread )
  0x000001f521943860 JavaThread "main"                              [_thread_blocked, id=15508, stack(0x0000001ba1000000,0x0000001ba1100000) (1024K)]
  0x000001f5369caa30 JavaThread "Common-Cleaner"             daemon [_thread_blocked, id=2780, stack(0x0000001ba1800000,0x0000001ba1900000) (1024K)]
  0x000001f5369d4c90 JavaThread "Reference Handler"          daemon [_thread_blocked, id=17888, stack(0x0000001ba1900000,0x0000001ba1a00000) (1024K)]
  0x000001f536b1a5d0 JavaThread "Finalizer"                  daemon [_thread_blocked, id=15292, stack(0x0000001ba1a00000,0x0000001ba1b00000) (1024K)]
  0x000001f5369ed650 JavaThread "Signal Dispatcher"          daemon [_thread_blocked, id=19428, stack(0x0000001ba1b00000,0x0000001ba1c00000) (1024K)]
  0x000001f5369ee0b0 JavaThread "Attach Listener"            daemon [_thread_blocked, id=16680, stack(0x0000001ba1c00000,0x0000001ba1d00000) (1024K)]
  0x000001f536b20400 JavaThread "Service Thread"             daemon [_thread_blocked, id=1464, stack(0x0000001ba1d00000,0x0000001ba1e00000) (1024K)]
  0x000001f536b21a80 JavaThread "Monitor Deflation Thread"   daemon [_thread_blocked, id=19028, stack(0x0000001ba1e00000,0x0000001ba1f00000) (1024K)]
  0x000001f536b23820 JavaThread "C2 CompilerThread0"         daemon [_thread_blocked, id=15580, stack(0x0000001ba1f00000,0x0000001ba2000000) (1024K)]
  0x000001f536b30d00 JavaThread "C1 CompilerThread0"         daemon [_thread_blocked, id=19300, stack(0x0000001ba2000000,0x0000001ba2100000) (1024K)]
  0x000001f536dd6a10 JavaThread "Notification Thread"        daemon [_thread_blocked, id=12780, stack(0x0000001ba2100000,0x0000001ba2200000) (1024K)]
  0x000001f53bef52a0 JavaThread "Daemon health stats"               [_thread_blocked, id=14492, stack(0x0000001ba2500000,0x0000001ba2600000) (1024K)]
  0x000001f53b32fd60 JavaThread "Incoming local TCP Connector on port 60436"        [_thread_in_native, id=10268, stack(0x0000001ba2600000,0x0000001ba2700000) (1024K)]
  0x000001f53c7cc3d0 JavaThread "Daemon periodic checks"            [_thread_blocked, id=12112, stack(0x0000001ba2700000,0x0000001ba2800000) (1024K)]
  0x000001f53bed5f90 JavaThread "Daemon"                            [_thread_blocked, id=18096, stack(0x0000001ba2800000,0x0000001ba2900000) (1024K)]
  0x000001f53bed8170 JavaThread "Handler for socket connection from /127.0.0.1:60436 to /127.0.0.1:60437"        [_thread_in_native, id=3200, stack(0x0000001ba2900000,0x0000001ba2a00000) (1024K)]
  0x000001f53b0ed9e0 JavaThread "Cancel handler"                    [_thread_blocked, id=13644, stack(0x0000001ba2a00000,0x0000001ba2b00000) (1024K)]
  0x000001f53b1074a0 JavaThread "Daemon worker"                     [_thread_blocked, id=12100, stack(0x0000001ba2b00000,0x0000001ba2c00000) (1024K)]
  0x000001f53b0540c0 JavaThread "Asynchronous log dispatcher for DefaultDaemonConnection: socket connection from /127.0.0.1:60436 to /127.0.0.1:60437"        [_thread_blocked, id=14268, stack(0x0000001ba2c00000,0x0000001ba2d00000) (1024K)]
  0x000001f53b057540 JavaThread "Stdin handler"                     [_thread_blocked, id=17180, stack(0x0000001ba2d00000,0x0000001ba2e00000) (1024K)]
  0x000001f53b056820 JavaThread "Daemon client event forwarder"        [_thread_blocked, id=13588, stack(0x0000001ba2e00000,0x0000001ba2f00000) (1024K)]
  0x000001f53b054750 JavaThread "Cache worker for journal cache (C:\Users\DELL\.gradle\caches\journal-1)"        [_thread_blocked, id=2224, stack(0x0000001ba2f00000,0x0000001ba3000000) (1024K)]
  0x000001f53b054de0 JavaThread "File lock request listener"        [_thread_in_native, id=16880, stack(0x0000001ba3000000,0x0000001ba3100000) (1024K)]
  0x000001f53b055470 JavaThread "Cache worker for file hash cache (C:\Users\DELL\.gradle\caches\9.3.1\fileHashes)"        [_thread_blocked, id=9332, stack(0x0000001ba3100000,0x0000001ba3200000) (1024K)]
  0x000001f53f11cd80 JavaThread "Cache worker for file hash cache (C:\Users\DELL\Desktop\kavachsecurecom\android-app\.gradle\9.3.1\fileHashes)"        [_thread_blocked, id=2836, stack(0x0000001ba3200000,0x0000001ba3300000) (1024K)]
  0x000001f53f11f4e0 JavaThread "Cache worker for Build Output Cleanup Cache (C:\Users\DELL\Desktop\kavachsecurecom\android-app\.gradle\buildOutputCleanup)"        [_thread_blocked, id=17304, stack(0x0000001ba3300000,0x0000001ba3400000) (1024K)]
  0x000001f53f11c060 JavaThread "File watcher server"        daemon [_thread_blocked, id=12044, stack(0x0000001ba3400000,0x0000001ba3500000) (1024K)]
  0x000001f53f11d410 JavaThread "File watcher consumer"      daemon [_thread_blocked, id=16868, stack(0x0000001ba3500000,0x0000001ba3600000) (1024K)]
  0x000001f53f11e130 JavaThread "Cache worker for checksums cache (C:\Users\DELL\Desktop\kavachsecurecom\android-app\.gradle\9.3.1\checksums)"        [_thread_blocked, id=15676, stack(0x0000001ba3600000,0x0000001ba3700000) (1024K)]
  0x000001f53f11e7c0 JavaThread "Cache worker for file content cache (C:\Users\DELL\.gradle\caches\9.3.1\fileContent)"        [_thread_blocked, id=16320, stack(0x0000001ba3700000,0x0000001ba3800000) (1024K)]
  0x000001f53f11c6f0 JavaThread "Cache worker for cache directory md-supplier (C:\Users\DELL\.gradle\caches\9.3.1\md-supplier)"        [_thread_blocked, id=18888, stack(0x0000001ba3800000,0x0000001ba3900000) (1024K)]
  0x000001f53f11ee50 JavaThread "Cache worker for cache directory md-rule (C:\Users\DELL\.gradle\caches\9.3.1\md-rule)"        [_thread_blocked, id=10404, stack(0x0000001ba3900000,0x0000001ba3a00000) (1024K)]
  0x000001f53e8eb150 JavaThread "Unconstrained build operations"        [_thread_blocked, id=16792, stack(0x0000001ba3a00000,0x0000001ba3b00000) (1024K)]
  0x000001f53e8e4ee0 JavaThread "Unconstrained build operations Thread 2"        [_thread_blocked, id=13112, stack(0x0000001ba3b00000,0x0000001ba3c00000) (1024K)]
  0x000001f53e8e9710 JavaThread "Unconstrained build operations Thread 3"        [_thread_blocked, id=16392, stack(0x0000001ba3c00000,0x0000001ba3d00000) (1024K)]
  0x000001f53e8e5c00 JavaThread "Unconstrained build operations Thread 4"        [_thread_blocked, id=18884, stack(0x0000001ba3d00000,0x0000001ba3e00000) (1024K)]
  0x000001f53e8eb7e0 JavaThread "Unconstrained build operations Thread 5"        [_thread_blocked, id=11252, stack(0x0000001ba3e00000,0x0000001ba3f00000) (1024K)]
  0x000001f53e8ebe70 JavaThread "Unconstrained build operations Thread 6"        [_thread_blocked, id=17476, stack(0x0000001ba3f00000,0x0000001ba4000000) (1024K)]
  0x000001f53e8ea430 JavaThread "Unconstrained build operations Thread 7"        [_thread_blocked, id=11124, stack(0x0000001ba4000000,0x0000001ba4100000) (1024K)]
  0x000001f53e8e8360 JavaThread "Unconstrained build operations Thread 8"        [_thread_blocked, id=12476, stack(0x0000001ba4100000,0x0000001ba4200000) (1024K)]
  0x000001f53e8eaac0 JavaThread "Unconstrained build operations Thread 9"        [_thread_blocked, id=17340, stack(0x0000001ba4200000,0x0000001ba4300000) (1024K)]
  0x000001f53e8ec500 JavaThread "Unconstrained build operations Thread 10"        [_thread_blocked, id=5528, stack(0x0000001ba4300000,0x0000001ba4400000) (1024K)]
  0x000001f53e8e6290 JavaThread "Unconstrained build operations Thread 11"        [_thread_blocked, id=8416, stack(0x0000001ba4400000,0x0000001ba4500000) (1024K)]
  0x000001f53e8e6fb0 JavaThread "Unconstrained build operations Thread 12"        [_thread_blocked, id=3324, stack(0x0000001ba4500000,0x0000001ba4600000) (1024K)]
  0x000001f53b27aa00 JavaThread "Memory manager"                    [_thread_blocked, id=2944, stack(0x0000001ba4700000,0x0000001ba4800000) (1024K)]
  0x000001f53b279ce0 JavaThread "build event listener"              [_thread_blocked, id=17136, stack(0x0000001ba4800000,0x0000001ba4900000) (1024K)]
  0x000001f53fc6a7f0 JavaThread "pool-3-thread-1"                   [_thread_blocked, id=15320, stack(0x0000001ba4900000,0x0000001ba4a00000) (1024K)]
  0x000001f53fc69440 JavaThread "build event listener"              [_thread_blocked, id=8444, stack(0x0000001ba4a00000,0x0000001ba4b00000) (1024K)]
  0x000001f53fc69ad0 JavaThread "included builds"                   [_thread_blocked, id=11628, stack(0x0000001ba4b00000,0x0000001ba4c00000) (1024K)]
  0x000001f53b276860 JavaThread "Execution worker"                  [_thread_blocked, id=19192, stack(0x0000001ba4c00000,0x0000001ba4d00000) (1024K)]
  0x000001f53b27a370 JavaThread "Execution worker Thread 2"         [_thread_blocked, id=4144, stack(0x0000001ba4d00000,0x0000001ba4e00000) (1024K)]
  0x000001f53e8e7640 JavaThread "Execution worker Thread 3"         [_thread_blocked, id=14768, stack(0x0000001ba4e00000,0x0000001ba4f00000) (1024K)]
  0x000001f540be1b90 JavaThread "Cache worker for execution history cache (C:\Users\DELL\Desktop\kavachsecurecom\android-app\.gradle\9.3.1\executionHistory)"        [_thread_blocked, id=11484, stack(0x0000001ba4f00000,0x0000001ba5000000) (1024K)]
  0x000001f540be07e0 JavaThread "Unconstrained build operations Thread 13"        [_thread_blocked, id=5520, stack(0x0000001ba5200000,0x0000001ba5300000) (1024K)]
  0x000001f540be2f40 JavaThread "Unconstrained build operations Thread 14"        [_thread_blocked, id=5436, stack(0x0000001ba5300000,0x0000001ba5400000) (1024K)]
  0x000001f540be35d0 JavaThread "Unconstrained build operations Thread 15"        [_thread_blocked, id=592, stack(0x0000001ba5400000,0x0000001ba5500000) (1024K)]
  0x000001f540bdfac0 JavaThread "Unconstrained build operations Thread 16"        [_thread_blocked, id=17712, stack(0x0000001ba5500000,0x0000001ba5600000) (1024K)]
  0x000001f540be3c60 JavaThread "Unconstrained build operations Thread 17"        [_thread_blocked, id=15140, stack(0x0000001ba5600000,0x0000001ba5700000) (1024K)]
  0x000001f53fc6b510 JavaThread "Unconstrained build operations Thread 18"        [_thread_blocked, id=2436, stack(0x0000001ba5900000,0x0000001ba5a00000) (1024K)]
  0x000001f53fc6f6b0 JavaThread "WorkerExecutor Queue"              [_thread_blocked, id=15924, stack(0x0000001ba5a00000,0x0000001ba5b00000) (1024K)]
  0x000001f53fc6ae80 JavaThread "Unconstrained build operations Thread 19"        [_thread_blocked, id=19036, stack(0x0000001ba5b00000,0x0000001ba5c00000) (1024K)]
  0x000001f53fc6cf50 JavaThread "Unconstrained build operations Thread 20"        [_thread_blocked, id=8216, stack(0x0000001ba5c00000,0x0000001ba5d00000) (1024K)]
  0x000001f53fc6dc70 JavaThread "Unconstrained build operations Thread 21"        [_thread_blocked, id=11316, stack(0x0000001ba5d00000,0x0000001ba5e00000) (1024K)]
  0x000001f545a8f680 JavaThread "Unconstrained build operations Thread 22"        [_thread_blocked, id=9000, stack(0x0000001ba5e00000,0x0000001ba5f00000) (1024K)]
  0x000001f545a8eff0 JavaThread "Unconstrained build operations Thread 23"        [_thread_blocked, id=19328, stack(0x0000001ba5000000,0x0000001ba5100000) (1024K)]
  0x000001f545a90a30 JavaThread "Unconstrained build operations Thread 24"        [_thread_blocked, id=11192, stack(0x0000001ba5f00000,0x0000001ba6000000) (1024K)]
  0x000001f540be2220 JavaThread "WorkerExecutor Queue Thread 2"        [_thread_blocked, id=7768, stack(0x0000001ba0e00000,0x0000001ba0f00000) (1024K)]
  0x000001f540bdd9f0 JavaThread "Unconstrained build operations Thread 25"        [_thread_blocked, id=11840, stack(0x0000001ba4600000,0x0000001ba4700000) (1024K)]
  0x000001f540bde710 JavaThread "Unconstrained build operations Thread 26"        [_thread_blocked, id=2188, stack(0x0000001ba6000000,0x0000001ba6100000) (1024K)]
  0x000001f53fc6a160 JavaThread "Unconstrained build operations Thread 27"        [_thread_blocked, id=1236, stack(0x0000001ba6100000,0x0000001ba6200000) (1024K)]
  0x000001f53fc6e990 JavaThread "WorkerExecutor Queue Thread 4"        [_thread_blocked, id=18116, stack(0x0000001ba6200000,0x0000001ba6300000) (1024K)]
  0x000001f53fc68db0 JavaThread "Unconstrained build operations Thread 28"        [_thread_blocked, id=18392, stack(0x0000001ba6300000,0x0000001ba6400000) (1024K)]
  0x000001f545a8e2d0 JavaThread "Unconstrained build operations Thread 29"        [_thread_blocked, id=612, stack(0x0000001ba6400000,0x0000001ba6500000) (1024K)]
  0x000001f545a8bb70 JavaThread "Unconstrained build operations Thread 30"        [_thread_blocked, id=4100, stack(0x0000001ba6500000,0x0000001ba6600000) (1024K)]
  0x000001f545a8c200 JavaThread "Unconstrained build operations Thread 31"        [_thread_blocked, id=15028, stack(0x0000001ba6600000,0x0000001ba6700000) (1024K)]
  0x000001f545a8b4e0 JavaThread "Unconstrained build operations Thread 32"        [_thread_blocked, id=18588, stack(0x0000001ba6700000,0x0000001ba6800000) (1024K)]
  0x000001f545a8d5b0 JavaThread "Unconstrained build operations Thread 33"        [_thread_blocked, id=16044, stack(0x0000001ba6800000,0x0000001ba6900000) (1024K)]
  0x000001f545a8e960 JavaThread "Unconstrained build operations Thread 34"        [_thread_blocked, id=7744, stack(0x0000001ba6900000,0x0000001ba6a00000) (1024K)]
  0x000001f545a8fd10 JavaThread "Unconstrained build operations Thread 35"        [_thread_blocked, id=9412, stack(0x0000001ba6a00000,0x0000001ba6b00000) (1024K)]
  0x000001f545a903a0 JavaThread "Unconstrained build operations Thread 36"        [_thread_blocked, id=18288, stack(0x0000001ba6b00000,0x0000001ba6c00000) (1024K)]
  0x000001f540bdccd0 JavaThread "Unconstrained build operations Thread 37"        [_thread_blocked, id=7756, stack(0x0000001ba6c00000,0x0000001ba6d00000) (1024K)]
  0x000001f546019610 JavaThread "Unconstrained build operations Thread 38"        [_thread_blocked, id=17920, stack(0x0000001ba6d00000,0x0000001ba6e00000) (1024K)]
  0x000001f546019ca0 JavaThread "Unconstrained build operations Thread 39"        [_thread_blocked, id=9444, stack(0x0000001ba6e00000,0x0000001ba6f00000) (1024K)]
  0x000001f546016190 JavaThread "Unconstrained build operations Thread 40"        [_thread_blocked, id=18328, stack(0x0000001ba6f00000,0x0000001ba7000000) (1024K)]
  0x000001f546018f80 JavaThread "RMI Scheduler(0)"           daemon [_thread_blocked, id=3120, stack(0x0000001ba7000000,0x0000001ba7100000) (1024K)]
  0x000001f54601b6e0 JavaThread "RMI GC Daemon"              daemon [_thread_blocked, id=13668, stack(0x0000001ba7200000,0x0000001ba7300000) (1024K)]
  0x000001f54601a330 JavaThread "RMI TCP Accept-0"           daemon [_thread_in_native, id=15772, stack(0x0000001ba7300000,0x0000001ba7400000) (1024K)]
  0x000001f54601ca90 JavaThread "RMI Reaper"                        [_thread_blocked, id=12964, stack(0x0000001ba7400000,0x0000001ba7500000) (1024K)]
  0x000001f54601a9c0 JavaThread "RMI TCP Connection(2)-127.0.0.1" daemon [_thread_in_native, id=8492, stack(0x0000001ba7500000,0x0000001ba7600000) (1024K)]
  0x000001f545a8a130 JavaThread "WorkerExecutor Queue Thread 5"        [_thread_blocked, id=18904, stack(0x0000001ba0d00000,0x0000001ba0e00000) (1024K)]
  0x000001f54643f5e0 JavaThread "ForkJoinPool-1-worker-1"    daemon [_thread_blocked, id=14368, stack(0x0000001ba0f00000,0x0000001ba1000000) (1024K)]
  0x000001f546440300 JavaThread "ForkJoinPool-1-worker-2"    daemon [_thread_blocked, id=2288, stack(0x0000001ba5700000,0x0000001ba5800000) (1024K)]
  0x000001f54829fe80 JavaThread "ForkJoinPool-1-worker-3"    daemon [_thread_blocked, id=15112, stack(0x0000001ba5800000,0x0000001ba5900000) (1024K)]
  0x000001f54643ef50 JavaThread "ForkJoinPool-1-worker-4"    daemon [_thread_blocked, id=14376, stack(0x0000001ba7100000,0x0000001ba7200000) (1024K)]
Total: 94

Other Threads:
=>0x000001f536942920 VMThread "VM Thread"                           [id=15896, stack(0x0000001ba1700000,0x0000001ba1800000) (1024K)]
  0x000001f5219e1bf0 WatcherThread "VM Periodic Task Thread"        [id=13972, stack(0x0000001ba1600000,0x0000001ba1700000) (1024K)]
  0x000001f52196be20 WorkerThread "GC Thread#0"                     [id=18852, stack(0x0000001ba1100000,0x0000001ba1200000) (1024K)]
  0x000001f536f077c0 WorkerThread "GC Thread#1"                     [id=5660, stack(0x0000001ba2200000,0x0000001ba2300000) (1024K)]
  0x000001f536f08610 WorkerThread "GC Thread#2"                     [id=17584, stack(0x0000001ba2300000,0x0000001ba2400000) (1024K)]
  0x000001f53bd835c0 WorkerThread "GC Thread#3"                     [id=10728, stack(0x0000001ba2400000,0x0000001ba2500000) (1024K)]
  0x000001f5219736b0 ConcurrentGCThread "G1 Main Marker"            [id=4888, stack(0x0000001ba1200000,0x0000001ba1300000) (1024K)]
  0x000001f521974860 WorkerThread "G1 Conc#0"                       [id=6440, stack(0x0000001ba1300000,0x0000001ba1400000) (1024K)]
  0x000001f5219cfb20 ConcurrentGCThread "G1 Refine#0"               [id=14700, stack(0x0000001ba1400000,0x0000001ba1500000) (1024K)]
  0x000001f5219d05a0 ConcurrentGCThread "G1 Service"                [id=16048, stack(0x0000001ba1500000,0x0000001ba1600000) (1024K)]
Total: 10

Threads with active compile tasks:
Total: 0

VM state: at safepoint (normal execution)

VM Mutex/Monitor currently owned by a thread:  ([mutex/lock_event])
[0x00007ffb7d368690] Threads_lock - owner thread: 0x000001f536942920
[0x00007ffb7d368790] Heap_lock - owner thread: 0x000001f5219736b0

Heap address: 0x00000000e0000000, size: 512 MB, Compressed Oops mode: 32-bit

CDS archive(s) not mapped
Compressed class space mapped at: 0x0000000100000000-0x000000010d000000, reserved size: 218103808
Narrow klass base: 0x0000000000000000, Narrow klass shift: 3, Narrow klass range: 0x10d000000

GC Precious Log:
 CardTable entry size: 512
 Card Set container configuration: InlinePtr #cards 5 size 8 Array Of Cards #cards 12 size 40 Howl #buckets 4 coarsen threshold 1843 Howl Bitmap #cards 512 size 80 coarsen threshold 460 Card regions per heap region 1 cards per card region 2048
 CPUs: 4 total, 4 available
 Memory: 3862M
 Large Page Support: Disabled
 NUMA Support: Disabled
 Compressed Oops: Enabled (32-bit)
 Heap Region Size: 1M
 Heap Min Capacity: 8M
 Heap Initial Capacity: 62M
 Heap Max Capacity: 512M
 Pre-touch: Disabled
 Parallel Workers: 4
 Concurrent Workers: 1
 Concurrent Refinement Workers: 4
 Periodic GC: Disabled

Heap:
 garbage-first heap   total 442368K, used 310650K [0x00000000e0000000, 0x0000000100000000)
  region size 1024K, 34 young (34816K), 9 survivors (9216K)
 Metaspace       used 156836K, committed 159360K, reserved 409600K
  class space    used 21377K, committed 22528K, reserved 212992K

Heap Regions: E=young(eden), S=young(survivor), O=old, HS=humongous(starts), HC=humongous(continues), CS=collection set, F=free, TAMS=top-at-mark-start, PB=parsable bottom
|   0|0x00000000e0000000, 0x00000000e0100000, 0x00000000e0100000|100%|HS|  |TAMS 0x00000000e0100000| PB 0x00000000e0000000| Complete 
|   1|0x00000000e0100000, 0x00000000e0200000, 0x00000000e0200000|100%|HC|  |TAMS 0x00000000e0200000| PB 0x00000000e0100000| Complete 
|   2|0x00000000e0200000, 0x00000000e0300000, 0x00000000e0300000|100%|HC|  |TAMS 0x00000000e0300000| PB 0x00000000e0200000| Complete 
|   3|0x00000000e0300000, 0x00000000e0400000, 0x00000000e0400000|100%|HC|  |TAMS 0x00000000e0400000| PB 0x00000000e0300000| Complete 
|   4|0x00000000e0400000, 0x00000000e0500000, 0x00000000e0500000|100%| O|  |TAMS 0x00000000e0500000| PB 0x00000000e0500000| Untracked 
|   5|0x00000000e0500000, 0x00000000e0600000, 0x00000000e0600000|100%| O|  |TAMS 0x00000000e0600000| PB 0x00000000e0600000| Untracked 
|   6|0x00000000e0600000, 0x00000000e0700000, 0x00000000e0700000|100%| O|  |TAMS 0x00000000e0700000| PB 0x00000000e0700000| Untracked 
|   7|0x00000000e0700000, 0x00000000e0800000, 0x00000000e0800000|100%| O|  |TAMS 0x00000000e0800000| PB 0x00000000e0800000| Untracked 
|   8|0x00000000e0800000, 0x00000000e0900000, 0x00000000e0900000|100%| O|  |TAMS 0x00000000e0900000| PB 0x00000000e0900000| Untracked 
|   9|0x00000000e0900000, 0x00000000e0a00000, 0x00000000e0a00000|100%| O|  |TAMS 0x00000000e0a00000| PB 0x00000000e0a00000| Untracked 
|  10|0x00000000e0a00000, 0x00000000e0b00000, 0x00000000e0b00000|100%| O|  |TAMS 0x00000000e0b00000| PB 0x00000000e0b00000| Untracked 
|  11|0x00000000e0b00000, 0x00000000e0c00000, 0x00000000e0c00000|100%|HS|  |TAMS 0x00000000e0c00000| PB 0x00000000e0b00000| Complete 
|  12|0x00000000e0c00000, 0x00000000e0d00000, 0x00000000e0d00000|100%| O|  |TAMS 0x00000000e0d00000| PB 0x00000000e0d00000| Untracked 
|  13|0x00000000e0d00000, 0x00000000e0e00000, 0x00000000e0e00000|100%| O|  |TAMS 0x00000000e0e00000| PB 0x00000000e0e00000| Untracked 
|  14|0x00000000e0e00000, 0x00000000e0f00000, 0x00000000e0f00000|100%| O|  |TAMS 0x00000000e0f00000| PB 0x00000000e0f00000| Updating 
|  15|0x00000000e0f00000, 0x00000000e1000000, 0x00000000e1000000|100%| O|  |TAMS 0x00000000e1000000| PB 0x00000000e1000000| Untracked 
|  16|0x00000000e1000000, 0x00000000e1100000, 0x00000000e1100000|100%| O|  |TAMS 0x00000000e1100000| PB 0x00000000e1100000| Untracked 
|  17|0x00000000e1100000, 0x00000000e1200000, 0x00000000e1200000|100%| O|  |TAMS 0x00000000e1200000| PB 0x00000000e1200000| Untracked 
|  18|0x00000000e1200000, 0x00000000e1300000, 0x00000000e1300000|100%| O|  |TAMS 0x00000000e1300000| PB 0x00000000e1300000| Untracked 
|  19|0x00000000e1300000, 0x00000000e1400000, 0x00000000e1400000|100%| O|  |TAMS 0x00000000e1400000| PB 0x00000000e1400000| Untracked 
|  20|0x00000000e1400000, 0x00000000e1500000, 0x00000000e1500000|100%| O|  |TAMS 0x00000000e1500000| PB 0x00000000e1500000| Updating 
|  21|0x00000000e1500000, 0x00000000e1600000, 0x00000000e1600000|100%| O|  |TAMS 0x00000000e1600000| PB 0x00000000e1600000| Untracked 
|  22|0x00000000e1600000, 0x00000000e1700000, 0x00000000e1700000|100%| O|  |TAMS 0x00000000e1700000| PB 0x00000000e1700000| Untracked 
|  23|0x00000000e1700000, 0x00000000e1800000, 0x00000000e1800000|100%| O|  |TAMS 0x00000000e1800000| PB 0x00000000e1800000| Updating 
|  24|0x00000000e1800000, 0x00000000e1900000, 0x00000000e1900000|100%| O|  |TAMS 0x00000000e1900000| PB 0x00000000e1900000| Untracked 
|  25|0x00000000e1900000, 0x00000000e1a00000, 0x00000000e1a00000|100%| O|  |TAMS 0x00000000e1a00000| PB 0x00000000e1a00000| Untracked 
|  26|0x00000000e1a00000, 0x00000000e1b00000, 0x00000000e1b00000|100%| O|  |TAMS 0x00000000e1b00000| PB 0x00000000e1b00000| Untracked 
|  27|0x00000000e1b00000, 0x00000000e1c00000, 0x00000000e1c00000|100%| O|  |TAMS 0x00000000e1c00000| PB 0x00000000e1c00000| Untracked 
|  28|0x00000000e1c00000, 0x00000000e1d00000, 0x00000000e1d00000|100%| O|  |TAMS 0x00000000e1d00000| PB 0x00000000e1d00000| Untracked 
|  29|0x00000000e1d00000, 0x00000000e1e00000, 0x00000000e1e00000|100%| O|  |TAMS 0x00000000e1e00000| PB 0x00000000e1e00000| Untracked 
|  30|0x00000000e1e00000, 0x00000000e1f00000, 0x00000000e1f00000|100%| O|  |TAMS 0x00000000e1f00000| PB 0x00000000e1f00000| Untracked 
|  31|0x00000000e1f00000, 0x00000000e2000000, 0x00000000e2000000|100%| O|  |TAMS 0x00000000e2000000| PB 0x00000000e2000000| Untracked 
|  32|0x00000000e2000000, 0x00000000e2100000, 0x00000000e2100000|100%| O|  |TAMS 0x00000000e2100000| PB 0x00000000e2100000| Untracked 
|  33|0x00000000e2100000, 0x00000000e2200000, 0x00000000e2200000|100%| O|  |TAMS 0x00000000e2200000| PB 0x00000000e2200000| Untracked 
|  34|0x00000000e2200000, 0x00000000e2300000, 0x00000000e2300000|100%| O|  |TAMS 0x00000000e2300000| PB 0x00000000e2300000| Untracked 
|  35|0x00000000e2300000, 0x00000000e2400000, 0x00000000e2400000|100%| O|  |TAMS 0x00000000e2400000| PB 0x00000000e2400000| Untracked 
|  36|0x00000000e2400000, 0x00000000e2500000, 0x00000000e2500000|100%|HS|  |TAMS 0x00000000e2500000| PB 0x00000000e2400000| Complete 
|  37|0x00000000e2500000, 0x00000000e2600000, 0x00000000e2600000|100%| O|  |TAMS 0x00000000e2600000| PB 0x00000000e2600000| Untracked 
|  38|0x00000000e2600000, 0x00000000e2700000, 0x00000000e2700000|100%| O|  |TAMS 0x00000000e2700000| PB 0x00000000e2700000| Untracked 
|  39|0x00000000e2700000, 0x00000000e2800000, 0x00000000e2800000|100%| O|  |TAMS 0x00000000e2800000| PB 0x00000000e2800000| Untracked 
|  40|0x00000000e2800000, 0x00000000e2900000, 0x00000000e2900000|100%| O|  |TAMS 0x00000000e2900000| PB 0x00000000e2900000| Untracked 
|  41|0x00000000e2900000, 0x00000000e2a00000, 0x00000000e2a00000|100%| O|  |TAMS 0x00000000e2a00000| PB 0x00000000e2a00000| Updating 
|  42|0x00000000e2a00000, 0x00000000e2b00000, 0x00000000e2b00000|100%| O|  |TAMS 0x00000000e2b00000| PB 0x00000000e2b00000| Untracked 
|  43|0x00000000e2b00000, 0x00000000e2c00000, 0x00000000e2c00000|100%| O|  |TAMS 0x00000000e2c00000| PB 0x00000000e2c00000| Untracked 
|  44|0x00000000e2c00000, 0x00000000e2d00000, 0x00000000e2d00000|100%| O|  |TAMS 0x00000000e2d00000| PB 0x00000000e2d00000| Untracked 
|  45|0x00000000e2d00000, 0x00000000e2e00000, 0x00000000e2e00000|100%|HS|  |TAMS 0x00000000e2e00000| PB 0x00000000e2d00000| Complete 
|  46|0x00000000e2e00000, 0x00000000e2f00000, 0x00000000e2f00000|100%|HS|  |TAMS 0x00000000e2f00000| PB 0x00000000e2e00000| Complete 
|  47|0x00000000e2f00000, 0x00000000e3000000, 0x00000000e3000000|100%|HC|  |TAMS 0x00000000e3000000| PB 0x00000000e2f00000| Complete 
|  48|0x00000000e3000000, 0x00000000e3100000, 0x00000000e3100000|100%|HS|  |TAMS 0x00000000e3100000| PB 0x00000000e3000000| Complete 
|  49|0x00000000e3100000, 0x00000000e3200000, 0x00000000e3200000|100%|HS|  |TAMS 0x00000000e3200000| PB 0x00000000e3100000| Complete 
|  50|0x00000000e3200000, 0x00000000e3300000, 0x00000000e3300000|100%| O|  |TAMS 0x00000000e3300000| PB 0x00000000e3300000| Untracked 
|  51|0x00000000e3300000, 0x00000000e3400000, 0x00000000e3400000|100%|HS|  |TAMS 0x00000000e3400000| PB 0x00000000e3300000| Complete 
|  52|0x00000000e3400000, 0x00000000e3500000, 0x00000000e3500000|100%|HS|  |TAMS 0x00000000e3500000| PB 0x00000000e3400000| Complete 
|  53|0x00000000e3500000, 0x00000000e3600000, 0x00000000e3600000|100%| O|  |TAMS 0x00000000e3600000| PB 0x00000000e3600000| Untracked 
|  54|0x00000000e3600000, 0x00000000e3700000, 0x00000000e3700000|100%| O|  |TAMS 0x00000000e3700000| PB 0x00000000e3700000| Untracked 
|  55|0x00000000e3700000, 0x00000000e3800000, 0x00000000e3800000|100%| O|  |TAMS 0x00000000e3800000| PB 0x00000000e3800000| Updating 
|  56|0x00000000e3800000, 0x00000000e3900000, 0x00000000e3900000|100%| O|  |TAMS 0x00000000e3900000| PB 0x00000000e3900000| Untracked 
|  57|0x00000000e3900000, 0x00000000e3a00000, 0x00000000e3a00000|100%| O|  |TAMS 0x00000000e3a00000| PB 0x00000000e3a00000| Untracked 
|  58|0x00000000e3a00000, 0x00000000e3b00000, 0x00000000e3b00000|100%| O|  |TAMS 0x00000000e3b00000| PB 0x00000000e3b00000| Updating 
|  59|0x00000000e3b00000, 0x00000000e3c00000, 0x00000000e3c00000|100%|HS|  |TAMS 0x00000000e3c00000| PB 0x00000000e3b00000| Complete 
|  60|0x00000000e3c00000, 0x00000000e3d00000, 0x00000000e3d00000|100%|HC|  |TAMS 0x00000000e3d00000| PB 0x00000000e3c00000| Complete 
|  61|0x00000000e3d00000, 0x00000000e3e00000, 0x00000000e3e00000|100%| O|  |TAMS 0x00000000e3e00000| PB 0x00000000e3e00000| Untracked 
|  62|0x00000000e3e00000, 0x00000000e3f00000, 0x00000000e3f00000|100%| O|  |TAMS 0x00000000e3f00000| PB 0x00000000e3f00000| Untracked 
|  63|0x00000000e3f00000, 0x00000000e4000000, 0x00000000e4000000|100%| O|  |TAMS 0x00000000e4000000| PB 0x00000000e4000000| Untracked 
|  64|0x00000000e4000000, 0x00000000e4100000, 0x00000000e4100000|100%| O|  |TAMS 0x00000000e4100000| PB 0x00000000e4100000| Untracked 
|  65|0x00000000e4100000, 0x00000000e4200000, 0x00000000e4200000|100%| O|  |TAMS 0x00000000e4200000| PB 0x00000000e4200000| Untracked 
|  66|0x00000000e4200000, 0x00000000e4300000, 0x00000000e4300000|100%|HS|  |TAMS 0x00000000e4300000| PB 0x00000000e4200000| Complete 
|  67|0x00000000e4300000, 0x00000000e4400000, 0x00000000e4400000|100%| O|  |TAMS 0x00000000e4400000| PB 0x00000000e4400000| Untracked 
|  68|0x00000000e4400000, 0x00000000e4500000, 0x00000000e4500000|100%| O|  |TAMS 0x00000000e4500000| PB 0x00000000e4500000| Untracked 
|  69|0x00000000e4500000, 0x00000000e4600000, 0x00000000e4600000|100%| O|  |TAMS 0x00000000e4600000| PB 0x00000000e4600000| Untracked 
|  70|0x00000000e4600000, 0x00000000e4700000, 0x00000000e4700000|100%| O|  |TAMS 0x00000000e4700000| PB 0x00000000e4700000| Untracked 
|  71|0x00000000e4700000, 0x00000000e4800000, 0x00000000e4800000|100%| O|  |TAMS 0x00000000e4800000| PB 0x00000000e4800000| Untracked 
|  72|0x00000000e4800000, 0x00000000e4900000, 0x00000000e4900000|100%| O|  |TAMS 0x00000000e4900000| PB 0x00000000e4900000| Untracked 
|  73|0x00000000e4900000, 0x00000000e4a00000, 0x00000000e4a00000|100%| O|  |TAMS 0x00000000e4a00000| PB 0x00000000e4a00000| Updating 
|  74|0x00000000e4a00000, 0x00000000e4b00000, 0x00000000e4b00000|100%| O|  |TAMS 0x00000000e4b00000| PB 0x00000000e4b00000| Updating 
|  75|0x00000000e4b00000, 0x00000000e4c00000, 0x00000000e4c00000|100%| O|  |TAMS 0x00000000e4c00000| PB 0x00000000e4c00000| Updating 
|  76|0x00000000e4c00000, 0x00000000e4d00000, 0x00000000e4d00000|100%| O|  |TAMS 0x00000000e4d00000| PB 0x00000000e4d00000| Untracked 
|  77|0x00000000e4d00000, 0x00000000e4e00000, 0x00000000e4e00000|100%| O|  |TAMS 0x00000000e4e00000| PB 0x00000000e4e00000| Updating 
|  78|0x00000000e4e00000, 0x00000000e4f00000, 0x00000000e4f00000|100%| O|  |TAMS 0x00000000e4f00000| PB 0x00000000e4f00000| Untracked 
|  79|0x00000000e4f00000, 0x00000000e5000000, 0x00000000e5000000|100%| O|  |TAMS 0x00000000e5000000| PB 0x00000000e5000000| Updating 
|  80|0x00000000e5000000, 0x00000000e5100000, 0x00000000e5100000|100%| O|  |TAMS 0x00000000e5100000| PB 0x00000000e5100000| Untracked 
|  81|0x00000000e5100000, 0x00000000e5200000, 0x00000000e5200000|100%| O|  |TAMS 0x00000000e5200000| PB 0x00000000e5200000| Untracked 
|  82|0x00000000e5200000, 0x00000000e5300000, 0x00000000e5300000|100%| O|  |TAMS 0x00000000e5300000| PB 0x00000000e5300000| Untracked 
|  83|0x00000000e5300000, 0x00000000e5400000, 0x00000000e5400000|100%| O|  |TAMS 0x00000000e5400000| PB 0x00000000e5400000| Untracked 
|  84|0x00000000e5400000, 0x00000000e5500000, 0x00000000e5500000|100%| O|  |TAMS 0x00000000e5500000| PB 0x00000000e5500000| Untracked 
|  85|0x00000000e5500000, 0x00000000e5600000, 0x00000000e5600000|100%| O|  |TAMS 0x00000000e5600000| PB 0x00000000e5600000| Untracked 
|  86|0x00000000e5600000, 0x00000000e5700000, 0x00000000e5700000|100%| O|  |TAMS 0x00000000e5700000| PB 0x00000000e5700000| Untracked 
|  87|0x00000000e5700000, 0x00000000e5800000, 0x00000000e5800000|100%| O|  |TAMS 0x00000000e5800000| PB 0x00000000e5800000| Untracked 
|  88|0x00000000e5800000, 0x00000000e5900000, 0x00000000e5900000|100%| O|  |TAMS 0x00000000e5900000| PB 0x00000000e5900000| Updating 
|  89|0x00000000e5900000, 0x00000000e5a00000, 0x00000000e5a00000|100%| O|  |TAMS 0x00000000e5a00000| PB 0x00000000e5a00000| Untracked 
|  90|0x00000000e5a00000, 0x00000000e5b00000, 0x00000000e5b00000|100%| O|  |TAMS 0x00000000e5b00000| PB 0x00000000e5b00000| Untracked 
|  91|0x00000000e5b00000, 0x00000000e5c00000, 0x00000000e5c00000|100%| O|  |TAMS 0x00000000e5c00000| PB 0x00000000e5c00000| Untracked 
|  92|0x00000000e5c00000, 0x00000000e5d00000, 0x00000000e5d00000|100%| O|  |TAMS 0x00000000e5d00000| PB 0x00000000e5d00000| Updating 
|  93|0x00000000e5d00000, 0x00000000e5e00000, 0x00000000e5e00000|100%| O|  |TAMS 0x00000000e5e00000| PB 0x00000000e5e00000| Untracked 
|  94|0x00000000e5e00000, 0x00000000e5f00000, 0x00000000e5f00000|100%| O|  |TAMS 0x00000000e5f00000| PB 0x00000000e5f00000| Updating 
|  95|0x00000000e5f00000, 0x00000000e6000000, 0x00000000e6000000|100%| O|  |TAMS 0x00000000e6000000| PB 0x00000000e6000000| Untracked 
|  96|0x00000000e6000000, 0x00000000e6100000, 0x00000000e6100000|100%| O|  |TAMS 0x00000000e6100000| PB 0x00000000e6100000| Untracked 
|  97|0x00000000e6100000, 0x00000000e6200000, 0x00000000e6200000|100%| O|  |TAMS 0x00000000e6200000| PB 0x00000000e6200000| Untracked 
|  98|0x00000000e6200000, 0x00000000e6300000, 0x00000000e6300000|100%| O|  |TAMS 0x00000000e6300000| PB 0x00000000e6300000| Updating 
|  99|0x00000000e6300000, 0x00000000e6400000, 0x00000000e6400000|100%| O|  |TAMS 0x00000000e6400000| PB 0x00000000e6400000| Untracked 
| 100|0x00000000e6400000, 0x00000000e6500000, 0x00000000e6500000|100%| O|  |TAMS 0x00000000e6500000| PB 0x00000000e6500000| Untracked 
| 101|0x00000000e6500000, 0x00000000e6600000, 0x00000000e6600000|100%|HS|  |TAMS 0x00000000e6600000| PB 0x00000000e6500000| Complete 
| 102|0x00000000e6600000, 0x00000000e6700000, 0x00000000e6700000|100%|HS|  |TAMS 0x00000000e6700000| PB 0x00000000e6600000| Complete 
| 103|0x00000000e6700000, 0x00000000e6800000, 0x00000000e6800000|100%|HC|  |TAMS 0x00000000e6800000| PB 0x00000000e6700000| Complete 
| 104|0x00000000e6800000, 0x00000000e6900000, 0x00000000e6900000|100%|HC|  |TAMS 0x00000000e6900000| PB 0x00000000e6800000| Complete 
| 105|0x00000000e6900000, 0x00000000e6a00000, 0x00000000e6a00000|100%| O|  |TAMS 0x00000000e6a00000| PB 0x00000000e6a00000| Untracked 
| 106|0x00000000e6a00000, 0x00000000e6b00000, 0x00000000e6b00000|100%| O|  |TAMS 0x00000000e6b00000| PB 0x00000000e6b00000| Untracked 
| 107|0x00000000e6b00000, 0x00000000e6c00000, 0x00000000e6c00000|100%| O|  |TAMS 0x00000000e6c00000| PB 0x00000000e6c00000| Untracked 
| 108|0x00000000e6c00000, 0x00000000e6d00000, 0x00000000e6d00000|100%| O|  |TAMS 0x00000000e6d00000| PB 0x00000000e6d00000| Updating 
| 109|0x00000000e6d00000, 0x00000000e6e00000, 0x00000000e6e00000|100%| O|  |TAMS 0x00000000e6e00000| PB 0x00000000e6e00000| Updating 
| 110|0x00000000e6e00000, 0x00000000e6f00000, 0x00000000e6f00000|100%| O|  |TAMS 0x00000000e6f00000| PB 0x00000000e6f00000| Updating 
| 111|0x00000000e6f00000, 0x00000000e6f00000, 0x00000000e7000000|  0%| F|  |TAMS 0x00000000e6f00000| PB 0x00000000e6f00000| Untracked 
| 112|0x00000000e7000000, 0x00000000e7100000, 0x00000000e7100000|100%|HS|  |TAMS 0x00000000e7100000| PB 0x00000000e7000000| Complete 
| 113|0x00000000e7100000, 0x00000000e7200000, 0x00000000e7200000|100%|HC|  |TAMS 0x00000000e7200000| PB 0x00000000e7100000| Complete 
| 114|0x00000000e7200000, 0x00000000e7300000, 0x00000000e7300000|100%| O|  |TAMS 0x00000000e7300000| PB 0x00000000e7300000| Updating 
| 115|0x00000000e7300000, 0x00000000e7400000, 0x00000000e7400000|100%|HS|  |TAMS 0x00000000e7400000| PB 0x00000000e7300000| Complete 
| 116|0x00000000e7400000, 0x00000000e7500000, 0x00000000e7500000|100%| O|  |TAMS 0x00000000e7500000| PB 0x00000000e7500000| Untracked 
| 117|0x00000000e7500000, 0x00000000e7600000, 0x00000000e7600000|100%| O|  |TAMS 0x00000000e7600000| PB 0x00000000e7600000| Untracked 
| 118|0x00000000e7600000, 0x00000000e7700000, 0x00000000e7700000|100%| O|  |TAMS 0x00000000e7700000| PB 0x00000000e7700000| Untracked 
| 119|0x00000000e7700000, 0x00000000e7800000, 0x00000000e7800000|100%| O|  |TAMS 0x00000000e7800000| PB 0x00000000e7800000| Untracked 
| 120|0x00000000e7800000, 0x00000000e7900000, 0x00000000e7900000|100%| O|  |TAMS 0x00000000e7900000| PB 0x00000000e7900000| Untracked 
| 121|0x00000000e7900000, 0x00000000e7a00000, 0x00000000e7a00000|100%| O|  |TAMS 0x00000000e7a00000| PB 0x00000000e7a00000| Untracked 
| 122|0x00000000e7a00000, 0x00000000e7b00000, 0x00000000e7b00000|100%| O|  |TAMS 0x00000000e7b00000| PB 0x00000000e7b00000| Updating 
| 123|0x00000000e7b00000, 0x00000000e7c00000, 0x00000000e7c00000|100%| O|  |TAMS 0x00000000e7c00000| PB 0x00000000e7c00000| Updating 
| 124|0x00000000e7c00000, 0x00000000e7d00000, 0x00000000e7d00000|100%| O|  |TAMS 0x00000000e7d00000| PB 0x00000000e7d00000| Updating 
| 125|0x00000000e7d00000, 0x00000000e7e00000, 0x00000000e7e00000|100%|HS|  |TAMS 0x00000000e7e00000| PB 0x00000000e7d00000| Complete 
| 126|0x00000000e7e00000, 0x00000000e7f00000, 0x00000000e7f00000|100%|HC|  |TAMS 0x00000000e7f00000| PB 0x00000000e7e00000| Complete 
| 127|0x00000000e7f00000, 0x00000000e8000000, 0x00000000e8000000|100%|HC|  |TAMS 0x00000000e8000000| PB 0x00000000e7f00000| Complete 
| 128|0x00000000e8000000, 0x00000000e8100000, 0x00000000e8100000|100%|HC|  |TAMS 0x00000000e8100000| PB 0x00000000e8000000| Complete 
| 129|0x00000000e8100000, 0x00000000e8200000, 0x00000000e8200000|100%|HS|  |TAMS 0x00000000e8200000| PB 0x00000000e8100000| Complete 
| 130|0x00000000e8200000, 0x00000000e8300000, 0x00000000e8300000|100%|HS|  |TAMS 0x00000000e8300000| PB 0x00000000e8200000| Complete 
| 131|0x00000000e8300000, 0x00000000e8400000, 0x00000000e8400000|100%|HS|  |TAMS 0x00000000e8400000| PB 0x00000000e8300000| Complete 
| 132|0x00000000e8400000, 0x00000000e8500000, 0x00000000e8500000|100%| O|  |TAMS 0x00000000e8500000| PB 0x00000000e8500000| Updating 
| 133|0x00000000e8500000, 0x00000000e8600000, 0x00000000e8600000|100%| O|  |TAMS 0x00000000e8600000| PB 0x00000000e8600000| Updating 
| 134|0x00000000e8600000, 0x00000000e8700000, 0x00000000e8700000|100%| O|  |TAMS 0x00000000e8700000| PB 0x00000000e8700000| Updating 
| 135|0x00000000e8700000, 0x00000000e8800000, 0x00000000e8800000|100%|HS|  |TAMS 0x00000000e8800000| PB 0x00000000e8700000| Complete 
| 136|0x00000000e8800000, 0x00000000e8900000, 0x00000000e8900000|100%|HS|  |TAMS 0x00000000e8900000| PB 0x00000000e8800000| Complete 
| 137|0x00000000e8900000, 0x00000000e8900000, 0x00000000e8a00000|  0%| F|  |TAMS 0x00000000e8900000| PB 0x00000000e8900000| Untracked 
| 138|0x00000000e8a00000, 0x00000000e8b00000, 0x00000000e8b00000|100%|HS|  |TAMS 0x00000000e8a00000| PB 0x00000000e8a00000| Complete 
| 139|0x00000000e8b00000, 0x00000000e8b00000, 0x00000000e8c00000|  0%| F|  |TAMS 0x00000000e8b00000| PB 0x00000000e8b00000| Untracked 
| 140|0x00000000e8c00000, 0x00000000e8d00000, 0x00000000e8d00000|100%|HS|  |TAMS 0x00000000e8d00000| PB 0x00000000e8c00000| Complete 
| 141|0x00000000e8d00000, 0x00000000e8e00000, 0x00000000e8e00000|100%|HC|  |TAMS 0x00000000e8e00000| PB 0x00000000e8d00000| Complete 
| 142|0x00000000e8e00000, 0x00000000e8f00000, 0x00000000e8f00000|100%| O|  |TAMS 0x00000000e8f00000| PB 0x00000000e8f00000| Untracked 
| 143|0x00000000e8f00000, 0x00000000e9000000, 0x00000000e9000000|100%| O|  |TAMS 0x00000000e9000000| PB 0x00000000e9000000| Untracked 
| 144|0x00000000e9000000, 0x00000000e9100000, 0x00000000e9100000|100%|HS|  |TAMS 0x00000000e9100000| PB 0x00000000e9000000| Complete 
| 145|0x00000000e9100000, 0x00000000e9200000, 0x00000000e9200000|100%|HC|  |TAMS 0x00000000e9200000| PB 0x00000000e9100000| Complete 
| 146|0x00000000e9200000, 0x00000000e9300000, 0x00000000e9300000|100%| O|  |TAMS 0x00000000e9300000| PB 0x00000000e9300000| Updating 
| 147|0x00000000e9300000, 0x00000000e9400000, 0x00000000e9400000|100%| O|  |TAMS 0x00000000e9400000| PB 0x00000000e9400000| Updating 
| 148|0x00000000e9400000, 0x00000000e9500000, 0x00000000e9500000|100%|HS|  |TAMS 0x00000000e9500000| PB 0x00000000e9400000| Complete 
| 149|0x00000000e9500000, 0x00000000e9600000, 0x00000000e9600000|100%|HC|  |TAMS 0x00000000e9600000| PB 0x00000000e9500000| Complete 
| 150|0x00000000e9600000, 0x00000000e9700000, 0x00000000e9700000|100%| O|  |TAMS 0x00000000e9700000| PB 0x00000000e9700000| Updating 
| 151|0x00000000e9700000, 0x00000000e9800000, 0x00000000e9800000|100%| O|  |TAMS 0x00000000e9800000| PB 0x00000000e9800000| Updating 
| 152|0x00000000e9800000, 0x00000000e9900000, 0x00000000e9900000|100%| O|  |TAMS 0x00000000e9900000| PB 0x00000000e9900000| Untracked 
| 153|0x00000000e9900000, 0x00000000e9a00000, 0x00000000e9a00000|100%| O|  |TAMS 0x00000000e9a00000| PB 0x00000000e9a00000| Updating 
| 154|0x00000000e9a00000, 0x00000000e9b00000, 0x00000000e9b00000|100%| O|  |TAMS 0x00000000e9b00000| PB 0x00000000e9b00000| Untracked 
| 155|0x00000000e9b00000, 0x00000000e9c00000, 0x00000000e9c00000|100%|HS|  |TAMS 0x00000000e9b00000| PB 0x00000000e9b00000| Complete 
| 156|0x00000000e9c00000, 0x00000000e9d00000, 0x00000000e9d00000|100%|HC|  |TAMS 0x00000000e9c00000| PB 0x00000000e9c00000| Complete 
| 157|0x00000000e9d00000, 0x00000000e9e00000, 0x00000000e9e00000|100%| O|  |TAMS 0x00000000e9e00000| PB 0x00000000e9e00000| Updating 
| 158|0x00000000e9e00000, 0x00000000e9f00000, 0x00000000e9f00000|100%| O|  |TAMS 0x00000000e9f00000| PB 0x00000000e9f00000| Updating 
| 159|0x00000000e9f00000, 0x00000000e9f00000, 0x00000000ea000000|  0%| F|  |TAMS 0x00000000e9f00000| PB 0x00000000e9f00000| Untracked 
| 160|0x00000000ea000000, 0x00000000ea000000, 0x00000000ea100000|  0%| F|  |TAMS 0x00000000ea000000| PB 0x00000000ea000000| Untracked 
| 161|0x00000000ea100000, 0x00000000ea200000, 0x00000000ea200000|100%| O|  |TAMS 0x00000000ea200000| PB 0x00000000ea200000| Untracked 
| 162|0x00000000ea200000, 0x00000000ea300000, 0x00000000ea300000|100%| O|  |TAMS 0x00000000ea300000| PB 0x00000000ea300000| Untracked 
| 163|0x00000000ea300000, 0x00000000ea400000, 0x00000000ea400000|100%|HS|  |TAMS 0x00000000ea400000| PB 0x00000000ea300000| Complete 
| 164|0x00000000ea400000, 0x00000000ea500000, 0x00000000ea500000|100%|HC|  |TAMS 0x00000000ea500000| PB 0x00000000ea400000| Complete 
| 165|0x00000000ea500000, 0x00000000ea600000, 0x00000000ea600000|100%|HC|  |TAMS 0x00000000ea600000| PB 0x00000000ea500000| Complete 
| 166|0x00000000ea600000, 0x00000000ea700000, 0x00000000ea700000|100%|HC|  |TAMS 0x00000000ea700000| PB 0x00000000ea600000| Complete 
| 167|0x00000000ea700000, 0x00000000ea800000, 0x00000000ea800000|100%|HS|  |TAMS 0x00000000ea800000| PB 0x00000000ea700000| Complete 
| 168|0x00000000ea800000, 0x00000000ea900000, 0x00000000ea900000|100%|HC|  |TAMS 0x00000000ea900000| PB 0x00000000ea800000| Complete 
| 169|0x00000000ea900000, 0x00000000eaa00000, 0x00000000eaa00000|100%|HC|  |TAMS 0x00000000eaa00000| PB 0x00000000ea900000| Complete 
| 170|0x00000000eaa00000, 0x00000000eab00000, 0x00000000eab00000|100%|HS|  |TAMS 0x00000000eab00000| PB 0x00000000eaa00000| Complete 
| 171|0x00000000eab00000, 0x00000000eac00000, 0x00000000eac00000|100%|HC|  |TAMS 0x00000000eac00000| PB 0x00000000eab00000| Complete 
| 172|0x00000000eac00000, 0x00000000ead00000, 0x00000000ead00000|100%|HC|  |TAMS 0x00000000ead00000| PB 0x00000000eac00000| Complete 
| 173|0x00000000ead00000, 0x00000000eae00000, 0x00000000eae00000|100%|HS|  |TAMS 0x00000000eae00000| PB 0x00000000ead00000| Complete 
| 174|0x00000000eae00000, 0x00000000eaf00000, 0x00000000eaf00000|100%|HC|  |TAMS 0x00000000eaf00000| PB 0x00000000eae00000| Complete 
| 175|0x00000000eaf00000, 0x00000000eb000000, 0x00000000eb000000|100%|HC|  |TAMS 0x00000000eb000000| PB 0x00000000eaf00000| Complete 
| 176|0x00000000eb000000, 0x00000000eb100000, 0x00000000eb100000|100%| O|  |TAMS 0x00000000eb100000| PB 0x00000000eb100000| Untracked 
| 177|0x00000000eb100000, 0x00000000eb200000, 0x00000000eb200000|100%| O|  |TAMS 0x00000000eb200000| PB 0x00000000eb200000| Untracked 
| 178|0x00000000eb200000, 0x00000000eb300000, 0x00000000eb300000|100%| O|  |TAMS 0x00000000eb300000| PB 0x00000000eb300000| Updating 
| 179|0x00000000eb300000, 0x00000000eb400000, 0x00000000eb400000|100%| O|  |TAMS 0x00000000eb400000| PB 0x00000000eb400000| Untracked 
| 180|0x00000000eb400000, 0x00000000eb500000, 0x00000000eb500000|100%| O|  |TAMS 0x00000000eb500000| PB 0x00000000eb500000| Updating 
| 181|0x00000000eb500000, 0x00000000eb600000, 0x00000000eb600000|100%|HS|  |TAMS 0x00000000eb600000| PB 0x00000000eb500000| Complete 
| 182|0x00000000eb600000, 0x00000000eb700000, 0x00000000eb700000|100%|HC|  |TAMS 0x00000000eb700000| PB 0x00000000eb600000| Complete 
| 183|0x00000000eb700000, 0x00000000eb800000, 0x00000000eb800000|100%|HC|  |TAMS 0x00000000eb800000| PB 0x00000000eb700000| Complete 
| 184|0x00000000eb800000, 0x00000000eb900000, 0x00000000eb900000|100%|HC|  |TAMS 0x00000000eb900000| PB 0x00000000eb800000| Complete 
| 185|0x00000000eb900000, 0x00000000eba00000, 0x00000000eba00000|100%| O|  |TAMS 0x00000000eba00000| PB 0x00000000eba00000| Untracked 
| 186|0x00000000eba00000, 0x00000000ebb00000, 0x00000000ebb00000|100%| O|  |TAMS 0x00000000ebb00000| PB 0x00000000ebb00000| Untracked 
| 187|0x00000000ebb00000, 0x00000000ebc00000, 0x00000000ebc00000|100%|HS|  |TAMS 0x00000000ebc00000| PB 0x00000000ebb00000| Complete 
| 188|0x00000000ebc00000, 0x00000000ebd00000, 0x00000000ebd00000|100%|HC|  |TAMS 0x00000000ebd00000| PB 0x00000000ebc00000| Complete 
| 189|0x00000000ebd00000, 0x00000000ebe00000, 0x00000000ebe00000|100%|HS|  |TAMS 0x00000000ebe00000| PB 0x00000000ebd00000| Complete 
| 190|0x00000000ebe00000, 0x00000000ebf00000, 0x00000000ebf00000|100%| O|  |TAMS 0x00000000ebf00000| PB 0x00000000ebf00000| Untracked 
| 191|0x00000000ebf00000, 0x00000000ec000000, 0x00000000ec000000|100%| O|  |TAMS 0x00000000ec000000| PB 0x00000000ec000000| Updating 
| 192|0x00000000ec000000, 0x00000000ec100000, 0x00000000ec100000|100%| O|  |TAMS 0x00000000ec100000| PB 0x00000000ec100000| Updating 
| 193|0x00000000ec100000, 0x00000000ec200000, 0x00000000ec200000|100%| O|  |TAMS 0x00000000ec200000| PB 0x00000000ec200000| Untracked 
| 194|0x00000000ec200000, 0x00000000ec300000, 0x00000000ec300000|100%| O|  |TAMS 0x00000000ec300000| PB 0x00000000ec300000| Updating 
| 195|0x00000000ec300000, 0x00000000ec400000, 0x00000000ec400000|100%| O|  |TAMS 0x00000000ec400000| PB 0x00000000ec400000| Untracked 
| 196|0x00000000ec400000, 0x00000000ec500000, 0x00000000ec500000|100%|HS|  |TAMS 0x00000000ec500000| PB 0x00000000ec400000| Complete 
| 197|0x00000000ec500000, 0x00000000ec600000, 0x00000000ec600000|100%|HC|  |TAMS 0x00000000ec600000| PB 0x00000000ec500000| Complete 
| 198|0x00000000ec600000, 0x00000000ec700000, 0x00000000ec700000|100%|HC|  |TAMS 0x00000000ec700000| PB 0x00000000ec600000| Complete 
| 199|0x00000000ec700000, 0x00000000ec800000, 0x00000000ec800000|100%|HC|  |TAMS 0x00000000ec800000| PB 0x00000000ec700000| Complete 
| 200|0x00000000ec800000, 0x00000000ec900000, 0x00000000ec900000|100%| O|  |TAMS 0x00000000ec900000| PB 0x00000000ec900000| Untracked 
| 201|0x00000000ec900000, 0x00000000eca00000, 0x00000000eca00000|100%|HS|  |TAMS 0x00000000eca00000| PB 0x00000000ec900000| Complete 
| 202|0x00000000eca00000, 0x00000000ecb00000, 0x00000000ecb00000|100%|HS|  |TAMS 0x00000000ecb00000| PB 0x00000000eca00000| Complete 
| 203|0x00000000ecb00000, 0x00000000ecc00000, 0x00000000ecc00000|100%|HS|  |TAMS 0x00000000ecc00000| PB 0x00000000ecb00000| Complete 
| 204|0x00000000ecc00000, 0x00000000ecd00000, 0x00000000ecd00000|100%| O|  |TAMS 0x00000000ecd00000| PB 0x00000000ecd00000| Untracked 
| 205|0x00000000ecd00000, 0x00000000ece00000, 0x00000000ece00000|100%|HS|  |TAMS 0x00000000ece00000| PB 0x00000000ecd00000| Complete 
| 206|0x00000000ece00000, 0x00000000ecf00000, 0x00000000ecf00000|100%| O|  |TAMS 0x00000000ecf00000| PB 0x00000000ecf00000| Untracked 
| 207|0x00000000ecf00000, 0x00000000ed000000, 0x00000000ed000000|100%|HS|  |TAMS 0x00000000ed000000| PB 0x00000000ecf00000| Complete 
| 208|0x00000000ed000000, 0x00000000ed100000, 0x00000000ed100000|100%|HS|  |TAMS 0x00000000ed100000| PB 0x00000000ed000000| Complete 
| 209|0x00000000ed100000, 0x00000000ed200000, 0x00000000ed200000|100%|HC|  |TAMS 0x00000000ed200000| PB 0x00000000ed100000| Complete 
| 210|0x00000000ed200000, 0x00000000ed300000, 0x00000000ed300000|100%| O|  |TAMS 0x00000000ed300000| PB 0x00000000ed300000| Untracked 
| 211|0x00000000ed300000, 0x00000000ed400000, 0x00000000ed400000|100%|HS|  |TAMS 0x00000000ed400000| PB 0x00000000ed300000| Complete 
| 212|0x00000000ed400000, 0x00000000ed500000, 0x00000000ed500000|100%|HC|  |TAMS 0x00000000ed500000| PB 0x00000000ed400000| Complete 
| 213|0x00000000ed500000, 0x00000000ed600000, 0x00000000ed600000|100%| O|  |TAMS 0x00000000ed600000| PB 0x00000000ed600000| Untracked 
| 214|0x00000000ed600000, 0x00000000ed700000, 0x00000000ed700000|100%| O|  |TAMS 0x00000000ed700000| PB 0x00000000ed700000| Untracked 
| 215|0x00000000ed700000, 0x00000000ed800000, 0x00000000ed800000|100%|HS|  |TAMS 0x00000000ed800000| PB 0x00000000ed700000| Complete 
| 216|0x00000000ed800000, 0x00000000ed900000, 0x00000000ed900000|100%|HC|  |TAMS 0x00000000ed900000| PB 0x00000000ed800000| Complete 
| 217|0x00000000ed900000, 0x00000000eda00000, 0x00000000eda00000|100%| O|  |TAMS 0x00000000eda00000| PB 0x00000000eda00000| Updating 
| 218|0x00000000eda00000, 0x00000000edb00000, 0x00000000edb00000|100%| O|  |TAMS 0x00000000edb00000| PB 0x00000000edb00000| Updating 
| 219|0x00000000edb00000, 0x00000000edc00000, 0x00000000edc00000|100%|HS|  |TAMS 0x00000000edc00000| PB 0x00000000edb00000| Complete 
| 220|0x00000000edc00000, 0x00000000edd00000, 0x00000000edd00000|100%|HC|  |TAMS 0x00000000edd00000| PB 0x00000000edc00000| Complete 
| 221|0x00000000edd00000, 0x00000000ede00000, 0x00000000ede00000|100%| O|  |TAMS 0x00000000ede00000| PB 0x00000000ede00000| Updating 
| 222|0x00000000ede00000, 0x00000000edf00000, 0x00000000edf00000|100%| O|  |TAMS 0x00000000edf00000| PB 0x00000000edf00000| Untracked 
| 223|0x00000000edf00000, 0x00000000ee000000, 0x00000000ee000000|100%| O|  |TAMS 0x00000000ee000000| PB 0x00000000ee000000| Updating 
| 224|0x00000000ee000000, 0x00000000ee0932d8, 0x00000000ee100000| 57%| O|  |TAMS 0x00000000ee0932d8| PB 0x00000000ee0932d8| Updating 
| 225|0x00000000ee100000, 0x00000000ee100000, 0x00000000ee200000|  0%| F|  |TAMS 0x00000000ee100000| PB 0x00000000ee100000| Untracked 
| 226|0x00000000ee200000, 0x00000000ee300000, 0x00000000ee300000|100%|HS|  |TAMS 0x00000000ee300000| PB 0x00000000ee200000| Complete 
| 227|0x00000000ee300000, 0x00000000ee400000, 0x00000000ee400000|100%|HC|  |TAMS 0x00000000ee400000| PB 0x00000000ee300000| Complete 
| 228|0x00000000ee400000, 0x00000000ee500000, 0x00000000ee500000|100%|HC|  |TAMS 0x00000000ee500000| PB 0x00000000ee400000| Complete 
| 229|0x00000000ee500000, 0x00000000ee500000, 0x00000000ee600000|  0%| F|  |TAMS 0x00000000ee500000| PB 0x00000000ee500000| Untracked 
| 230|0x00000000ee600000, 0x00000000ee600000, 0x00000000ee700000|  0%| F|  |TAMS 0x00000000ee600000| PB 0x00000000ee600000| Untracked 
| 231|0x00000000ee700000, 0x00000000ee700000, 0x00000000ee800000|  0%| F|  |TAMS 0x00000000ee700000| PB 0x00000000ee700000| Untracked 
| 232|0x00000000ee800000, 0x00000000ee800000, 0x00000000ee900000|  0%| F|  |TAMS 0x00000000ee800000| PB 0x00000000ee800000| Untracked 
| 233|0x00000000ee900000, 0x00000000ee900000, 0x00000000eea00000|  0%| F|  |TAMS 0x00000000ee900000| PB 0x00000000ee900000| Untracked 
| 234|0x00000000eea00000, 0x00000000eea00000, 0x00000000eeb00000|  0%| F|  |TAMS 0x00000000eea00000| PB 0x00000000eea00000| Untracked 
| 235|0x00000000eeb00000, 0x00000000eec00000, 0x00000000eec00000|100%|HS|  |TAMS 0x00000000eec00000| PB 0x00000000eeb00000| Complete 
| 236|0x00000000eec00000, 0x00000000eed00000, 0x00000000eed00000|100%|HC|  |TAMS 0x00000000eed00000| PB 0x00000000eec00000| Complete 
| 237|0x00000000eed00000, 0x00000000eee00000, 0x00000000eee00000|100%|HC|  |TAMS 0x00000000eee00000| PB 0x00000000eed00000| Complete 
| 238|0x00000000eee00000, 0x00000000eee00000, 0x00000000eef00000|  0%| F|  |TAMS 0x00000000eee00000| PB 0x00000000eee00000| Untracked 
| 239|0x00000000eef00000, 0x00000000ef000000, 0x00000000ef000000|100%|HS|  |TAMS 0x00000000ef000000| PB 0x00000000eef00000| Complete 
| 240|0x00000000ef000000, 0x00000000ef000000, 0x00000000ef100000|  0%| F|  |TAMS 0x00000000ef000000| PB 0x00000000ef000000| Untracked 
| 241|0x00000000ef100000, 0x00000000ef200000, 0x00000000ef200000|100%|HS|  |TAMS 0x00000000ef200000| PB 0x00000000ef100000| Complete 
| 242|0x00000000ef200000, 0x00000000ef300000, 0x00000000ef300000|100%|HS|  |TAMS 0x00000000ef300000| PB 0x00000000ef200000| Complete 
| 243|0x00000000ef300000, 0x00000000ef400000, 0x00000000ef400000|100%|HC|  |TAMS 0x00000000ef400000| PB 0x00000000ef300000| Complete 
| 244|0x00000000ef400000, 0x00000000ef500000, 0x00000000ef500000|100%| O|  |TAMS 0x00000000ef500000| PB 0x00000000ef500000| Untracked 
| 245|0x00000000ef500000, 0x00000000ef600000, 0x00000000ef600000|100%| O|  |TAMS 0x00000000ef600000| PB 0x00000000ef600000| Untracked 
| 246|0x00000000ef600000, 0x00000000ef700000, 0x00000000ef700000|100%| O|  |TAMS 0x00000000ef700000| PB 0x00000000ef700000| Untracked 
| 247|0x00000000ef700000, 0x00000000ef800000, 0x00000000ef800000|100%| O|  |TAMS 0x00000000ef800000| PB 0x00000000ef800000| Untracked 
| 248|0x00000000ef800000, 0x00000000ef900000, 0x00000000ef900000|100%| O|  |TAMS 0x00000000ef900000| PB 0x00000000ef900000| Untracked 
| 249|0x00000000ef900000, 0x00000000efa00000, 0x00000000efa00000|100%| O|  |TAMS 0x00000000efa00000| PB 0x00000000efa00000| Untracked 
| 250|0x00000000efa00000, 0x00000000efb00000, 0x00000000efb00000|100%| O|  |TAMS 0x00000000efb00000| PB 0x00000000efb00000| Untracked 
| 251|0x00000000efb00000, 0x00000000efc00000, 0x00000000efc00000|100%| O|  |TAMS 0x00000000efc00000| PB 0x00000000efc00000| Untracked 
| 252|0x00000000efc00000, 0x00000000efd00000, 0x00000000efd00000|100%| O|  |TAMS 0x00000000efd00000| PB 0x00000000efd00000| Untracked 
| 253|0x00000000efd00000, 0x00000000efe00000, 0x00000000efe00000|100%| O|  |TAMS 0x00000000efe00000| PB 0x00000000efe00000| Untracked 
| 254|0x00000000efe00000, 0x00000000eff00000, 0x00000000eff00000|100%| O|  |TAMS 0x00000000eff00000| PB 0x00000000eff00000| Untracked 
| 255|0x00000000eff00000, 0x00000000f0000000, 0x00000000f0000000|100%| O|  |TAMS 0x00000000f0000000| PB 0x00000000f0000000| Untracked 
| 256|0x00000000f0000000, 0x00000000f0100000, 0x00000000f0100000|100%| O|  |TAMS 0x00000000f0100000| PB 0x00000000f0100000| Untracked 
| 257|0x00000000f0100000, 0x00000000f0200000, 0x00000000f0200000|100%| O|  |TAMS 0x00000000f0200000| PB 0x00000000f0200000| Untracked 
| 258|0x00000000f0200000, 0x00000000f0300000, 0x00000000f0300000|100%| O|  |TAMS 0x00000000f0300000| PB 0x00000000f0300000| Untracked 
| 259|0x00000000f0300000, 0x00000000f0400000, 0x00000000f0400000|100%| O|  |TAMS 0x00000000f0400000| PB 0x00000000f0400000| Untracked 
| 260|0x00000000f0400000, 0x00000000f0500000, 0x00000000f0500000|100%| O|  |TAMS 0x00000000f0500000| PB 0x00000000f0500000| Updating 
| 261|0x00000000f0500000, 0x00000000f0600000, 0x00000000f0600000|100%| O|  |TAMS 0x00000000f0600000| PB 0x00000000f0600000| Untracked 
| 262|0x00000000f0600000, 0x00000000f0700000, 0x00000000f0700000|100%| O|  |TAMS 0x00000000f0700000| PB 0x00000000f0700000| Updating 
| 263|0x00000000f0700000, 0x00000000f0800000, 0x00000000f0800000|100%| O|  |TAMS 0x00000000f0800000| PB 0x00000000f0800000| Untracked 
| 264|0x00000000f0800000, 0x00000000f0900000, 0x00000000f0900000|100%| O|  |TAMS 0x00000000f0900000| PB 0x00000000f0900000| Updating 
| 265|0x00000000f0900000, 0x00000000f0a00000, 0x00000000f0a00000|100%| O|  |TAMS 0x00000000f0a00000| PB 0x00000000f0a00000| Untracked 
| 266|0x00000000f0a00000, 0x00000000f0b00000, 0x00000000f0b00000|100%| O|  |TAMS 0x00000000f0b00000| PB 0x00000000f0b00000| Untracked 
| 267|0x00000000f0b00000, 0x00000000f0c00000, 0x00000000f0c00000|100%| O|  |TAMS 0x00000000f0c00000| PB 0x00000000f0c00000| Updating 
| 268|0x00000000f0c00000, 0x00000000f0d00000, 0x00000000f0d00000|100%| O|  |TAMS 0x00000000f0d00000| PB 0x00000000f0d00000| Untracked 
| 269|0x00000000f0d00000, 0x00000000f0e00000, 0x00000000f0e00000|100%| O|  |TAMS 0x00000000f0e00000| PB 0x00000000f0e00000| Updating 
| 270|0x00000000f0e00000, 0x00000000f0f00000, 0x00000000f0f00000|100%| O|  |TAMS 0x00000000f0f00000| PB 0x00000000f0f00000| Updating 
| 271|0x00000000f0f00000, 0x00000000f0f00000, 0x00000000f1000000|  0%| F|  |TAMS 0x00000000f0f00000| PB 0x00000000f0f00000| Untracked 
| 272|0x00000000f1000000, 0x00000000f1000000, 0x00000000f1100000|  0%| F|  |TAMS 0x00000000f1000000| PB 0x00000000f1000000| Untracked 
| 273|0x00000000f1100000, 0x00000000f1100000, 0x00000000f1200000|  0%| F|  |TAMS 0x00000000f1100000| PB 0x00000000f1100000| Untracked 
| 274|0x00000000f1200000, 0x00000000f1200000, 0x00000000f1300000|  0%| F|  |TAMS 0x00000000f1200000| PB 0x00000000f1200000| Untracked 
| 275|0x00000000f1300000, 0x00000000f1300000, 0x00000000f1400000|  0%| F|  |TAMS 0x00000000f1300000| PB 0x00000000f1300000| Untracked 
| 276|0x00000000f1400000, 0x00000000f1400000, 0x00000000f1500000|  0%| F|  |TAMS 0x00000000f1400000| PB 0x00000000f1400000| Untracked 
| 277|0x00000000f1500000, 0x00000000f1500000, 0x00000000f1600000|  0%| F|  |TAMS 0x00000000f1500000| PB 0x00000000f1500000| Untracked 
| 278|0x00000000f1600000, 0x00000000f1600000, 0x00000000f1700000|  0%| F|  |TAMS 0x00000000f1600000| PB 0x00000000f1600000| Untracked 
| 279|0x00000000f1700000, 0x00000000f1700000, 0x00000000f1800000|  0%| F|  |TAMS 0x00000000f1700000| PB 0x00000000f1700000| Untracked 
| 280|0x00000000f1800000, 0x00000000f1800000, 0x00000000f1900000|  0%| F|  |TAMS 0x00000000f1800000| PB 0x00000000f1800000| Untracked 
| 281|0x00000000f1900000, 0x00000000f1900000, 0x00000000f1a00000|  0%| F|  |TAMS 0x00000000f1900000| PB 0x00000000f1900000| Untracked 
| 282|0x00000000f1a00000, 0x00000000f1a00000, 0x00000000f1b00000|  0%| F|  |TAMS 0x00000000f1a00000| PB 0x00000000f1a00000| Untracked 
| 283|0x00000000f1b00000, 0x00000000f1b00000, 0x00000000f1c00000|  0%| F|  |TAMS 0x00000000f1b00000| PB 0x00000000f1b00000| Untracked 
| 284|0x00000000f1c00000, 0x00000000f1c00000, 0x00000000f1d00000|  0%| F|  |TAMS 0x00000000f1c00000| PB 0x00000000f1c00000| Untracked 
| 285|0x00000000f1d00000, 0x00000000f1d00000, 0x00000000f1e00000|  0%| F|  |TAMS 0x00000000f1d00000| PB 0x00000000f1d00000| Untracked 
| 286|0x00000000f1e00000, 0x00000000f1e00000, 0x00000000f1f00000|  0%| F|  |TAMS 0x00000000f1e00000| PB 0x00000000f1e00000| Untracked 
| 287|0x00000000f1f00000, 0x00000000f1f00000, 0x00000000f2000000|  0%| F|  |TAMS 0x00000000f1f00000| PB 0x00000000f1f00000| Untracked 
| 288|0x00000000f2000000, 0x00000000f2000000, 0x00000000f2100000|  0%| F|  |TAMS 0x00000000f2000000| PB 0x00000000f2000000| Untracked 
| 289|0x00000000f2100000, 0x00000000f2100000, 0x00000000f2200000|  0%| F|  |TAMS 0x00000000f2100000| PB 0x00000000f2100000| Untracked 
| 290|0x00000000f2200000, 0x00000000f2200000, 0x00000000f2300000|  0%| F|  |TAMS 0x00000000f2200000| PB 0x00000000f2200000| Untracked 
| 291|0x00000000f2300000, 0x00000000f2300000, 0x00000000f2400000|  0%| F|  |TAMS 0x00000000f2300000| PB 0x00000000f2300000| Untracked 
| 292|0x00000000f2400000, 0x00000000f2400000, 0x00000000f2500000|  0%| F|  |TAMS 0x00000000f2400000| PB 0x00000000f2400000| Untracked 
| 293|0x00000000f2500000, 0x00000000f2500000, 0x00000000f2600000|  0%| F|  |TAMS 0x00000000f2500000| PB 0x00000000f2500000| Untracked 
| 294|0x00000000f2600000, 0x00000000f2600000, 0x00000000f2700000|  0%| F|  |TAMS 0x00000000f2600000| PB 0x00000000f2600000| Untracked 
| 295|0x00000000f2700000, 0x00000000f2700000, 0x00000000f2800000|  0%| F|  |TAMS 0x00000000f2700000| PB 0x00000000f2700000| Untracked 
| 296|0x00000000f2800000, 0x00000000f2800000, 0x00000000f2900000|  0%| F|  |TAMS 0x00000000f2800000| PB 0x00000000f2800000| Untracked 
| 297|0x00000000f2900000, 0x00000000f2900000, 0x00000000f2a00000|  0%| F|  |TAMS 0x00000000f2900000| PB 0x00000000f2900000| Untracked 
| 298|0x00000000f2a00000, 0x00000000f2a00000, 0x00000000f2b00000|  0%| F|  |TAMS 0x00000000f2a00000| PB 0x00000000f2a00000| Untracked 
| 299|0x00000000f2b00000, 0x00000000f2b00000, 0x00000000f2c00000|  0%| F|  |TAMS 0x00000000f2b00000| PB 0x00000000f2b00000| Untracked 
| 300|0x00000000f2c00000, 0x00000000f2c00000, 0x00000000f2d00000|  0%| F|  |TAMS 0x00000000f2c00000| PB 0x00000000f2c00000| Untracked 
| 301|0x00000000f2d00000, 0x00000000f2d00000, 0x00000000f2e00000|  0%| F|  |TAMS 0x00000000f2d00000| PB 0x00000000f2d00000| Untracked 
| 302|0x00000000f2e00000, 0x00000000f2e00000, 0x00000000f2f00000|  0%| F|  |TAMS 0x00000000f2e00000| PB 0x00000000f2e00000| Untracked 
| 303|0x00000000f2f00000, 0x00000000f2f00000, 0x00000000f3000000|  0%| F|  |TAMS 0x00000000f2f00000| PB 0x00000000f2f00000| Untracked 
| 304|0x00000000f3000000, 0x00000000f3000000, 0x00000000f3100000|  0%| F|  |TAMS 0x00000000f3000000| PB 0x00000000f3000000| Untracked 
| 305|0x00000000f3100000, 0x00000000f3100000, 0x00000000f3200000|  0%| F|  |TAMS 0x00000000f3100000| PB 0x00000000f3100000| Untracked 
| 306|0x00000000f3200000, 0x00000000f3200000, 0x00000000f3300000|  0%| F|  |TAMS 0x00000000f3200000| PB 0x00000000f3200000| Untracked 
| 307|0x00000000f3300000, 0x00000000f3300000, 0x00000000f3400000|  0%| F|  |TAMS 0x00000000f3300000| PB 0x00000000f3300000| Untracked 
| 308|0x00000000f3400000, 0x00000000f3400000, 0x00000000f3500000|  0%| F|  |TAMS 0x00000000f3400000| PB 0x00000000f3400000| Untracked 
| 309|0x00000000f3500000, 0x00000000f3500000, 0x00000000f3600000|  0%| F|  |TAMS 0x00000000f3500000| PB 0x00000000f3500000| Untracked 
| 310|0x00000000f3600000, 0x00000000f3600000, 0x00000000f3700000|  0%| F|  |TAMS 0x00000000f3600000| PB 0x00000000f3600000| Untracked 
| 311|0x00000000f3700000, 0x00000000f3700000, 0x00000000f3800000|  0%| F|  |TAMS 0x00000000f3700000| PB 0x00000000f3700000| Untracked 
| 312|0x00000000f3800000, 0x00000000f3800000, 0x00000000f3900000|  0%| F|  |TAMS 0x00000000f3800000| PB 0x00000000f3800000| Untracked 
| 313|0x00000000f3900000, 0x00000000f3900000, 0x00000000f3a00000|  0%| F|  |TAMS 0x00000000f3900000| PB 0x00000000f3900000| Untracked 
| 314|0x00000000f3a00000, 0x00000000f3a00000, 0x00000000f3b00000|  0%| F|  |TAMS 0x00000000f3a00000| PB 0x00000000f3a00000| Untracked 
| 315|0x00000000f3b00000, 0x00000000f3b00000, 0x00000000f3c00000|  0%| F|  |TAMS 0x00000000f3b00000| PB 0x00000000f3b00000| Untracked 
| 316|0x00000000f3c00000, 0x00000000f3d00000, 0x00000000f3d00000|100%|HS|  |TAMS 0x00000000f3d00000| PB 0x00000000f3c00000| Complete 
| 317|0x00000000f3d00000, 0x00000000f3e00000, 0x00000000f3e00000|100%|HC|  |TAMS 0x00000000f3e00000| PB 0x00000000f3d00000| Complete 
| 318|0x00000000f3e00000, 0x00000000f3e00000, 0x00000000f3f00000|  0%| F|  |TAMS 0x00000000f3e00000| PB 0x00000000f3e00000| Untracked 
| 319|0x00000000f3f00000, 0x00000000f3f00000, 0x00000000f4000000|  0%| F|  |TAMS 0x00000000f3f00000| PB 0x00000000f3f00000| Untracked 
| 320|0x00000000f4000000, 0x00000000f4000000, 0x00000000f4100000|  0%| F|  |TAMS 0x00000000f4000000| PB 0x00000000f4000000| Untracked 
| 321|0x00000000f4100000, 0x00000000f4100000, 0x00000000f4200000|  0%| F|  |TAMS 0x00000000f4100000| PB 0x00000000f4100000| Untracked 
| 322|0x00000000f4200000, 0x00000000f4200000, 0x00000000f4300000|  0%| F|  |TAMS 0x00000000f4200000| PB 0x00000000f4200000| Untracked 
| 323|0x00000000f4300000, 0x00000000f4300000, 0x00000000f4400000|  0%| F|  |TAMS 0x00000000f4300000| PB 0x00000000f4300000| Untracked 
| 324|0x00000000f4400000, 0x00000000f4400000, 0x00000000f4500000|  0%| F|  |TAMS 0x00000000f4400000| PB 0x00000000f4400000| Untracked 
| 325|0x00000000f4500000, 0x00000000f4500000, 0x00000000f4600000|  0%| F|  |TAMS 0x00000000f4500000| PB 0x00000000f4500000| Untracked 
| 326|0x00000000f4600000, 0x00000000f4600000, 0x00000000f4700000|  0%| F|  |TAMS 0x00000000f4600000| PB 0x00000000f4600000| Untracked 
| 327|0x00000000f4700000, 0x00000000f4700000, 0x00000000f4800000|  0%| F|  |TAMS 0x00000000f4700000| PB 0x00000000f4700000| Untracked 
| 328|0x00000000f4800000, 0x00000000f4800000, 0x00000000f4900000|  0%| F|  |TAMS 0x00000000f4800000| PB 0x00000000f4800000| Untracked 
| 329|0x00000000f4900000, 0x00000000f4900000, 0x00000000f4a00000|  0%| F|  |TAMS 0x00000000f4900000| PB 0x00000000f4900000| Untracked 
| 330|0x00000000f4a00000, 0x00000000f4b00000, 0x00000000f4b00000|100%|HS|  |TAMS 0x00000000f4b00000| PB 0x00000000f4a00000| Complete 
| 331|0x00000000f4b00000, 0x00000000f4c00000, 0x00000000f4c00000|100%|HC|  |TAMS 0x00000000f4c00000| PB 0x00000000f4b00000| Complete 
| 332|0x00000000f4c00000, 0x00000000f4d00000, 0x00000000f4d00000|100%|HC|  |TAMS 0x00000000f4d00000| PB 0x00000000f4c00000| Complete 
| 333|0x00000000f4d00000, 0x00000000f4d00000, 0x00000000f4e00000|  0%| F|  |TAMS 0x00000000f4d00000| PB 0x00000000f4d00000| Untracked 
| 334|0x00000000f4e00000, 0x00000000f4e00000, 0x00000000f4f00000|  0%| F|  |TAMS 0x00000000f4e00000| PB 0x00000000f4e00000| Untracked 
| 335|0x00000000f4f00000, 0x00000000f4f00000, 0x00000000f5000000|  0%| F|  |TAMS 0x00000000f4f00000| PB 0x00000000f4f00000| Untracked 
| 336|0x00000000f5000000, 0x00000000f5000000, 0x00000000f5100000|  0%| F|  |TAMS 0x00000000f5000000| PB 0x00000000f5000000| Untracked 
| 337|0x00000000f5100000, 0x00000000f5100000, 0x00000000f5200000|  0%| F|  |TAMS 0x00000000f5100000| PB 0x00000000f5100000| Untracked 
| 338|0x00000000f5200000, 0x00000000f5200000, 0x00000000f5300000|  0%| F|  |TAMS 0x00000000f5200000| PB 0x00000000f5200000| Untracked 
| 339|0x00000000f5300000, 0x00000000f5300000, 0x00000000f5400000|  0%| F|  |TAMS 0x00000000f5300000| PB 0x00000000f5300000| Untracked 
| 340|0x00000000f5400000, 0x00000000f5400000, 0x00000000f5500000|  0%| F|  |TAMS 0x00000000f5400000| PB 0x00000000f5400000| Untracked 
| 341|0x00000000f5500000, 0x00000000f5500000, 0x00000000f5600000|  0%| F|  |TAMS 0x00000000f5500000| PB 0x00000000f5500000| Untracked 
| 342|0x00000000f5600000, 0x00000000f5600000, 0x00000000f5700000|  0%| F|  |TAMS 0x00000000f5600000| PB 0x00000000f5600000| Untracked 
| 343|0x00000000f5700000, 0x00000000f5700000, 0x00000000f5800000|  0%| F|  |TAMS 0x00000000f5700000| PB 0x00000000f5700000| Untracked 
| 344|0x00000000f5800000, 0x00000000f5800000, 0x00000000f5900000|  0%| F|  |TAMS 0x00000000f5800000| PB 0x00000000f5800000| Untracked 
| 345|0x00000000f5900000, 0x00000000f5900000, 0x00000000f5a00000|  0%| F|  |TAMS 0x00000000f5900000| PB 0x00000000f5900000| Untracked 
| 346|0x00000000f5a00000, 0x00000000f5a00000, 0x00000000f5b00000|  0%| F|  |TAMS 0x00000000f5a00000| PB 0x00000000f5a00000| Untracked 
| 347|0x00000000f5b00000, 0x00000000f5b00000, 0x00000000f5c00000|  0%| F|  |TAMS 0x00000000f5b00000| PB 0x00000000f5b00000| Untracked 
| 348|0x00000000f5c00000, 0x00000000f5c00000, 0x00000000f5d00000|  0%| F|  |TAMS 0x00000000f5c00000| PB 0x00000000f5c00000| Untracked 
| 349|0x00000000f5d00000, 0x00000000f5d00000, 0x00000000f5e00000|  0%| F|  |TAMS 0x00000000f5d00000| PB 0x00000000f5d00000| Untracked 
| 350|0x00000000f5e00000, 0x00000000f5e00000, 0x00000000f5f00000|  0%| F|  |TAMS 0x00000000f5e00000| PB 0x00000000f5e00000| Untracked 
| 351|0x00000000f5f00000, 0x00000000f5f00000, 0x00000000f6000000|  0%| F|  |TAMS 0x00000000f5f00000| PB 0x00000000f5f00000| Untracked 
| 352|0x00000000f6000000, 0x00000000f6000000, 0x00000000f6100000|  0%| F|  |TAMS 0x00000000f6000000| PB 0x00000000f6000000| Untracked 
| 353|0x00000000f6100000, 0x00000000f6100000, 0x00000000f6200000|  0%| F|  |TAMS 0x00000000f6100000| PB 0x00000000f6100000| Untracked 
| 354|0x00000000f6200000, 0x00000000f6200000, 0x00000000f6300000|  0%| F|  |TAMS 0x00000000f6200000| PB 0x00000000f6200000| Untracked 
| 355|0x00000000f6300000, 0x00000000f6300000, 0x00000000f6400000|  0%| F|  |TAMS 0x00000000f6300000| PB 0x00000000f6300000| Untracked 
| 356|0x00000000f6400000, 0x00000000f6400000, 0x00000000f6500000|  0%| F|  |TAMS 0x00000000f6400000| PB 0x00000000f6400000| Untracked 
| 357|0x00000000f6500000, 0x00000000f6500000, 0x00000000f6600000|  0%| F|  |TAMS 0x00000000f6500000| PB 0x00000000f6500000| Untracked 
| 358|0x00000000f6600000, 0x00000000f6600000, 0x00000000f6700000|  0%| F|  |TAMS 0x00000000f6600000| PB 0x00000000f6600000| Untracked 
| 359|0x00000000f6700000, 0x00000000f6700000, 0x00000000f6800000|  0%| F|  |TAMS 0x00000000f6700000| PB 0x00000000f6700000| Untracked 
| 360|0x00000000f6800000, 0x00000000f6800000, 0x00000000f6900000|  0%| F|  |TAMS 0x00000000f6800000| PB 0x00000000f6800000| Untracked 
| 361|0x00000000f6900000, 0x00000000f6900000, 0x00000000f6a00000|  0%| F|  |TAMS 0x00000000f6900000| PB 0x00000000f6900000| Untracked 
| 362|0x00000000f6a00000, 0x00000000f6a00000, 0x00000000f6b00000|  0%| F|  |TAMS 0x00000000f6a00000| PB 0x00000000f6a00000| Untracked 
| 363|0x00000000f6b00000, 0x00000000f6b00000, 0x00000000f6c00000|  0%| F|  |TAMS 0x00000000f6b00000| PB 0x00000000f6b00000| Untracked 
| 364|0x00000000f6c00000, 0x00000000f6c00000, 0x00000000f6d00000|  0%| F|  |TAMS 0x00000000f6c00000| PB 0x00000000f6c00000| Untracked 
| 365|0x00000000f6d00000, 0x00000000f6d00000, 0x00000000f6e00000|  0%| F|  |TAMS 0x00000000f6d00000| PB 0x00000000f6d00000| Untracked 
| 366|0x00000000f6e00000, 0x00000000f6e00000, 0x00000000f6f00000|  0%| F|  |TAMS 0x00000000f6e00000| PB 0x00000000f6e00000| Untracked 
| 367|0x00000000f6f00000, 0x00000000f6f00000, 0x00000000f7000000|  0%| F|  |TAMS 0x00000000f6f00000| PB 0x00000000f6f00000| Untracked 
| 368|0x00000000f7000000, 0x00000000f7000000, 0x00000000f7100000|  0%| F|  |TAMS 0x00000000f7000000| PB 0x00000000f7000000| Untracked 
| 369|0x00000000f7100000, 0x00000000f7100000, 0x00000000f7200000|  0%| F|  |TAMS 0x00000000f7100000| PB 0x00000000f7100000| Untracked 
| 370|0x00000000f7200000, 0x00000000f7200000, 0x00000000f7300000|  0%| F|  |TAMS 0x00000000f7200000| PB 0x00000000f7200000| Untracked 
| 371|0x00000000f7300000, 0x00000000f7300000, 0x00000000f7400000|  0%| F|  |TAMS 0x00000000f7300000| PB 0x00000000f7300000| Untracked 
| 372|0x00000000f7400000, 0x00000000f7400000, 0x00000000f7500000|  0%| F|  |TAMS 0x00000000f7400000| PB 0x00000000f7400000| Untracked 
| 373|0x00000000f7500000, 0x00000000f7500000, 0x00000000f7600000|  0%| F|  |TAMS 0x00000000f7500000| PB 0x00000000f7500000| Untracked 
| 374|0x00000000f7600000, 0x00000000f7600000, 0x00000000f7700000|  0%| F|  |TAMS 0x00000000f7600000| PB 0x00000000f7600000| Untracked 
| 375|0x00000000f7700000, 0x00000000f7700000, 0x00000000f7800000|  0%| F|  |TAMS 0x00000000f7700000| PB 0x00000000f7700000| Untracked 
| 376|0x00000000f7800000, 0x00000000f7800000, 0x00000000f7900000|  0%| F|  |TAMS 0x00000000f7800000| PB 0x00000000f7800000| Untracked 
| 377|0x00000000f7900000, 0x00000000f7900000, 0x00000000f7a00000|  0%| F|  |TAMS 0x00000000f7900000| PB 0x00000000f7900000| Untracked 
| 378|0x00000000f7a00000, 0x00000000f7a00000, 0x00000000f7b00000|  0%| F|  |TAMS 0x00000000f7a00000| PB 0x00000000f7a00000| Untracked 
| 379|0x00000000f7b00000, 0x00000000f7b00000, 0x00000000f7c00000|  0%| F|  |TAMS 0x00000000f7b00000| PB 0x00000000f7b00000| Untracked 
| 380|0x00000000f7c00000, 0x00000000f7c00000, 0x00000000f7d00000|  0%| F|  |TAMS 0x00000000f7c00000| PB 0x00000000f7c00000| Untracked 
| 381|0x00000000f7d00000, 0x00000000f7d00000, 0x00000000f7e00000|  0%| F|  |TAMS 0x00000000f7d00000| PB 0x00000000f7d00000| Untracked 
| 382|0x00000000f7e00000, 0x00000000f7e00000, 0x00000000f7f00000|  0%| F|  |TAMS 0x00000000f7e00000| PB 0x00000000f7e00000| Untracked 
| 383|0x00000000f7f00000, 0x00000000f7f00000, 0x00000000f8000000|  0%| F|  |TAMS 0x00000000f7f00000| PB 0x00000000f7f00000| Untracked 
| 384|0x00000000f8000000, 0x00000000f8000000, 0x00000000f8100000|  0%| F|  |TAMS 0x00000000f8000000| PB 0x00000000f8000000| Untracked 
| 385|0x00000000f8100000, 0x00000000f8100000, 0x00000000f8200000|  0%| F|  |TAMS 0x00000000f8100000| PB 0x00000000f8100000| Untracked 
| 386|0x00000000f8200000, 0x00000000f8200000, 0x00000000f8300000|  0%| F|  |TAMS 0x00000000f8200000| PB 0x00000000f8200000| Untracked 
| 387|0x00000000f8300000, 0x00000000f8300000, 0x00000000f8400000|  0%| F|  |TAMS 0x00000000f8300000| PB 0x00000000f8300000| Untracked 
| 388|0x00000000f8400000, 0x00000000f8400000, 0x00000000f8500000|  0%| F|  |TAMS 0x00000000f8400000| PB 0x00000000f8400000| Untracked 
| 389|0x00000000f8500000, 0x00000000f85d1ce0, 0x00000000f8600000| 81%| E|  |TAMS 0x00000000f8500000| PB 0x00000000f8500000| Complete 
| 390|0x00000000f8600000, 0x00000000f8700000, 0x00000000f8700000|100%| E|CS|TAMS 0x00000000f8600000| PB 0x00000000f8600000| Complete 
| 391|0x00000000f8700000, 0x00000000f8800000, 0x00000000f8800000|100%| E|CS|TAMS 0x00000000f8700000| PB 0x00000000f8700000| Complete 
| 392|0x00000000f8800000, 0x00000000f8900000, 0x00000000f8900000|100%| E|CS|TAMS 0x00000000f8800000| PB 0x00000000f8800000| Complete 
| 393|0x00000000f8900000, 0x00000000f8a00000, 0x00000000f8a00000|100%| E|CS|TAMS 0x00000000f8900000| PB 0x00000000f8900000| Complete 
| 394|0x00000000f8a00000, 0x00000000f8acb720, 0x00000000f8b00000| 79%| S|CS|TAMS 0x00000000f8a00000| PB 0x00000000f8a00000| Complete 
| 395|0x00000000f8b00000, 0x00000000f8c00000, 0x00000000f8c00000|100%| S|CS|TAMS 0x00000000f8b00000| PB 0x00000000f8b00000| Complete 
| 396|0x00000000f8c00000, 0x00000000f8d00000, 0x00000000f8d00000|100%| S|CS|TAMS 0x00000000f8c00000| PB 0x00000000f8c00000| Complete 
| 397|0x00000000f8d00000, 0x00000000f8e00000, 0x00000000f8e00000|100%| S|CS|TAMS 0x00000000f8d00000| PB 0x00000000f8d00000| Complete 
| 398|0x00000000f8e00000, 0x00000000f8f00000, 0x00000000f8f00000|100%| S|CS|TAMS 0x00000000f8e00000| PB 0x00000000f8e00000| Complete 
| 399|0x00000000f8f00000, 0x00000000f9000000, 0x00000000f9000000|100%| S|CS|TAMS 0x00000000f8f00000| PB 0x00000000f8f00000| Complete 
| 400|0x00000000f9000000, 0x00000000f9100000, 0x00000000f9100000|100%| S|CS|TAMS 0x00000000f9000000| PB 0x00000000f9000000| Complete 
| 401|0x00000000f9100000, 0x00000000f9200000, 0x00000000f9200000|100%| S|CS|TAMS 0x00000000f9100000| PB 0x00000000f9100000| Complete 
| 402|0x00000000f9200000, 0x00000000f9300000, 0x00000000f9300000|100%| S|CS|TAMS 0x00000000f9200000| PB 0x00000000f9200000| Complete 
| 403|0x00000000f9300000, 0x00000000f9400000, 0x00000000f9400000|100%| E|CS|TAMS 0x00000000f9300000| PB 0x00000000f9300000| Complete 
| 404|0x00000000f9400000, 0x00000000f9500000, 0x00000000f9500000|100%| E|CS|TAMS 0x00000000f9400000| PB 0x00000000f9400000| Complete 
| 405|0x00000000f9500000, 0x00000000f9600000, 0x00000000f9600000|100%| E|CS|TAMS 0x00000000f9500000| PB 0x00000000f9500000| Complete 
| 406|0x00000000f9600000, 0x00000000f9700000, 0x00000000f9700000|100%| E|CS|TAMS 0x00000000f9600000| PB 0x00000000f9600000| Complete 
| 407|0x00000000f9700000, 0x00000000f9800000, 0x00000000f9800000|100%| E|CS|TAMS 0x00000000f9700000| PB 0x00000000f9700000| Complete 
| 408|0x00000000f9800000, 0x00000000f9900000, 0x00000000f9900000|100%| E|CS|TAMS 0x00000000f9800000| PB 0x00000000f9800000| Complete 
| 409|0x00000000f9900000, 0x00000000f9a00000, 0x00000000f9a00000|100%| E|CS|TAMS 0x00000000f9900000| PB 0x00000000f9900000| Complete 
| 410|0x00000000f9a00000, 0x00000000f9b00000, 0x00000000f9b00000|100%| E|CS|TAMS 0x00000000f9a00000| PB 0x00000000f9a00000| Complete 
| 411|0x00000000f9b00000, 0x00000000f9c00000, 0x00000000f9c00000|100%| E|CS|TAMS 0x00000000f9b00000| PB 0x00000000f9b00000| Complete 
| 492|0x00000000fec00000, 0x00000000fed00000, 0x00000000fed00000|100%| O|  |TAMS 0x00000000fed00000| PB 0x00000000fed00000| Untracked 
| 493|0x00000000fed00000, 0x00000000fee00000, 0x00000000fee00000|100%| O|  |TAMS 0x00000000fee00000| PB 0x00000000fee00000| Untracked 
| 494|0x00000000fee00000, 0x00000000fef00000, 0x00000000fef00000|100%| O|  |TAMS 0x00000000fef00000| PB 0x00000000fef00000| Untracked 
| 495|0x00000000fef00000, 0x00000000ff000000, 0x00000000ff000000|100%| O|  |TAMS 0x00000000ff000000| PB 0x00000000ff000000| Updating 
| 496|0x00000000ff000000, 0x00000000ff100000, 0x00000000ff100000|100%| O|  |TAMS 0x00000000ff100000| PB 0x00000000ff100000| Updating 
| 497|0x00000000ff100000, 0x00000000ff200000, 0x00000000ff200000|100%| E|CS|TAMS 0x00000000ff100000| PB 0x00000000ff100000| Complete 
| 498|0x00000000ff200000, 0x00000000ff300000, 0x00000000ff300000|100%| E|CS|TAMS 0x00000000ff200000| PB 0x00000000ff200000| Complete 
| 499|0x00000000ff300000, 0x00000000ff400000, 0x00000000ff400000|100%| E|CS|TAMS 0x00000000ff300000| PB 0x00000000ff300000| Complete 
| 500|0x00000000ff400000, 0x00000000ff500000, 0x00000000ff500000|100%| E|CS|TAMS 0x00000000ff400000| PB 0x00000000ff400000| Complete 
| 501|0x00000000ff500000, 0x00000000ff600000, 0x00000000ff600000|100%| E|CS|TAMS 0x00000000ff500000| PB 0x00000000ff500000| Complete 
| 502|0x00000000ff600000, 0x00000000ff700000, 0x00000000ff700000|100%| E|CS|TAMS 0x00000000ff600000| PB 0x00000000ff600000| Complete 
| 503|0x00000000ff700000, 0x00000000ff800000, 0x00000000ff800000|100%| O|  |TAMS 0x00000000ff800000| PB 0x00000000ff800000| Untracked 
| 504|0x00000000ff800000, 0x00000000ff900000, 0x00000000ff900000|100%| E|CS|TAMS 0x00000000ff800000| PB 0x00000000ff800000| Complete 
| 505|0x00000000ff900000, 0x00000000ffa00000, 0x00000000ffa00000|100%| O|  |TAMS 0x00000000ffa00000| PB 0x00000000ffa00000| Untracked 
| 506|0x00000000ffa00000, 0x00000000ffb00000, 0x00000000ffb00000|100%| E|CS|TAMS 0x00000000ffa00000| PB 0x00000000ffa00000| Complete 
| 507|0x00000000ffb00000, 0x00000000ffc00000, 0x00000000ffc00000|100%| O|  |TAMS 0x00000000ffc00000| PB 0x00000000ffc00000| Untracked 
| 508|0x00000000ffc00000, 0x00000000ffd00000, 0x00000000ffd00000|100%| O|  |TAMS 0x00000000ffd00000| PB 0x00000000ffd00000| Untracked 
| 509|0x00000000ffd00000, 0x00000000ffe00000, 0x00000000ffe00000|100%| E|CS|TAMS 0x00000000ffd00000| PB 0x00000000ffd00000| Complete 
| 510|0x00000000ffe00000, 0x00000000fff00000, 0x00000000fff00000|100%| E|CS|TAMS 0x00000000ffe00000| PB 0x00000000ffe00000| Complete 
| 511|0x00000000fff00000, 0x0000000100000000, 0x0000000100000000|100%| E|CS|TAMS 0x00000000fff00000| PB 0x00000000fff00000| Complete 

Card table byte_map: [0x000001f533ab0000,0x000001f533bb0000] _byte_map_base: 0x000001f5333b0000

Marking Bits: (CMBitMap*) 0x000001f52196cc40
 Bits: [0x000001f533bb0000, 0x000001f5343b0000)

Polling page: 0x000001f51f6f0000

Metaspace:

Usage:
  Non-class:    132.29 MB used.
      Class:     20.88 MB used.
       Both:    153.16 MB used.

Virtual space:
  Non-class space:      192.00 MB reserved,     133.62 MB ( 70%) committed,  3 nodes.
      Class space:      208.00 MB reserved,      22.00 MB ( 11%) committed,  1 nodes.
             Both:      400.00 MB reserved,     155.62 MB ( 39%) committed. 

Chunk freelists:
   Non-Class:  10.05 MB
       Class:  9.97 MB
        Both:  20.03 MB

MaxMetaspaceSize: 256.00 MB
CompressedClassSpaceSize: 208.00 MB
Initial GC threshold: 21.00 MB
Current GC threshold: 256.00 MB
CDS: off
 - commit_granule_bytes: 65536.
 - commit_granule_words: 8192.
 - virtual_space_node_default_size: 8388608.
 - enlarge_chunks_in_place: 1.
 - use_allocation_guard: 0.


Internal statistics:

num_allocs_failed_limit: 6.
num_arena_births: 4652.
num_arena_deaths: 154.
num_vsnodes_births: 4.
num_vsnodes_deaths: 0.
num_space_committed: 2488.
num_space_uncommitted: 0.
num_chunks_returned_to_freelist: 167.
num_chunks_taken_from_freelist: 11193.
num_chunk_merges: 50.
num_chunk_splits: 7365.
num_chunks_enlarged: 4785.
num_inconsistent_stats: 0.

CodeHeap 'non-profiled nmethods': size=120000Kb used=13717Kb max_used=14715Kb free=106282Kb
 bounds [0x000001f52c580000, 0x000001f52d3e0000, 0x000001f533ab0000]
CodeHeap 'profiled nmethods': size=120000Kb used=33114Kb max_used=39096Kb free=86885Kb
 bounds [0x000001f524ab0000, 0x000001f527140000, 0x000001f52bfe0000]
CodeHeap 'non-nmethods': size=5760Kb used=2371Kb max_used=2426Kb free=3388Kb
 bounds [0x000001f52bfe0000, 0x000001f52c250000, 0x000001f52c580000]
CodeCache: size=245760Kb, used=49202Kb, max_used=56237Kb, free=196555Kb
 total_blobs=16605, nmethods=15613, adapters=894, full_count=0
Compilation: enabled, stopped_count=0, restarted_count=0

Compilation events (20 events):
Event: 237.682 Thread 0x000001f536b30d00 25338       3       java.nio.file.Files::deleteIfExists (9 bytes)
Event: 237.683 Thread 0x000001f536b30d00 nmethod 25338 0x000001f52513b010 code [0x000001f52513b1e0, 0x000001f52513b4d0]
Event: 237.692 Thread 0x000001f536b23820 25339       4       java.util.Spliterators$1Adapter::next (39 bytes)
Event: 237.693 Thread 0x000001f536b23820 nmethod 25339 0x000001f52d0c8810 code [0x000001f52d0c89a0, 0x000001f52d0c8aa8]
Event: 237.844 Thread 0x000001f536b30d00 25340       3       org.gradle.internal.classpath.declarations.NioFileInterceptors::intercept_exists (11 bytes)
Event: 237.852 Thread 0x000001f536b30d00 nmethod 25340 0x000001f5253cfb90 code [0x000001f5253cfe00, 0x000001f5253d0910]
Event: 237.852 Thread 0x000001f536b30d00 25341       3       java.nio.file.Files::exists (10 bytes)
Event: 237.852 Thread 0x000001f536b30d00 nmethod 25341 0x000001f52513a710 code [0x000001f52513a8e0, 0x000001f52513abd0]
Event: 237.852 Thread 0x000001f536b30d00 25342   !   3       java.nio.file.spi.FileSystemProvider::exists (42 bytes)
Event: 237.853 Thread 0x000001f536b30d00 nmethod 25342 0x000001f5258c2310 code [0x000001f5258c2500, 0x000001f5258c2a10]
Event: 237.862 Thread 0x000001f536b30d00 25343       3       org.gradle.internal.classpath.declarations.NioFileInterceptors::intercept_isDirectory (11 bytes)
Event: 237.862 Thread 0x000001f536b30d00 nmethod 25343 0x000001f525a1bd10 code [0x000001f525a1bf60, 0x000001f525a1c850]
Event: 238.053 Thread 0x000001f536b30d00 25344       3       com.android.ProgressManagerAdapter::checkCanceled (13 bytes)
Event: 238.055 Thread 0x000001f536b30d00 nmethod 25344 0x000001f5253cf690 code [0x000001f5253cf840, 0x000001f5253cfa28]
Event: 238.930 Thread 0x000001f536b23820 25345       4       java.util.stream.ReferencePipeline$2::opWrapSink (10 bytes)
Event: 238.940 Thread 0x000001f536b23820 nmethod 25345 0x000001f52d0c8310 code [0x000001f52d0c84a0, 0x000001f52d0c86c0]
Event: 240.074 Thread 0x000001f536b23820 25346       4       com.android.tools.r8.dex.z::a (77 bytes)
Event: 240.207 Thread 0x000001f536b23820 nmethod 25346 0x000001f52d0c6190 code [0x000001f52d0c6440, 0x000001f52d0c7530]
Event: 240.207 Thread 0x000001f536b23820 25347       4       com.android.tools.r8.internal.sd4$$Lambda/0x0000000101540000::test (5 bytes)
Event: 240.208 Thread 0x000001f536b23820 nmethod 25347 0x000001f52d0c5e90 code [0x000001f52d0c6020, 0x000001f52d0c60b0]

GC Heap History (20 events):
Event: 216.725 GC heap before
{Heap before GC invocations=126 (full 0):
 garbage-first heap   total 339968K, used 319193K [0x00000000e0000000, 0x0000000100000000)
  region size 1024K, 161 young (164864K), 3 survivors (3072K)
 Metaspace       used 154690K, committed 156992K, reserved 409600K
  class space    used 21111K, committed 22208K, reserved 212992K
}
Event: 216.731 GC heap after
{Heap after GC invocations=127 (full 0):
 garbage-first heap   total 339968K, used 158208K [0x00000000e0000000, 0x0000000100000000)
  region size 1024K, 2 young (2048K), 2 survivors (2048K)
 Metaspace       used 154690K, committed 156992K, reserved 409600K
  class space    used 21111K, committed 22208K, reserved 212992K
}
Event: 218.387 GC heap before
{Heap before GC invocations=128 (full 0):
 garbage-first heap   total 339968K, used 321024K [0x00000000e0000000, 0x0000000100000000)
  region size 1024K, 161 young (164864K), 2 survivors (2048K)
 Metaspace       used 154705K, committed 156992K, reserved 409600K
  class space    used 21111K, committed 22208K, reserved 212992K
}
Event: 218.394 GC heap after
{Heap after GC invocations=129 (full 0):
 garbage-first heap   total 339968K, used 158400K [0x00000000e0000000, 0x0000000100000000)
  region size 1024K, 3 young (3072K), 3 survivors (3072K)
 Metaspace       used 154705K, committed 156992K, reserved 409600K
  class space    used 21111K, committed 22208K, reserved 212992K
}
Event: 219.156 GC heap before
{Heap before GC invocations=129 (full 0):
 garbage-first heap   total 339968K, used 320192K [0x00000000e0000000, 0x0000000100000000)
  region size 1024K, 161 young (164864K), 3 survivors (3072K)
 Metaspace       used 154713K, committed 156992K, reserved 409600K
  class space    used 21112K, committed 22208K, reserved 212992K
}
Event: 219.165 GC heap after
{Heap after GC invocations=130 (full 0):
 garbage-first heap   total 339968K, used 154421K [0x00000000e0000000, 0x0000000100000000)
  region size 1024K, 3 young (3072K), 3 survivors (3072K)
 Metaspace       used 154713K, committed 156992K, reserved 409600K
  class space    used 21112K, committed 22208K, reserved 212992K
}
Event: 220.091 GC heap before
{Heap before GC invocations=130 (full 0):
 garbage-first heap   total 339968K, used 321333K [0x00000000e0000000, 0x0000000100000000)
  region size 1024K, 166 young (169984K), 3 survivors (3072K)
 Metaspace       used 154717K, committed 157056K, reserved 409600K
  class space    used 21112K, committed 22208K, reserved 212992K
}
Event: 220.103 GC heap after
{Heap after GC invocations=131 (full 0):
 garbage-first heap   total 339968K, used 155474K [0x00000000e0000000, 0x0000000100000000)
  region size 1024K, 4 young (4096K), 4 survivors (4096K)
 Metaspace       used 154717K, committed 157056K, reserved 409600K
  class space    used 21112K, committed 22208K, reserved 212992K
}
Event: 224.757 GC heap before
{Heap before GC invocations=132 (full 0):
 garbage-first heap   total 342016K, used 340818K [0x00000000e0000000, 0x0000000100000000)
  region size 1024K, 159 young (162816K), 4 survivors (4096K)
 Metaspace       used 155244K, committed 157632K, reserved 409600K
  class space    used 21185K, committed 22336K, reserved 212992K
}
Event: 224.827 GC heap after
{Heap after GC invocations=133 (full 0):
 garbage-first heap   total 351232K, used 185686K [0x00000000e0000000, 0x0000000100000000)
  region size 1024K, 9 young (9216K), 9 survivors (9216K)
 Metaspace       used 155244K, committed 157632K, reserved 409600K
  class space    used 21185K, committed 22336K, reserved 212992K
}
Event: 230.874 GC heap before
{Heap before GC invocations=133 (full 0):
 garbage-first heap   total 357376K, used 355670K [0x00000000e0000000, 0x0000000100000000)
  region size 1024K, 116 young (118784K), 9 survivors (9216K)
 Metaspace       used 156428K, committed 158784K, reserved 409600K
  class space    used 21346K, committed 22464K, reserved 212992K
}
Event: 231.151 GC heap after
{Heap after GC invocations=134 (full 0):
 garbage-first heap   total 380928K, used 224127K [0x00000000e0000000, 0x0000000100000000)
  region size 1024K, 19 young (19456K), 19 survivors (19456K)
 Metaspace       used 156428K, committed 158784K, reserved 409600K
  class space    used 21346K, committed 22464K, reserved 212992K
}
Event: 231.176 GC heap before
{Heap before GC invocations=134 (full 0):
 garbage-first heap   total 380928K, used 225151K [0x00000000e0000000, 0x0000000100000000)
  region size 1024K, 21 young (21504K), 19 survivors (19456K)
 Metaspace       used 156428K, committed 158784K, reserved 409600K
  class space    used 21346K, committed 22464K, reserved 212992K
}
Event: 231.296 GC heap after
{Heap after GC invocations=135 (full 0):
 garbage-first heap   total 380928K, used 225563K [0x00000000e0000000, 0x0000000100000000)
  region size 1024K, 2 young (2048K), 2 survivors (2048K)
 Metaspace       used 156428K, committed 158784K, reserved 409600K
  class space    used 21346K, committed 22464K, reserved 212992K
}
Event: 236.487 GC heap before
{Heap before GC invocations=136 (full 0):
 garbage-first heap   total 442368K, used 366875K [0x00000000e0000000, 0x0000000100000000)
  region size 1024K, 100 young (102400K), 2 survivors (2048K)
 Metaspace       used 156839K, committed 159104K, reserved 409600K
  class space    used 21389K, committed 22464K, reserved 212992K
}
Event: 236.681 GC heap after
{Heap after GC invocations=137 (full 0):
 garbage-first heap   total 442368K, used 283136K [0x00000000e0000000, 0x0000000100000000)
  region size 1024K, 13 young (13312K), 13 survivors (13312K)
 Metaspace       used 156839K, committed 159104K, reserved 409600K
  class space    used 21389K, committed 22464K, reserved 212992K
}
Event: 237.198 GC heap before
{Heap before GC invocations=137 (full 0):
 garbage-first heap   total 442368K, used 291328K [0x00000000e0000000, 0x0000000100000000)
  region size 1024K, 21 young (21504K), 13 survivors (13312K)
 Metaspace       used 156844K, committed 159104K, reserved 409600K
  class space    used 21389K, committed 22464K, reserved 212992K
}
Event: 237.278 GC heap after
{Heap after GC invocations=138 (full 0):
 garbage-first heap   total 442368K, used 282188K [0x00000000e0000000, 0x0000000100000000)
  region size 1024K, 3 young (3072K), 3 survivors (3072K)
 Metaspace       used 156844K, committed 159104K, reserved 409600K
  class space    used 21389K, committed 22464K, reserved 212992K
}
Event: 237.786 GC heap before
{Heap before GC invocations=138 (full 0):
 garbage-first heap   total 442368K, used 298572K [0x00000000e0000000, 0x0000000100000000)
  region size 1024K, 20 young (20480K), 3 survivors (3072K)
 Metaspace       used 156851K, committed 159104K, reserved 409600K
  class space    used 21389K, committed 22464K, reserved 212992K
}
Event: 237.839 GC heap after
{Heap after GC invocations=139 (full 0):
 garbage-first heap   total 442368K, used 288122K [0x00000000e0000000, 0x0000000100000000)
  region size 1024K, 9 young (9216K), 9 survivors (9216K)
 Metaspace       used 156851K, committed 159104K, reserved 409600K
  class space    used 21389K, committed 22464K, reserved 212992K
}

Dll operation events (3 events):
Event: 0.048 Loaded shared library C:\Program Files\Android\Android Studio\jbr\bin\java.dll
Event: 0.059 Loaded shared library C:\Program Files\Android\Android Studio\jbr\bin\zip.dll
Event: 1.511 Loaded shared library C:\Program Files\Android\Android Studio\jbr\bin\verify.dll

Deoptimization events (20 events):
Event: 239.931 Thread 0x000001f54829fe80 Uncommon trap: trap_request=0xffffffde fr.pc=0x000001f52cf070d8 relative=0x0000000000000b98
Event: 239.931 Thread 0x000001f54829fe80 Uncommon trap: reason=class_check action=maybe_recompile pc=0x000001f52cf070d8 method=com.android.tools.r8.dex.z.a(ILjava/util/function/Supplier;)Ljava/lang/Object; @ 31 c2
Event: 239.931 Thread 0x000001f54829fe80 DEOPT PACKING pc=0x000001f52cf070d8 sp=0x0000001ba58fee30
Event: 239.931 Thread 0x000001f54829fe80 DEOPT UNPACKING pc=0x000001f52c037aa2 sp=0x0000001ba58fee20 mode 2
Event: 239.941 Thread 0x000001f546440300 Uncommon trap: trap_request=0xffffffde fr.pc=0x000001f52cf070d8 relative=0x0000000000000b98
Event: 239.941 Thread 0x000001f546440300 Uncommon trap: reason=class_check action=maybe_recompile pc=0x000001f52cf070d8 method=com.android.tools.r8.dex.z.a(ILjava/util/function/Supplier;)Ljava/lang/Object; @ 31 c2
Event: 239.941 Thread 0x000001f546440300 DEOPT PACKING pc=0x000001f52cf070d8 sp=0x0000001ba57fe720
Event: 239.943 Thread 0x000001f546440300 DEOPT UNPACKING pc=0x000001f52c037aa2 sp=0x0000001ba57fe710 mode 2
Event: 239.998 Thread 0x000001f546440300 Uncommon trap: trap_request=0xffffffde fr.pc=0x000001f52c98a454 relative=0x00000000000007b4
Event: 239.998 Thread 0x000001f546440300 Uncommon trap: reason=class_check action=maybe_recompile pc=0x000001f52c98a454 method=java.lang.ThreadLocal.setInitialValue(Ljava/lang/Thread;)Ljava/lang/Object; @ 27 c2
Event: 239.998 Thread 0x000001f546440300 DEOPT PACKING pc=0x000001f52c98a454 sp=0x0000001ba57fdca0
Event: 239.998 Thread 0x000001f546440300 DEOPT UNPACKING pc=0x000001f52c037aa2 sp=0x0000001ba57fdc70 mode 2
Event: 240.114 Thread 0x000001f54829fe80 Uncommon trap: trap_request=0xffffff45 fr.pc=0x000001f52cec57e0 relative=0x00000000000000c0
Event: 240.114 Thread 0x000001f54829fe80 Uncommon trap: reason=unstable_if action=reinterpret pc=0x000001f52cec57e0 method=com.android.tools.r8.internal.eq1$f.b()Z @ 4 c2
Event: 240.115 Thread 0x000001f54829fe80 DEOPT PACKING pc=0x000001f52cec57e0 sp=0x0000001ba58fe790
Event: 240.115 Thread 0x000001f54829fe80 DEOPT UNPACKING pc=0x000001f52c037aa2 sp=0x0000001ba58fe6c8 mode 2
Event: 240.141 Thread 0x000001f54829fe80 Uncommon trap: trap_request=0xffffffde fr.pc=0x000001f52c98a454 relative=0x00000000000007b4
Event: 240.141 Thread 0x000001f54829fe80 Uncommon trap: reason=class_check action=maybe_recompile pc=0x000001f52c98a454 method=java.lang.ThreadLocal.setInitialValue(Ljava/lang/Thread;)Ljava/lang/Object; @ 27 c2
Event: 240.141 Thread 0x000001f54829fe80 DEOPT PACKING pc=0x000001f52c98a454 sp=0x0000001ba58fe110
Event: 240.143 Thread 0x000001f54829fe80 DEOPT UNPACKING pc=0x000001f52c037aa2 sp=0x0000001ba58fe0e0 mode 2

Classes loaded (20 events):
Event: 228.729 Loading class com/sun/org/apache/xerces/internal/dom/DeferredElementNSImpl
Event: 228.760 Loading class com/sun/org/apache/xerces/internal/dom/ElementNSImpl
Event: 228.774 Loading class com/sun/org/apache/xerces/internal/dom/ElementNSImpl done
Event: 228.776 Loading class com/sun/org/apache/xerces/internal/dom/DeferredElementNSImpl done
Event: 228.778 Loading class com/sun/org/apache/xerces/internal/dom/DeferredAttrNSImpl
Event: 228.783 Loading class com/sun/org/apache/xerces/internal/dom/AttrNSImpl
Event: 228.787 Loading class com/sun/org/apache/xerces/internal/dom/AttrNSImpl done
Event: 228.787 Loading class com/sun/org/apache/xerces/internal/dom/DeferredAttrNSImpl done
Event: 234.652 Loading class sun/rmi/transport/DGCClient$EndpointEntry$CleanRequest
Event: 234.661 Loading class sun/rmi/transport/DGCClient$EndpointEntry$CleanRequest done
Event: 238.827 Loading class java/util/concurrent/ForkJoinTask$AdaptedInterruptibleCallable
Event: 238.911 Loading class java/util/concurrent/ForkJoinTask$InterruptibleTask
Event: 238.970 Loading class java/util/concurrent/ForkJoinTask$InterruptibleTask done
Event: 238.970 Loading class java/util/concurrent/ForkJoinTask$AdaptedInterruptibleCallable done
Event: 238.973 Loading class java/util/concurrent/ForkJoinTask$Aux
Event: 239.026 Loading class java/util/concurrent/ForkJoinTask$Aux done
Event: 239.233 Loading class java/util/concurrent/ForkJoinPool$DefaultForkJoinWorkerThreadFactory$1
Event: 239.322 Loading class java/util/concurrent/ForkJoinPool$DefaultForkJoinWorkerThreadFactory$1 done
Event: 239.579 Loading class java/util/concurrent/CountedCompleter
Event: 239.854 Loading class java/util/concurrent/CountedCompleter done

Classes unloaded (20 events):
Event: 240.569 Thread 0x000001f536942920 Unloading class 0x00000001001e8400 'java/lang/invoke/LambdaForm$MH+0x00000001001e8400'
Event: 240.569 Thread 0x000001f536942920 Unloading class 0x00000001001e8000 'java/lang/invoke/LambdaForm$MH+0x00000001001e8000'
Event: 240.569 Thread 0x000001f536942920 Unloading class 0x00000001001e3c00 'java/lang/invoke/LambdaForm$MH+0x00000001001e3c00'
Event: 240.569 Thread 0x000001f536942920 Unloading class 0x00000001001e3800 'java/lang/invoke/LambdaForm$MH+0x00000001001e3800'
Event: 240.569 Thread 0x000001f536942920 Unloading class 0x00000001001e3400 'java/lang/invoke/LambdaForm$MH+0x00000001001e3400'
Event: 240.569 Thread 0x000001f536942920 Unloading class 0x00000001001e3000 'java/lang/invoke/LambdaForm$MH+0x00000001001e3000'
Event: 240.569 Thread 0x000001f536942920 Unloading class 0x00000001001e2c00 'java/lang/invoke/LambdaForm$MH+0x00000001001e2c00'
Event: 240.569 Thread 0x000001f536942920 Unloading class 0x00000001001d8800 'java/lang/invoke/LambdaForm$MH+0x00000001001d8800'
Event: 240.570 Thread 0x000001f536942920 Unloading class 0x00000001001d1800 'java/lang/invoke/LambdaForm$MH+0x00000001001d1800'
Event: 240.570 Thread 0x000001f536942920 Unloading class 0x00000001001d1400 'java/lang/invoke/LambdaForm$MH+0x00000001001d1400'
Event: 240.571 Thread 0x000001f536942920 Unloading class 0x00000001001c5000 'java/lang/invoke/LambdaForm$MH+0x00000001001c5000'
Event: 240.571 Thread 0x000001f536942920 Unloading class 0x00000001001c4c00 'java/lang/invoke/LambdaForm$MH+0x00000001001c4c00'
Event: 240.571 Thread 0x000001f536942920 Unloading class 0x00000001001c4800 'java/lang/invoke/LambdaForm$BMH+0x00000001001c4800'
Event: 240.572 Thread 0x000001f536942920 Unloading class 0x0000000100118c00 'java/lang/invoke/LambdaForm$MH+0x0000000100118c00'
Event: 240.572 Thread 0x000001f536942920 Unloading class 0x0000000100118800 'java/lang/invoke/LambdaForm$MH+0x0000000100118800'
Event: 240.572 Thread 0x000001f536942920 Unloading class 0x0000000100118000 'java/lang/invoke/LambdaForm$MH+0x0000000100118000'
Event: 240.572 Thread 0x000001f536942920 Unloading class 0x00000001000c1800 'java/lang/invoke/LambdaForm$MH+0x00000001000c1800'
Event: 240.572 Thread 0x000001f536942920 Unloading class 0x00000001000c1400 'java/lang/invoke/LambdaForm$MH+0x00000001000c1400'
Event: 240.572 Thread 0x000001f536942920 Unloading class 0x00000001000c1000 'java/lang/invoke/LambdaForm$MH+0x00000001000c1000'
Event: 240.572 Thread 0x000001f536942920 Unloading class 0x00000001000c0800 'java/lang/invoke/LambdaForm$MH+0x00000001000c0800'

Classes redefined (0 events):
No events

Internal exceptions (20 events):
Event: 238.131 Thread 0x000001f53fc69ad0 Exception <a 'sun/nio/fs/WindowsException'{0x00000000fff265c8}> (0x00000000fff265c8) 
thrown [s\src\hotspot\share\prims\jni.cpp, line 537]
Event: 238.140 Thread 0x000001f53fc69ad0 Exception <a 'sun/nio/fs/WindowsException'{0x00000000fff27d88}> (0x00000000fff27d88) 
thrown [s\src\hotspot\share\prims\jni.cpp, line 537]
Event: 238.147 Thread 0x000001f53fc69ad0 Exception <a 'sun/nio/fs/WindowsException'{0x00000000fff29548}> (0x00000000fff29548) 
thrown [s\src\hotspot\share\prims\jni.cpp, line 537]
Event: 238.206 Thread 0x000001f53fc69ad0 Exception <a 'sun/nio/fs/WindowsException'{0x00000000fff2ad08}> (0x00000000fff2ad08) 
thrown [s\src\hotspot\share\prims\jni.cpp, line 537]
Event: 238.220 Thread 0x000001f53fc69ad0 Exception <a 'sun/nio/fs/WindowsException'{0x00000000fff2c4a0}> (0x00000000fff2c4a0) 
thrown [s\src\hotspot\share\prims\jni.cpp, line 537]
Event: 238.228 Thread 0x000001f53fc69ad0 Exception <a 'sun/nio/fs/WindowsException'{0x00000000fff2dc20}> (0x00000000fff2dc20) 
thrown [s\src\hotspot\share\prims\jni.cpp, line 537]
Event: 238.238 Thread 0x000001f53fc69ad0 Exception <a 'sun/nio/fs/WindowsException'{0x00000000fff2f078}> (0x00000000fff2f078) 
thrown [s\src\hotspot\share\prims\jni.cpp, line 537]
Event: 238.244 Thread 0x000001f53fc69ad0 Exception <a 'sun/nio/fs/WindowsException'{0x00000000f9b02a98}> (0x00000000f9b02a98) 
thrown [s\src\hotspot\share\prims\jni.cpp, line 537]
Event: 238.246 Thread 0x000001f53fc69ad0 Exception <a 'sun/nio/fs/WindowsException'{0x00000000f9b03e58}> (0x00000000f9b03e58) 
thrown [s\src\hotspot\share\prims\jni.cpp, line 537]
Event: 238.363 Thread 0x000001f53fc69ad0 Exception <a 'sun/nio/fs/WindowsException'{0x00000000f9b09d48}> (0x00000000f9b09d48) 
thrown [s\src\hotspot\share\prims\jni.cpp, line 537]
Event: 238.927 Thread 0x000001f53fc69ad0 Exception <a 'sun/nio/fs/WindowsException'{0x00000000f9b2d640}> (0x00000000f9b2d640) 
thrown [s\src\hotspot\share\prims\jni.cpp, line 537]
Event: 238.958 Thread 0x000001f53fc69ad0 Exception <a 'sun/nio/fs/WindowsException'{0x00000000f860cce0}> (0x00000000f860cce0) 
thrown [s\src\hotspot\share\prims\jni.cpp, line 537]
Event: 239.005 Thread 0x000001f53fc69ad0 Exception <a 'sun/nio/fs/WindowsException'{0x00000000f8618b30}> (0x00000000f8618b30) 
thrown [s\src\hotspot\share\prims\jni.cpp, line 537]
Event: 239.838 Thread 0x000001f53fc69ad0 Exception <a 'sun/nio/fs/WindowsException'{0x00000000f8627008}> (0x00000000f8627008) 
thrown [s\src\hotspot\share\prims\jni.cpp, line 537]
Event: 239.894 Thread 0x000001f54643ef50 Exception <a 'sun/nio/fs/WindowsException'{0x00000000f8535118}> (0x00000000f8535118) 
thrown [s\src\hotspot\share\prims\jni.cpp, line 537]
Event: 239.998 Thread 0x000001f546440300 Exception <a 'sun/nio/fs/WindowsException'{0x00000000f86ca458}> (0x00000000f86ca458) 
thrown [s\src\hotspot\share\prims\jni.cpp, line 537]
Event: 240.144 Thread 0x000001f54829fe80 Exception <a 'sun/nio/fs/WindowsException'{0x00000000f8515188}> (0x00000000f8515188) 
thrown [s\src\hotspot\share\prims\jni.cpp, line 537]
Event: 240.163 Thread 0x000001f54829fe80 Exception <a 'sun/nio/fs/WindowsException'{0x00000000f851aa60}> (0x00000000f851aa60) 
thrown [s\src\hotspot\share\prims\jni.cpp, line 537]
Event: 240.219 Thread 0x000001f53fc69ad0 Exception <a 'sun/nio/fs/WindowsException'{0x00000000f8575ac0}> (0x00000000f8575ac0) 
thrown [s\src\hotspot\share\prims\jni.cpp, line 537]
Event: 240.384 Thread 0x000001f53fc69ad0 Exception <a 'sun/nio/fs/WindowsException'{0x00000000f8583d50}> (0x00000000f8583d50) 
thrown [s\src\hotspot\share\prims\jni.cpp, line 537]

ZGC Phase Switch (0 events):
No events

VM Operations (20 events):
Event: 231.298 Executing VM operation: G1TryInitiateConcMark (G1 Humongous Allocation) done
Event: 232.303 Executing VM operation: Cleanup
Event: 232.513 Executing VM operation: Cleanup done
Event: 233.996 Executing VM operation: G1PauseRemark
Event: 234.494 Executing VM operation: G1PauseRemark done
Event: 234.501 Executing VM operation: HandshakeAllThreads (Deoptimize)
Event: 234.535 Executing VM operation: HandshakeAllThreads (Deoptimize) done
Event: 235.535 Executing VM operation: Cleanup
Event: 235.547 Executing VM operation: Cleanup done
Event: 235.949 Executing VM operation: G1PauseCleanup
Event: 235.954 Executing VM operation: G1PauseCleanup done
Event: 236.485 Executing VM operation: G1CollectForAllocation (G1 Evacuation Pause)
Event: 236.681 Executing VM operation: G1CollectForAllocation (G1 Evacuation Pause) done
Event: 237.182 Executing VM operation: G1CollectForAllocation (G1 Evacuation Pause)
Event: 237.278 Executing VM operation: G1CollectForAllocation (G1 Evacuation Pause) done
Event: 237.786 Executing VM operation: G1TryInitiateConcMark (G1 Humongous Allocation)
Event: 237.839 Executing VM operation: G1TryInitiateConcMark (G1 Humongous Allocation) done
Event: 239.839 Executing VM operation: Cleanup
Event: 239.876 Executing VM operation: Cleanup done
Event: 240.401 Executing VM operation: G1PauseRemark

Memory protections (0 events):
No events

Nmethod flushes (20 events):
Event: 242.423 Thread 0x000001f536942920 flushing  nmethod 0x000001f52691b410
Event: 242.423 Thread 0x000001f536942920 flushing  nmethod 0x000001f52697ad90
Event: 242.423 Thread 0x000001f536942920 flushing  nmethod 0x000001f52697db10
Event: 242.423 Thread 0x000001f536942920 flushing  nmethod 0x000001f5269dde90
Event: 242.423 Thread 0x000001f536942920 flushing  nmethod 0x000001f5269ecf10
Event: 242.423 Thread 0x000001f536942920 flushing  nmethod 0x000001f5269f1b10
Event: 242.424 Thread 0x000001f536942920 flushing  nmethod 0x000001f526ab9590
Event: 242.424 Thread 0x000001f536942920 flushing  nmethod 0x000001f526b4f390
Event: 242.424 Thread 0x000001f536942920 flushing  nmethod 0x000001f526b6dd10
Event: 242.424 Thread 0x000001f536942920 flushing  nmethod 0x000001f526b74590
Event: 242.424 Thread 0x000001f536942920 flushing  nmethod 0x000001f526b9d210
Event: 242.424 Thread 0x000001f536942920 flushing  nmethod 0x000001f526b9eb90
Event: 242.424 Thread 0x000001f536942920 flushing  nmethod 0x000001f526ba0510
Event: 242.424 Thread 0x000001f536942920 flushing  nmethod 0x000001f526ba1710
Event: 242.424 Thread 0x000001f536942920 flushing  nmethod 0x000001f526d83d10
Event: 242.424 Thread 0x000001f536942920 flushing  nmethod 0x000001f526d84e10
Event: 242.424 Thread 0x000001f536942920 flushing  nmethod 0x000001f526e20210
Event: 242.424 Thread 0x000001f536942920 flushing  nmethod 0x000001f526f0d710
Event: 242.424 Thread 0x000001f536942920 flushing  nmethod 0x000001f527052290
Event: 242.424 Thread 0x000001f536942920 flushing  nmethod 0x000001f527100e10

Events (20 events):
Event: 143.730 Thread 0x000001f53b276860 Thread added: 0x000001f546016190
Event: 144.199 Thread 0x000001f53fc6f6b0 Thread added: 0x000001f54601b050
Event: 146.791 Thread 0x000001f54601b050 Thread exited: 0x000001f54601b050
Event: 150.053 Thread 0x000001f53fc6f6b0 Thread added: 0x000001f546018f80
Event: 150.106 Thread 0x000001f53fc6f6b0 Thread added: 0x000001f546017540
Event: 150.215 Loaded shared library C:\Program Files\Android\Android Studio\jbr\bin\rmi.dll
Event: 150.217 Thread 0x000001f53fc6f6b0 Thread added: 0x000001f54601b6e0
Event: 152.317 Thread 0x000001f53fc6f6b0 Thread added: 0x000001f54601a330
Event: 152.317 Thread 0x000001f53fc6f6b0 Thread added: 0x000001f54601ca90
Event: 153.456 Thread 0x000001f54601a330 Thread added: 0x000001f54601a9c0
Event: 177.052 Thread 0x000001f53fc6d5e0 Thread exited: 0x000001f53fc6d5e0
Event: 187.127 Thread 0x000001f536b23820 Thread added: 0x000001f540d493c0
Event: 191.093 Thread 0x000001f540d493c0 Thread exited: 0x000001f540d493c0
Event: 223.232 Thread 0x000001f540be2220 Thread added: 0x000001f545a8a130
Event: 225.272 Thread 0x000001f540be0150 Thread exited: 0x000001f540be0150
Event: 235.004 Thread 0x000001f546017540 Thread exited: 0x000001f546017540
Event: 239.573 Thread 0x000001f53fc6e990 Thread added: 0x000001f54643f5e0
Event: 239.578 Thread 0x000001f53fc6e990 Thread added: 0x000001f546440300
Event: 239.754 Thread 0x000001f546440300 Thread added: 0x000001f54829fe80
Event: 239.782 Thread 0x000001f54643f5e0 Thread added: 0x000001f54643ef50


Dynamic libraries:
0x00007ff6d6e20000 - 0x00007ff6d6e2a000 	C:\Program Files\Android\Android Studio\jbr\bin\java.exe
0x00007ffbe3470000 - 0x00007ffbe3668000 	C:\Windows\SYSTEM32\ntdll.dll
0x00007ffbe29e0000 - 0x00007ffbe2aa2000 	C:\Windows\System32\KERNEL32.DLL
0x00007ffbe0c80000 - 0x00007ffbe0f76000 	C:\Windows\System32\KERNELBASE.dll
0x00007ffbe0f80000 - 0x00007ffbe1080000 	C:\Windows\System32\ucrtbase.dll
0x00007ffbd0220000 - 0x00007ffbd023b000 	C:\Program Files\Android\Android Studio\jbr\bin\VCRUNTIME140.dll
0x00007ffbda100000 - 0x00007ffbda118000 	C:\Program Files\Android\Android Studio\jbr\bin\jli.dll
0x00007ffbe2ab0000 - 0x00007ffbe2c51000 	C:\Windows\System32\USER32.dll
0x00007ffbe1220000 - 0x00007ffbe1242000 	C:\Windows\System32\win32u.dll
0x00007ffbce3d0000 - 0x00007ffbce66b000 	C:\Windows\WinSxS\amd64_microsoft.windows.common-controls_6595b64144ccf1df_6.0.19041.6456_none_60b8a6cb71f64256\COMCTL32.dll
0x00007ffbe1490000 - 0x00007ffbe14bb000 	C:\Windows\System32\GDI32.dll
0x00007ffbe2fb0000 - 0x00007ffbe304e000 	C:\Windows\System32\msvcrt.dll
0x00007ffbe1100000 - 0x00007ffbe1219000 	C:\Windows\System32\gdi32full.dll
0x00007ffbe0b90000 - 0x00007ffbe0c2d000 	C:\Windows\System32\msvcp_win.dll
0x00007ffbe31a0000 - 0x00007ffbe31cf000 	C:\Windows\System32\IMM32.DLL
0x00007ffbdaac0000 - 0x00007ffbdaacc000 	C:\Program Files\Android\Android Studio\jbr\bin\vcruntime140_1.dll
0x00007ffbb6c70000 - 0x00007ffbb6cfd000 	C:\Program Files\Android\Android Studio\jbr\bin\msvcp140.dll
0x00007ffb7c7b0000 - 0x00007ffb7d446000 	C:\Program Files\Android\Android Studio\jbr\bin\server\jvm.dll
0x00007ffbe14c0000 - 0x00007ffbe1571000 	C:\Windows\System32\ADVAPI32.dll
0x00007ffbe15a0000 - 0x00007ffbe163f000 	C:\Windows\System32\sechost.dll
0x00007ffbe17f0000 - 0x00007ffbe1910000 	C:\Windows\System32\RPCRT4.dll
0x00007ffbe13b0000 - 0x00007ffbe13d7000 	C:\Windows\System32\bcrypt.dll
0x00007ffbe2d40000 - 0x00007ffbe2dab000 	C:\Windows\System32\WS2_32.dll
0x00007ffbd9910000 - 0x00007ffbd991a000 	C:\Windows\SYSTEM32\VERSION.dll
0x00007ffbc9c30000 - 0x00007ffbc9c57000 	C:\Windows\SYSTEM32\WINMM.dll
0x00007ffbe0960000 - 0x00007ffbe09ab000 	C:\Windows\SYSTEM32\POWRPROF.dll
0x00007ffbe0940000 - 0x00007ffbe0952000 	C:\Windows\SYSTEM32\UMPDC.dll
0x00007ffbdf2d0000 - 0x00007ffbdf2e2000 	C:\Windows\SYSTEM32\kernel.appcore.dll
0x00007ffbd5800000 - 0x00007ffbd580a000 	C:\Program Files\Android\Android Studio\jbr\bin\jimage.dll
0x00007ffbde6a0000 - 0x00007ffbde8a1000 	C:\Windows\SYSTEM32\DBGHELP.DLL
0x00007ffbb3290000 - 0x00007ffbb32c4000 	C:\Windows\SYSTEM32\dbgcore.DLL
0x00007ffbe0b00000 - 0x00007ffbe0b82000 	C:\Windows\System32\bcryptPrimitives.dll
0x00007ffbd5ce0000 - 0x00007ffbd5cee000 	C:\Program Files\Android\Android Studio\jbr\bin\instrument.dll
0x00007ffbd0200000 - 0x00007ffbd0220000 	C:\Program Files\Android\Android Studio\jbr\bin\java.dll
0x00007ffbd0070000 - 0x00007ffbd0088000 	C:\Program Files\Android\Android Studio\jbr\bin\zip.dll
0x00007ffbe1da0000 - 0x00007ffbe2510000 	C:\Windows\System32\SHELL32.dll
0x00007ffbdeb10000 - 0x00007ffbdf2b5000 	C:\Windows\SYSTEM32\windows.storage.dll
0x00007ffbe1910000 - 0x00007ffbe1c64000 	C:\Windows\System32\combase.dll
0x00007ffbe0450000 - 0x00007ffbe047b000 	C:\Windows\SYSTEM32\Wldp.dll
0x00007ffbe2e30000 - 0x00007ffbe2efd000 	C:\Windows\System32\OLEAUT32.dll
0x00007ffbe2f00000 - 0x00007ffbe2fad000 	C:\Windows\System32\SHCORE.dll
0x00007ffbe32f0000 - 0x00007ffbe334b000 	C:\Windows\System32\shlwapi.dll
0x00007ffbe0a30000 - 0x00007ffbe0a54000 	C:\Windows\SYSTEM32\profapi.dll
0x00007ffbcf060000 - 0x00007ffbcf070000 	C:\Program Files\Android\Android Studio\jbr\bin\net.dll
0x00007ffbd5a40000 - 0x00007ffbd5b4a000 	C:\Windows\SYSTEM32\WINHTTP.dll
0x00007ffbe0160000 - 0x00007ffbe01ca000 	C:\Windows\system32\mswsock.dll
0x00007ffbcf030000 - 0x00007ffbcf046000 	C:\Program Files\Android\Android Studio\jbr\bin\nio.dll
0x00007ffbd95c0000 - 0x00007ffbd95d0000 	C:\Program Files\Android\Android Studio\jbr\bin\verify.dll
0x00007ffbcfb40000 - 0x00007ffbcfb67000 	C:\Users\DELL\.gradle\native\660c5614fbf4a5f2a75b1949f50a0caf5cd603558e7d8a26e50b933a0cfb79d1\windows-amd64\native-platform.dll
0x00007ffbb6bf0000 - 0x00007ffbb6c67000 	C:\Users\DELL\.gradle\native\0.2.8\x86_64-windows-gnu\gradle-fileevents.dll
0x00007ffbdb520000 - 0x00007ffbdb529000 	C:\Program Files\Android\Android Studio\jbr\bin\management.dll
0x00007ffbdb490000 - 0x00007ffbdb49b000 	C:\Program Files\Android\Android Studio\jbr\bin\management_ext.dll
0x00007ffbe1590000 - 0x00007ffbe1598000 	C:\Windows\System32\PSAPI.DLL
0x00007ffbdfe50000 - 0x00007ffbdfe8b000 	C:\Windows\SYSTEM32\IPHLPAPI.DLL
0x00007ffbe1580000 - 0x00007ffbe1588000 	C:\Windows\System32\NSI.dll
0x00007ffbda950000 - 0x00007ffbda959000 	C:\Program Files\Android\Android Studio\jbr\bin\extnet.dll
0x00007ffbe0310000 - 0x00007ffbe0328000 	C:\Windows\SYSTEM32\CRYPTSP.dll
0x00007ffbdfa90000 - 0x00007ffbdfac8000 	C:\Windows\system32\rsaenh.dll
0x00007ffbe09b0000 - 0x00007ffbe09de000 	C:\Windows\SYSTEM32\USERENV.dll
0x00007ffbe0330000 - 0x00007ffbe033c000 	C:\Windows\SYSTEM32\CRYPTBASE.dll
0x00007ffbda170000 - 0x00007ffbda177000 	C:\Windows\system32\wshunix.dll
0x00007ffbdfe90000 - 0x00007ffbdff5a000 	C:\Windows\SYSTEM32\DNSAPI.dll
0x00007ffbd98a0000 - 0x00007ffbd98aa000 	C:\Windows\System32\rasadhlp.dll
0x00007ffbce780000 - 0x00007ffbce800000 	C:\Windows\System32\fwpuclnt.dll
0x00007ffbdaab0000 - 0x00007ffbdaab7000 	C:\Program Files\Android\Android Studio\jbr\bin\rmi.dll

JVMTI agents:
C:\Users\DELL\.gradle\wrapper\dists\gradle-9.3.1-bin\23ovyewtku6u96viwx3xl3oks\gradle-9.3.1\lib\agents\gradle-instrumentation-agent-9.3.1.jar path:C:\Program Files\Android\Android Studio\jbr\bin\instrument.dll, loaded, initialized, instrumentlib options:none

dbghelp: loaded successfully - version: 4.0.5 - missing functions: none
symbol engine: initialized successfully - sym options: 0x614 - pdb path: .;C:\Program Files\Android\Android Studio\jbr\bin;C:\Windows\SYSTEM32;C:\Windows\WinSxS\amd64_microsoft.windows.common-controls_6595b64144ccf1df_6.0.19041.6456_none_60b8a6cb71f64256;C:\Program Files\Android\Android Studio\jbr\bin\server;C:\Users\DELL\.gradle\native\660c5614fbf4a5f2a75b1949f50a0caf5cd603558e7d8a26e50b933a0cfb79d1\windows-amd64;C:\Users\DELL\.gradle\native\0.2.8\x86_64-windows-gnu

VM Arguments:
jvm_args: --add-opens=java.base/java.lang=ALL-UNNAMED --add-opens=java.base/java.lang.invoke=ALL-UNNAMED --add-opens=java.base/java.util=ALL-UNNAMED --add-opens=java.prefs/java.util.prefs=ALL-UNNAMED --add-exports=jdk.compiler/com.sun.tools.javac.api=ALL-UNNAMED --add-exports=jdk.compiler/com.sun.tools.javac.util=ALL-UNNAMED --add-opens=java.base/java.util=ALL-UNNAMED --add-opens=java.prefs/java.util.prefs=ALL-UNNAMED --add-opens=java.base/java.nio.charset=ALL-UNNAMED --add-opens=java.base/java.net=ALL-UNNAMED --add-opens=java.base/java.util.concurrent=ALL-UNNAMED --add-opens=java.base/java.util.concurrent.atomic=ALL-UNNAMED --add-opens=java.xml/javax.xml.namespace=ALL-UNNAMED --add-opens=java.base/java.time=ALL-UNNAMED -XX:MaxMetaspaceSize=256m -Xmx512m -Dfile.encoding=UTF-8 -Duser.country=IN -Duser.language=en -Duser.variant -javaagent:C:\Users\DELL\.gradle\wrapper\dists\gradle-9.3.1-bin\23ovyewtku6u96viwx3xl3oks\gradle-9.3.1\lib\agents\gradle-instrumentation-agent-9.3.1.jar 
java_command: org.gradle.launcher.daemon.bootstrap.GradleDaemon 9.3.1
java_class_path (initial): C:\Users\DELL\.gradle\wrapper\dists\gradle-9.3.1-bin\23ovyewtku6u96viwx3xl3oks\gradle-9.3.1\lib\gradle-daemon-main-9.3.1.jar
Launcher Type: SUN_STANDARD

[Global flags]
     intx CICompilerCount                          = 3                                         {product} {ergonomic}
   size_t CompressedClassSpaceSize                 = 218103808                                 {product} {ergonomic}
     uint ConcGCThreads                            = 1                                         {product} {ergonomic}
     uint G1ConcRefinementThreads                  = 4                                         {product} {ergonomic}
   size_t G1HeapRegionSize                         = 1048576                                   {product} {ergonomic}
    uintx GCDrainStackTargetSize                   = 64                                        {product} {ergonomic}
   size_t InitialHeapSize                          = 65011712                                  {product} {ergonomic}
   size_t MarkStackSize                            = 4194304                                   {product} {ergonomic}
   size_t MaxHeapSize                              = 536870912                                 {product} {command line}
   size_t MaxMetaspaceSize                         = 268435456                                 {product} {command line}
   size_t MaxNewSize                               = 321912832                                 {product} {ergonomic}
   size_t MinHeapDeltaBytes                        = 1048576                                   {product} {ergonomic}
   size_t MinHeapSize                              = 8388608                                   {product} {ergonomic}
    uintx NonNMethodCodeHeapSize                   = 5832780                                {pd product} {ergonomic}
    uintx NonProfiledCodeHeapSize                  = 122912730                              {pd product} {ergonomic}
    uintx ProfiledCodeHeapSize                     = 122912730                              {pd product} {ergonomic}
    uintx ReservedCodeCacheSize                    = 251658240                              {pd product} {ergonomic}
     bool SegmentedCodeCache                       = true                                      {product} {ergonomic}
   size_t SoftMaxHeapSize                          = 536870912                              {manageable} {ergonomic}
     bool UseCompressedOops                        = true                           {product lp64_product} {ergonomic}
     bool UseG1GC                                  = true                                      {product} {ergonomic}
     bool UseLargePagesIndividualAllocation        = false                                  {pd product} {ergonomic}

Logging:
Log output configuration:
 #0: stdout all=warning uptime,level,tags foldmultilines=false
 #1: stderr all=off uptime,level,tags foldmultilines=false

Release file:
JAVA_VERSION="21.0.9" 
MODULES="java.base java.compiler java.datatransfer java.xml java.prefs java.desktop java.instrument java.logging java.management java.security.sasl java.naming java.rmi java.management.rmi java.net.http java.scripting java.security.jgss java.transaction.xa java.sql java.sql.rowset java.xml.crypto java.se java.smartcardio jdk.accessibility jdk.internal.jvmstat jdk.attach jdk.charsets jdk.internal.opt jdk.zipfs jdk.compiler jdk.crypto.ec jdk.crypto.cryptoki jdk.dynalink jdk.hotspot.agent jdk.httpserver jdk.internal.ed jdk.internal.le jdk.internal.vm.ci jdk.jartool jdk.javadoc jdk.jcmd jdk.jdeps jdk.jdwp.agent jdk.jdi jdk.jfr jdk.jlink jdk.jsobject jdk.localedata jdk.management jdk.management.agent jdk.management.jfr jdk.naming.dns jdk.naming.rmi jdk.net jdk.sctp jdk.security.auth jdk.security.jgss jdk.unsupported jdk.unsupported.desktop jdk.xml.dom" 
IMPLEMENTOR="JetBrains s.r.o." 
JAVA_RUNTIME_VERSION="21.0.9+-14787801-b1163.94" 
LIBC="default" 
OS_ARCH="x86_64" 
OS_NAME="Windows" 
SOURCE=".:git:0c757ddc9f2f" 

Environment Variables:
JAVA_HOME=C:\Program Files\Android\Android Studio\jbr
PATH=C:\Program Files\OpenLogic\jdk-22.0.2.9-hotspot\bin;C:\Windows\system32;C:\Windows;C:\Windows\System32\Wbem;C:\Windows\System32\WindowsPowerShell\v1.0\;C:\Windows\System32\OpenSSH\;C:\Program Files\dotnet\;C:\MinGW\bin;C:\Program Files\Git\cmd;C:\Users\DELL\AppData\Roaming\nvm;C:\Program Files\nodejs;C:\ProgramData\chocolatey\bin;C:\Program Files\nodejs\;C:\Users\DELL\AppData\Local\Programs\Python\Python313\Scripts;C:\Users\DELL\AppData\Local\Programs\Python\Python313\;C:\platform-tools;C:\MinGW\bin;C:\MinGW\bin;C:\Program Files\MySQL\MySQL Server 8.0\bin;C:\Users\DELL\AppData\Local\Programs\Python\Python310\Scripts\;C:\Users\DELL\AppData\Local\Programs\Python\Python310\;C:\Users\DELL\AppData\Local\Programs\Python\Python313\Scripts\;C:\Users\DELL\AppData\Local\Programs\Python\Python313\;C:\Users\DELL\AppData\Local\Programs\Python\Launcher\;C:\Users\DELL\AppData\Local\Microsoft\WindowsApps;C:\Users\DELL\AppData\Local\Programs\Microsoft VS Code\bin;C:\Users\DELL\AppData\Roaming\nvm;C:\Program Files\nodejs;C:\Users\DELL\AppData\Roaming\npm;C:\Program Files\heroku\bin;C:\Users\DELL\.dotnet\tools;C:\Users\DELL\Downloads\x64;C:\Users\DELL\AppData\Local\Programs\Python\Python310\;C:\Users\DELL\AppData\Local\Programs\Antigravity\bin
USERNAME=DELL
OS=Windows_NT
PROCESSOR_IDENTIFIER=Intel64 Family 6 Model 126 Stepping 5, GenuineIntel
TMP=C:\Users\DELL\AppData\Local\Temp
TEMP=C:\Users\DELL\AppData\Local\Temp




Periodic native trim disabled

JNI global refs:
JNI global refs: 27, weak refs: 0

JNI global refs memory usage: 835, weak refs: 833

Process memory usage:
Resident Set Size: 195796K (4% of 3954772K total physical memory with 43912K free physical memory)

OOME stack traces (most recent first):
Classloader memory used:
Loader org.gradle.internal.classloader.VisitableURLClassLoader$InstrumentingVisitableURLClassLoader: 56384K
Loader org.gradle.internal.classloader.VisitableURLClassLoader                         : 47214K
Loader bootstrap                                                                       : 34683K
Loader org.gradle.initialization.MixInLegacyTypesClassLoader                           : 12028K
Loader java.net.URLClassLoader                                                         : 5169K
Loader jdk.internal.loader.ClassLoaders$PlatformClassLoader                            : 470K
Loader jdk.internal.reflect.DelegatingClassLoader                                      : 446K
Loader jdk.internal.loader.ClassLoaders$AppClassLoader                                 : 231K
Loader org.gradle.internal.classloader.VisitableURLClassLoader                         : 208K

Classes loaded by more than one classloader:
Class Program                                                                         : loaded 5 times (x 72B)
Class Build_gradle                                                                    : loaded 3 times (x 126B)
Class com.google.common.base.PairwiseEquivalence                                      : loaded 2 times (x 83B)
Class com.google.common.base.Equivalence$Identity                                     : loaded 2 times (x 82B)
Class com.google.common.collect.RegularImmutableMap$KeySet                            : loaded 2 times (x 152B)
Class org.gradle.internal.classloader.FilteringClassLoader                            : loaded 2 times (x 105B)
Class kotlin.jvm.internal.CollectionToArray                                           : loaded 2 times (x 71B)
Class kotlin.io.FilesKt__FileTreeWalkKt                                               : loaded 2 times (x 71B)
Class kotlin.sequences.FilteringSequence$iterator$1                                   : loaded 2 times (x 79B)
Class kotlin.sequences.SequencesKt__SequenceBuilderKt                                 : loaded 2 times (x 71B)
Class kotlin.collections.CollectionsKt__ReversedViewsKt                               : loaded 2 times (x 71B)
Class [Lcom.google.common.base.AbstractIterator$State;                                : loaded 2 times (x 69B)
Class [Lcom.google.common.collect.MapMakerInternalMap$Segment;                        : loaded 2 times (x 69B)
Class com.google.common.io.FileWriteMode                                              : loaded 2 times (x 79B)
Class com.google.common.base.CharMatcher$IsEither                                     : loaded 2 times (x 111B)
Class org.gradle.internal.classloader.ClassLoaderHierarchy                            : loaded 2 times (x 70B)
Class com.google.common.collect.AbstractMapBasedMultimap$WrappedCollection            : loaded 2 times (x 124B)
Class com.google.common.collect.ImmutableEnumSet                                      : loaded 2 times (x 146B)
Class com.google.common.util.concurrent.ExecutionError                                : loaded 2 times (x 82B)
Class com.google.common.collect.ImmutableList$1                                       : loaded 2 times (x 97B)
Class org.gradle.api.internal.classpath.ManifestUtil                                  : loaded 2 times (x 71B)
Class com.google.common.io.ByteArrayDataOutput                                        : loaded 2 times (x 70B)
Class com.google.gson.stream.MalformedJsonException                                   : loaded 2 times (x 82B)
Class com.google.common.collect.RegularImmutableMap                                   : loaded 2 times (x 121B)
Class com.google.common.collect.ImmutableMap$MapViewOfValuesAsSingletonSets           : loaded 2 times (x 126B)
Class [Lorg.objectweb.asm.Symbol;                                                     : loaded 2 times (x 69B)
Class org.objectweb.asm.ClassVisitor                                                  : loaded 2 times (x 88B)
Class com.google.common.collect.UnmodifiableListIterator                              : loaded 2 times (x 95B)
Class com.google.common.collect.MapMakerInternalMap$StrongKeyDummyValueEntry$LinkedStrongKeyDummyValueEntry: loaded 2 times (x 82B)
Class com.google.common.collect.MapMakerInternalMap$Strength                          : loaded 2 times (x 80B)
Class com.google.common.base.Platform$JdkPatternCompiler                              : loaded 2 times (x 75B)
Class org.objectweb.asm.MethodTooLargeException                                       : loaded 2 times (x 83B)
Class [Lcom.google.common.cache.CacheBuilder$OneWeigher;                              : loaded 2 times (x 69B)
Class com.google.common.base.Suppliers                                                : loaded 2 times (x 71B)
Class org.gradle.internal.classloader.DefaultClassLoaderFactory                       : loaded 2 times (x 82B)
Class kotlin.sequences.SequencesKt___SequencesKt                                      : loaded 2 times (x 71B)
Class kotlin.collections.AbstractList$Companion                                       : loaded 2 times (x 71B)
Class com.google.common.base.CharMatcher$None                                         : loaded 2 times (x 112B)
Class org.gradle.internal.classloader.ClassLoaderVisitor                              : loaded 2 times (x 76B)
Class [Lcom.google.common.collect.ImmutableMapEntry;                                  : loaded 2 times (x 69B)
Class org.gradle.api.internal.classpath.EffectiveClassPath                            : loaded 2 times (x 90B)
Class kotlin.text.StringsKt__AppendableKt                                             : loaded 2 times (x 71B)
Class com.google.common.collect.ListMultimap                                          : loaded 2 times (x 70B)
Class com.google.common.collect.ImmutableEnumMap                                      : loaded 2 times (x 126B)
Class [Lkotlin.reflect.KCallable;                                                     : loaded 2 times (x 69B)
Class com.google.common.collect.ImmutableSet$SerializedForm                           : loaded 2 times (x 73B)
Class com.google.common.collect.Iterators$EmptyModifiableIterator                     : loaded 2 times (x 86B)
Class com.google.common.base.Splitter                                                 : loaded 2 times (x 72B)
Class com.google.common.collect.Sets$1                                                : loaded 2 times (x 139B)
Class org.objectweb.asm.AnnotationVisitor                                             : loaded 2 times (x 78B)
Class org.gradle.api.internal.DefaultClassPathProvider                                : loaded 2 times (x 76B)
Class kotlin.sequences.Sequence                                                       : loaded 2 times (x 70B)
Class kotlin.text.StringsKt__StringNumberConversionsJVMKt                             : loaded 2 times (x 71B)
Class com.google.common.collect.Maps$ViewCachingAbstractMap                           : loaded 2 times (x 125B)
Class com.google.common.collect.MapMakerInternalMap$Strength$1                        : loaded 2 times (x 80B)
Class com.google.common.collect.Sets$2                                                : loaded 2 times (x 139B)
Class [Lorg.gradle.api.internal.ClassPathProvider;                                    : loaded 2 times (x 69B)
Class org.gradle.api.internal.ClassPathProvider                                       : loaded 2 times (x 70B)
Class com.google.common.base.AbstractIterator$State                                   : loaded 2 times (x 79B)
Class com.google.common.collect.MapMakerInternalMap$Strength$2                        : loaded 2 times (x 80B)
Class [Lorg.objectweb.asm.AnnotationVisitor;                                          : loaded 2 times (x 69B)
Class com.google.common.collect.Sets$3                                                : loaded 2 times (x 139B)
Class com.google.common.cache.LocalCache$LocalLoadingCache                            : loaded 2 times (x 134B)
Class org.gradle.internal.service.UnknownServiceException                             : loaded 2 times (x 83B)
Class com.google.common.collect.MapMakerInternalMap$StrongValueEntry                  : loaded 2 times (x 70B)
Class com.google.common.io.ByteArrayDataInput                                         : loaded 2 times (x 70B)
Class com.google.common.collect.Sets$4                                                : loaded 2 times (x 139B)
Class org.objectweb.asm.ModuleVisitor                                                 : loaded 2 times (x 81B)
Class com.google.common.cache.LocalCache$Strength$1                                   : loaded 2 times (x 81B)
Class com.google.common.util.concurrent.SettableFuture                                : loaded 2 times (x 114B)
Class com.google.common.cache.LocalCache$Strength$2                                   : loaded 2 times (x 81B)
Class kotlin.collections.ArraysKt___ArraysJvmKt                                       : loaded 2 times (x 71B)
Class kotlin.collections.CollectionsKt__CollectionsKt                                 : loaded 2 times (x 71B)
Class kotlin.text.StringsKt__RegexExtensionsJVMKt                                     : loaded 2 times (x 71B)
Class com.google.common.collect.TransformedIterator                                   : loaded 2 times (x 80B)
Class com.google.common.base.Splitter$1                                               : loaded 2 times (x 77B)
Class com.google.common.collect.Interners$InternerImpl                                : loaded 2 times (x 75B)
Class com.google.common.collect.Interner                                              : loaded 2 times (x 70B)
Class com.google.common.io.ByteStreams                                                : loaded 2 times (x 71B)
Class com.google.common.cache.LocalCache$Strength$3                                   : loaded 2 times (x 81B)
Class com.google.common.collect.MapDifference                                         : loaded 2 times (x 70B)
Class kotlin._Assertions                                                              : loaded 2 times (x 71B)
Class com.google.common.collect.MapMaker$Dummy                                        : loaded 2 times (x 79B)
Class org.objectweb.asm.FieldWriter                                                   : loaded 2 times (x 78B)
Class com.google.common.cache.CacheBuilder$NullListener                               : loaded 2 times (x 82B)
Class org.gradle.internal.classpath.TransformedClassPath                              : loaded 2 times (x 96B)
Class org.gradle.internal.classloader.InstrumentingClassLoader                        : loaded 2 times (x 70B)
Class kotlin.jvm.internal.FunctionReference                                           : loaded 2 times (x 122B)
Class kotlin.jvm.internal.FunctionBase                                                : loaded 2 times (x 70B)
Class kotlin.enums.EnumEntriesList                                                    : loaded 2 times (x 223B)
Class com.google.common.cache.CacheLoader$FunctionToCacheLoader                       : loaded 2 times (x 75B)
Class kotlin.text.StringsKt__StringsKt                                                : loaded 2 times (x 71B)
Class com.google.common.collect.ImmutableCollection$Builder                           : loaded 2 times (x 76B)
Class kotlin.comparisons.ComparisonsKt___ComparisonsJvmKt                             : loaded 2 times (x 71B)
Class kotlin.collections.CollectionsKt__IteratorsJVMKt                                : loaded 2 times (x 71B)
Class com.google.common.base.Joiner                                                   : loaded 2 times (x 79B)
Class com.google.common.base.MoreObjects                                              : loaded 2 times (x 71B)
Class [Lorg.jetbrains.kotlin.com.intellij.openapi.diagnostic.LogLevel;                : loaded 2 times (x 69B)
Class org.jetbrains.kotlin.build.report.metrics.GradleBuildTime                       : loaded 2 times (x 86B)
Class com.google.common.collect.Platform                                              : loaded 2 times (x 71B)
Class [Lorg.objectweb.asm.Type;                                                       : loaded 2 times (x 69B)
Class com.google.common.collect.UnmodifiableIterator                                  : loaded 2 times (x 80B)
Class org.gradle.internal.service.ServiceLocator                                      : loaded 2 times (x 70B)
Class kotlin.Pair                                                                     : loaded 2 times (x 72B)
Class [Lkotlin.Function;                                                              : loaded 2 times (x 69B)
Class com.google.common.collect.SingletonImmutableBiMap                               : loaded 2 times (x 143B)
Class com.google.common.base.Ascii                                                    : loaded 2 times (x 71B)
Class com.google.common.cache.LocalCache$1                                            : loaded 2 times (x 89B)
Class com.google.common.collect.Iterators$SingletonIterator                           : loaded 2 times (x 81B)
Class com.google.common.collect.AbstractMapEntry                                      : loaded 2 times (x 81B)
Class kotlin.io.CloseableKt                                                           : loaded 2 times (x 71B)
Class kotlin.collections.CollectionsKt__MutableCollectionsKt                          : loaded 2 times (x 71B)
Class com.google.common.collect.AbstractSetMultimap                                   : loaded 2 times (x 174B)
Class com.google.common.collect.MapMakerInternalMap$AbstractStrongKeyEntry            : loaded 2 times (x 80B)
Class com.google.common.collect.Sets$ImprovedAbstractSet                              : loaded 2 times (x 135B)
Class com.google.common.collect.ImmutableList$Builder                                 : loaded 2 times (x 77B)
Class com.google.common.collect.AbstractMultimap                                      : loaded 2 times (x 123B)
Class com.google.common.cache.LocalCache$2                                            : loaded 2 times (x 142B)
Class kotlin.reflect.KCallable                                                        : loaded 2 times (x 70B)
Class kotlin.io.TerminateException                                                    : loaded 2 times (x 82B)
Class kotlin.io.FilesKt__FilePathComponentsKt                                         : loaded 2 times (x 71B)
Class com.google.common.collect.RegularImmutableAsList                                : loaded 2 times (x 217B)
Class com.google.common.util.concurrent.AbstractFuture$Trusted                        : loaded 2 times (x 70B)
Class com.google.common.collect.Iterators                                             : loaded 2 times (x 71B)
Class [Lorg.jetbrains.kotlin.build.report.metrics.BuildTime;                          : loaded 2 times (x 69B)
Class com.google.common.io.ByteSink$AsCharSink                                        : loaded 2 times (x 80B)
Class com.google.common.collect.Lists$StringAsImmutableList                           : loaded 2 times (x 207B)
Class com.google.common.util.concurrent.UncheckedExecutionException                   : loaded 2 times (x 82B)
Class org.gradle.kotlin.dsl.VersionCatalogAccessorsKt                                 : loaded 2 times (x 71B)
Class kotlin.collections.EmptyList                                                    : loaded 2 times (x 174B)
Class kotlin.collections.MapsKt__MapsJVMKt                                            : loaded 2 times (x 71B)
Class com.google.common.collect.HashMultimapGwtSerializationDependencies              : loaded 2 times (x 174B)
Class com.google.common.collect.AbstractMapBasedMultimap$KeySet$1                     : loaded 2 times (x 82B)
Class org.objectweb.asm.ClassWriter                                                   : loaded 2 times (x 106B)
Class com.google.common.base.CharMatcher$And                                          : loaded 2 times (x 112B)
Class com.google.common.cache.CacheLoader$UnsupportedLoadingOperationException        : loaded 2 times (x 82B)
Class org.gradle.internal.classloader.ClasspathUtil$1                                 : loaded 2 times (x 76B)
Class com.google.common.base.Objects                                                  : loaded 2 times (x 71B)
Class org.objectweb.asm.FieldVisitor                                                  : loaded 2 times (x 77B)
Class com.google.common.collect.IndexedImmutableSet                                   : loaded 2 times (x 152B)
Class com.google.common.collect.ImmutableMap$1                                        : loaded 2 times (x 81B)
Class com.google.common.collect.BiMap                                                 : loaded 2 times (x 70B)
Class org.gradle.api.internal.classpath.DefaultModuleRegistry$DefaultModule           : loaded 2 times (x 86B)
Class com.google.common.primitives.Ints                                               : loaded 2 times (x 71B)
Class com.google.common.collect.AbstractIterator                                      : loaded 2 times (x 82B)
Class kotlin.collections.IndexingIterable                                             : loaded 2 times (x 79B)
Class kotlin.collections.ArraysKt__ArraysKt                                           : loaded 2 times (x 71B)
Class com.google.common.collect.ObjectArrays                                          : loaded 2 times (x 71B)
Class com.google.common.math.MathPreconditions                                        : loaded 2 times (x 71B)
Class com.google.common.collect.Multiset                                              : loaded 2 times (x 70B)
Class com.google.common.collect.ArrayListMultimapGwtSerializationDependencies         : loaded 2 times (x 172B)
Class com.google.common.collect.AbstractIndexedListIterator                           : loaded 2 times (x 96B)
Class kotlin.collections.SetsKt__SetsJVMKt                                            : loaded 2 times (x 71B)
Class kotlin.Function                                                                 : loaded 2 times (x 70B)
Class com.google.common.collect.ImmutableMapEntrySet                                  : loaded 2 times (x 152B)
Class org.gradle.api.internal.classpath.Module                                        : loaded 2 times (x 70B)
Class kotlin.internal.ProgressionUtilKt                                               : loaded 2 times (x 71B)
Class kotlin.io.FileAlreadyExistsException                                            : loaded 2 times (x 82B)
Class com.google.common.cache.Weigher                                                 : loaded 2 times (x 70B)
Class org.gradle.api.internal.classpath.UnknownModuleException                        : loaded 2 times (x 82B)
Class com.google.common.base.Stopwatch                                                : loaded 2 times (x 72B)
Class com.google.common.cache.LocalCache$Strength                                     : loaded 2 times (x 81B)
Class com.google.common.cache.Cache                                                   : loaded 2 times (x 70B)
Class com.google.gson.stream.JsonReader$1                                             : loaded 2 times (x 72B)
Class kotlin.collections.IndexingIterator                                             : loaded 2 times (x 79B)
Class org.jetbrains.kotlin.build.report.metrics.BuildMetricsReporter                  : loaded 2 times (x 70B)
Class com.google.common.base.NullnessCasts                                            : loaded 2 times (x 71B)
Class com.google.common.util.concurrent.AbstractFuture$Cancellation                   : loaded 2 times (x 72B)
Class com.google.common.collect.ImmutableMap$Builder                                  : loaded 2 times (x 82B)
Class [Lkotlin.reflect.KAnnotatedElement;                                             : loaded 2 times (x 69B)
Class com.google.common.collect.AbstractMapBasedMultimap$WrappedCollection$WrappedIterator: loaded 2 times (x 84B)
Class com.google.common.cache.RemovalListener                                         : loaded 2 times (x 70B)
Class org.gradle.api.internal.DefaultClassPathRegistry                                : loaded 2 times (x 76B)
Class com.google.common.primitives.IntsMethodsForWeb                                  : loaded 2 times (x 71B)
Class com.google.common.collect.Multimap                                              : loaded 2 times (x 70B)
Class org.gradle.api.internal.ClassPathRegistry                                       : loaded 2 times (x 70B)
Class org.gradle.internal.classpath.DefaultClassPath$ImmutableUniqueList              : loaded 2 times (x 199B)
Class kotlin.text.StringsKt__StringsJVMKt                                             : loaded 2 times (x 71B)
Class com.google.common.collect.MapMakerInternalMap$Segment                           : loaded 2 times (x 142B)
Class com.google.common.base.ExtraObjectsMethodsForWeb                                : loaded 2 times (x 71B)
Class kotlin.collections.SetsKt                                                       : loaded 2 times (x 71B)
Class kotlin.text.StringsKt__IndentKt                                                 : loaded 2 times (x 71B)
Class com.google.common.collect.Iterators$ArrayItr                                    : loaded 2 times (x 97B)
Class com.google.common.io.ByteSink                                                   : loaded 2 times (x 76B)
Class com.google.common.cache.CacheBuilder                                            : loaded 2 times (x 72B)
Class com.google.common.collect.SingletonImmutableList                                : loaded 2 times (x 207B)
Class Settings_gradle$1                                                               : loaded 2 times (x 74B)
Class org.gradle.internal.classpath.ClassPath                                         : loaded 2 times (x 70B)
Class kotlin.reflect.KFunction                                                        : loaded 2 times (x 70B)
Class kotlin.sequences.SequencesKt__SequencesKt$asSequence$$inlined$Sequence$1        : loaded 2 times (x 75B)
Class com.google.common.collect.Interners$InternerBuilder                             : loaded 2 times (x 76B)
Class com.google.common.io.Files$FileByteSource                                       : loaded 2 times (x 85B)
Class com.google.common.base.JdkPattern                                               : loaded 2 times (x 75B)
Class com.google.common.collect.ImmutableList$ReverseImmutableList                    : loaded 2 times (x 209B)
Class org.jetbrains.kotlin.com.intellij.openapi.diagnostic.Logger                     : loaded 2 times (x 99B)
Class kotlin.collections.MapsKt__MapsKt                                               : loaded 2 times (x 71B)
Class org.objectweb.asm.SymbolTable$Entry                                             : loaded 2 times (x 74B)
Class com.google.gson.internal.JsonReaderInternalAccess                               : loaded 2 times (x 72B)
Class org.objectweb.asm.Edge                                                          : loaded 2 times (x 72B)
Class com.google.common.base.Suppliers$SupplierOfInstance                             : loaded 2 times (x 79B)
Class com.google.common.collect.Iterators$1                                           : loaded 2 times (x 81B)
Class kotlin.UninitializedPropertyAccessException                                     : loaded 2 times (x 82B)
Class com.google.common.cache.LocalCache$ComputingValueReference                      : loaded 2 times (x 96B)
Class com.google.common.collect.SingletonImmutableSet                                 : loaded 2 times (x 146B)
Class com.google.common.collect.ImmutableMap$IteratorBasedImmutableMap                : loaded 2 times (x 126B)
Class com.google.common.cache.LocalCache$Segment                                      : loaded 2 times (x 154B)
Class com.google.common.collect.AbstractListMultimap                                  : loaded 2 times (x 172B)
Class [Lorg.objectweb.asm.SymbolTable$Entry;                                          : loaded 2 times (x 69B)
Class com.google.common.cache.CacheLoader                                             : loaded 2 times (x 74B)
Class com.google.common.collect.Iterators$4                                           : loaded 2 times (x 82B)
Class com.google.common.collect.ImmutableBiMap                                        : loaded 2 times (x 143B)
Class org.gradle.api.internal.classpath.ModuleRegistry                                : loaded 2 times (x 70B)
Class org.gradle.internal.installation.GradleInstallation$1                           : loaded 2 times (x 75B)
Class com.google.common.base.Splitter$SplittingIterator                               : loaded 2 times (x 84B)
Class com.google.common.collect.ImmutableSet$JdkBackedSetBuilderImpl                  : loaded 2 times (x 76B)
Class com.google.common.util.concurrent.internal.InternalFutureFailureAccess          : loaded 2 times (x 72B)
Class com.google.common.collect.Iterators$5                                           : loaded 2 times (x 82B)
Class com.google.common.base.CharMatcher$ForPredicate                                 : loaded 2 times (x 112B)
Class com.google.common.cache.LocalCache$LocalManualCache$1                           : loaded 2 times (x 75B)
Class kotlin.io.FilesKt__UtilsKt                                                      : loaded 2 times (x 71B)
Class kotlin.collections.CollectionsKt__CollectionsJVMKt                              : loaded 2 times (x 71B)
Class com.google.common.base.CharMatcher$AnyOf                                        : loaded 2 times (x 112B)
Class com.google.common.collect.ImmutableCollection                                   : loaded 2 times (x 125B)
Class org.gradle.api.internal.classpath.DefaultModuleRegistry                         : loaded 2 times (x 86B)
Class kotlin.collections.IndexedValue                                                 : loaded 2 times (x 72B)
Class kotlin.sequences.SequencesKt                                                    : loaded 2 times (x 71B)
Class kotlin.collections.CollectionsKt__IteratorsKt                                   : loaded 2 times (x 71B)
Class org.jetbrains.kotlin.build.report.metrics.GradleBuildTime$Companion             : loaded 2 times (x 71B)
Class com.google.common.collect.Lists                                                 : loaded 2 times (x 71B)
Class com.google.common.util.concurrent.ListenableFuture                              : loaded 2 times (x 70B)
Class com.google.common.cache.ReferenceEntry                                          : loaded 2 times (x 70B)
Class com.google.common.base.Converter                                                : loaded 2 times (x 90B)
Class com.google.common.collect.ImmutableSet$CachingAsList                            : loaded 2 times (x 148B)
Class org.jetbrains.kotlin.com.intellij.openapi.diagnostic.Logger$DefaultFactory      : loaded 2 times (x 74B)
Class kotlin.text.StringsKt                                                           : loaded 2 times (x 71B)
Class com.google.common.collect.AbstractMapBasedMultimap                              : loaded 2 times (x 139B)
Class com.google.common.util.concurrent.AbstractFuture                                : loaded 2 times (x 106B)
Class com.google.common.base.FunctionalEquivalence                                    : loaded 2 times (x 83B)
Class com.google.gson.Strictness                                                      : loaded 2 times (x 79B)
Class com.google.common.collect.Iterators$9                                           : loaded 2 times (x 81B)
Class com.google.common.collect.ImmutableAsList                                       : loaded 2 times (x 209B)
Class kotlin.LazyKt__LazyJVMKt                                                        : loaded 2 times (x 71B)
Class org.objectweb.asm.RecordComponentVisitor                                        : loaded 2 times (x 77B)
Class com.google.common.cache.CacheLoader$SupplierToCacheLoader                       : loaded 2 times (x 75B)
Class kotlin.io.FilesKt__FileReadWriteKt                                              : loaded 2 times (x 71B)
Class kotlin.text.StringsKt__StringNumberConversionsKt                                : loaded 2 times (x 71B)
Class com.google.common.collect.Maps$EntryTransformer                                 : loaded 2 times (x 70B)
Class org.gradle.internal.service.ServiceLookupException                              : loaded 2 times (x 82B)
Class org.jetbrains.kotlin.com.intellij.openapi.diagnostic.LogLevel                   : loaded 2 times (x 79B)
Class [Lcom.google.common.cache.LocalCache$EntryFactory;                              : loaded 2 times (x 69B)
Class org.gradle.internal.classloader.ClassLoaderFactory                              : loaded 2 times (x 70B)
Class com.google.common.base.CommonPattern                                            : loaded 2 times (x 74B)
Class com.google.common.base.CharMatcher$IsNot                                        : loaded 2 times (x 111B)
Class com.google.common.cache.LocalCache$LocalManualCache                             : loaded 2 times (x 99B)
Class org.gradle.internal.service.CachingServiceLocator                               : loaded 2 times (x 82B)
Class kotlin.jvm.internal.CallableReference                                           : loaded 2 times (x 106B)
Class com.google.common.collect.AbstractMapBasedMultimap$KeySet                       : loaded 2 times (x 137B)
Class com.google.common.math.IntMath                                                  : loaded 2 times (x 71B)
Class org.jetbrains.kotlin.build.report.metrics.BuildTime                             : loaded 2 times (x 70B)
Class com.google.common.collect.MapMakerInternalMap$InternalEntry                     : loaded 2 times (x 70B)
Class com.google.common.collect.ImmutableMapEntry                                     : loaded 2 times (x 85B)
Class kotlin.enums.EnumEntries                                                        : loaded 2 times (x 70B)
Class org.jetbrains.kotlin.build.report.metrics.DoNothingBuildMetricsReporter         : loaded 2 times (x 86B)
Class com.google.common.base.Equivalence                                              : loaded 2 times (x 82B)
Class com.google.common.base.Function                                                 : loaded 2 times (x 70B)
Class com.google.common.collect.ImmutableMapEntry$NonTerminalImmutableMapEntry        : loaded 2 times (x 85B)
Class com.google.common.collect.IndexedImmutableSet$1                                 : loaded 2 times (x 213B)
Class com.google.common.cache.CacheBuilder$OneWeigher                                 : loaded 2 times (x 82B)
Class com.google.common.collect.RegularImmutableList                                  : loaded 2 times (x 213B)
Class org.jetbrains.kotlin.com.intellij.openapi.diagnostic.Logger$Factory             : loaded 2 times (x 70B)
Class org.gradle.internal.classloader.ClasspathUtil                                   : loaded 2 times (x 71B)
Class kotlin.io.FileSystemException                                                   : loaded 2 times (x 82B)
Class com.google.common.util.concurrent.Uninterruptibles                              : loaded 2 times (x 71B)
Class com.google.common.collect.AbstractMapBasedMultimap$WrappedSet                   : loaded 2 times (x 142B)
Class com.google.common.util.concurrent.LazyLogger                                    : loaded 2 times (x 72B)
Class com.google.common.collect.Maps                                                  : loaded 2 times (x 71B)
Class org.gradle.api.specs.Spec                                                       : loaded 2 times (x 70B)
Class com.google.common.collect.MapMaker                                              : loaded 2 times (x 72B)
Class [Lcom.google.common.collect.ImmutableEntry;                                     : loaded 2 times (x 69B)
Class com.google.common.cache.LocalCache$LoadingValueReference                        : loaded 2 times (x 96B)
Class kotlin.collections.EmptyIterator                                                : loaded 2 times (x 89B)
Class kotlin.SynchronizedLazyImpl                                                     : loaded 2 times (x 76B)
Class kotlin.text.StringsKt__RegexExtensionsKt                                        : loaded 2 times (x 71B)
Class com.google.common.collect.MapMakerInternalMap$StrongKeyDummyValueEntry          : loaded 2 times (x 82B)
Class com.google.common.base.Platform                                                 : loaded 2 times (x 71B)
Class kotlin.sequences.SequencesKt__SequencesJVMKt                                    : loaded 2 times (x 71B)
Class kotlin.collections.AbstractList                                                 : loaded 2 times (x 197B)
Class kotlin.collections.AbstractCollection                                           : loaded 2 times (x 117B)
Class com.google.common.collect.AbstractMapBasedMultimap$WrappedList                  : loaded 2 times (x 205B)
Class [Lorg.objectweb.asm.AnnotationWriter;                                           : loaded 2 times (x 69B)
Class com.google.common.collect.Maps$8                                                : loaded 2 times (x 82B)
Class kotlin.collections.ArrayAsCollection                                            : loaded 2 times (x 105B)
Class kotlin.LazyKt__LazyKt                                                           : loaded 2 times (x 71B)
Class kotlin.text.StringsKt__StringBuilderJVMKt                                       : loaded 2 times (x 71B)
Class [Lcom.google.common.collect.Iterators$EmptyModifiableIterator;                  : loaded 2 times (x 69B)
Class com.google.common.collect.Sets$SetView                                          : loaded 2 times (x 138B)
Class com.google.common.cache.LocalCache$StrongValueReference                         : loaded 2 times (x 90B)
Class kotlin.UNINITIALIZED_VALUE                                                      : loaded 2 times (x 71B)
Class com.google.common.graph.SuccessorsFunction                                      : loaded 2 times (x 70B)
Class [Lcom.google.gson.stream.JsonToken;                                             : loaded 2 times (x 69B)
Class org.objectweb.asm.Type                                                          : loaded 2 times (x 72B)
Class org.gradle.internal.classloader.VisitableURLClassLoader$InstrumentingVisitableURLClassLoader: loaded 2 times (x 123B)
Class kotlin.comparisons.ComparisonsKt__ComparisonsKt                                 : loaded 2 times (x 71B)
Class kotlin.ranges.RangesKt__RangesKt                                                : loaded 2 times (x 71B)
Class kotlin.collections.SetsKt___SetsKt                                              : loaded 2 times (x 71B)
Class kotlin.sequences.SequencesKt__SequencesKt                                       : loaded 2 times (x 71B)
Class com.google.common.collect.MapMakerInternalMap$StrongKeyDummyValueEntry$Helper   : loaded 2 times (x 79B)
Class com.google.common.io.Files$FileByteSink                                         : loaded 2 times (x 77B)
Class com.google.common.math.IntMath$1                                                : loaded 2 times (x 71B)
Class org.objectweb.asm.ByteVector                                                    : loaded 2 times (x 79B)
Class [Lcom.google.common.cache.CacheBuilder$NullListener;                            : loaded 2 times (x 69B)
Class org.gradle.internal.classloader.VisitableURLClassLoader$Spec                    : loaded 2 times (x 74B)
Class org.gradle.internal.classpath.DefaultClassPath                                  : loaded 2 times (x 90B)
Class kotlin.comparisons.ComparisonsKt                                                : loaded 2 times (x 71B)
Class kotlin.comparisons.ComparisonsKt___ComparisonsKt                                : loaded 2 times (x 71B)
Class kotlin.sequences.FilteringSequence                                              : loaded 2 times (x 75B)
Class [Lorg.jetbrains.kotlin.build.report.metrics.GradleBuildTime;                    : loaded 2 times (x 69B)
Class com.google.common.base.AbstractIterator                                         : loaded 2 times (x 80B)
Class org.objectweb.asm.Symbol                                                        : loaded 2 times (x 73B)
Class com.google.common.io.Closer                                                     : loaded 2 times (x 78B)
Class com.google.common.base.CharMatcher$BitSetMatcher                                : loaded 2 times (x 112B)
Class [Lcom.google.gson.Strictness;                                                   : loaded 2 times (x 69B)
Class com.google.common.collect.RegularImmutableMap$Values                            : loaded 2 times (x 207B)
Class com.google.common.collect.ImmutableSet                                          : loaded 2 times (x 145B)
Class org.gradle.internal.classloader.ClassLoaderSpec                                 : loaded 2 times (x 71B)
Class kotlin.jvm.internal.FunctionReferenceImpl                                       : loaded 2 times (x 122B)
Class kotlin.collections.CollectionsKt___CollectionsJvmKt                             : loaded 2 times (x 71B)
Class org.objectweb.asm.AnnotationWriter                                              : loaded 2 times (x 79B)
Class com.google.common.cache.CacheStats                                              : loaded 2 times (x 71B)
Class kotlin.Unit                                                                     : loaded 2 times (x 71B)
Class kotlin.TuplesKt                                                                 : loaded 2 times (x 71B)
Class kotlin.sequences.SequencesKt___SequencesJvmKt                                   : loaded 2 times (x 71B)
Class com.google.common.collect.Interners                                             : loaded 2 times (x 71B)
Class com.google.common.io.Closer$Suppressor                                          : loaded 2 times (x 70B)
Class com.google.common.io.LineProcessor                                              : loaded 2 times (x 70B)
Class org.objectweb.asm.RecordComponentWriter                                         : loaded 2 times (x 78B)
Class com.google.common.util.concurrent.AbstractFuture$Listener                       : loaded 2 times (x 72B)
Class com.google.common.base.CharMatcher$Or                                           : loaded 2 times (x 112B)
Class Settings_gradle$1$1                                                             : loaded 2 times (x 74B)
Class kotlin.ranges.RangesKt                                                          : loaded 2 times (x 71B)
Class org.objectweb.asm.Attribute                                                     : loaded 2 times (x 77B)
Class com.google.common.base.Supplier                                                 : loaded 2 times (x 70B)
Class org.gradle.internal.classloader.VisitableURLClassLoader                         : loaded 2 times (x 117B)
Class kotlin.collections.ArraysUtilJVM                                                : loaded 2 times (x 71B)
Class kotlin.jvm.functions.Function0                                                  : loaded 2 times (x 70B)
Class Settings_gradle                                                                 : loaded 2 times (x 124B)
Class org.gradle.internal.Cast                                                        : loaded 2 times (x 71B)
Class org.gradle.api.Action                                                           : loaded 2 times (x 70B)
Class kotlin.jvm.functions.Function1                                                  : loaded 2 times (x 70B)
Class com.google.common.collect.MapMakerInternalMap                                   : loaded 2 times (x 161B)
Class com.google.common.base.Strings                                                  : loaded 2 times (x 71B)
Class com.google.common.collect.Sets                                                  : loaded 2 times (x 71B)
Class org.objectweb.asm.Handler                                                       : loaded 2 times (x 72B)
Class com.google.common.base.CharMatcher$FastMatcher                                  : loaded 2 times (x 111B)
Class com.google.common.base.Ticker                                                   : loaded 2 times (x 72B)
Class kotlin.jvm.functions.Function2                                                  : loaded 2 times (x 70B)
Class [Lcom.google.common.cache.LocalCache$Segment;                                   : loaded 2 times (x 69B)
Class com.google.common.base.Predicate                                                : loaded 2 times (x 70B)
Class [Lcom.google.common.cache.LocalCache$Strength;                                  : loaded 2 times (x 69B)
Class com.google.common.cache.CacheBuilder$1                                          : loaded 2 times (x 85B)
Class com.google.common.collect.ImmutableMap                                          : loaded 2 times (x 120B)
Class org.gradle.internal.classpath.DefaultClassPath$ImmutableUniqueList$Builder      : loaded 2 times (x 75B)
Class kotlin.jvm.functions.Function3                                                  : loaded 2 times (x 70B)
Class kotlin.collections.MapsKt___MapsJvmKt                                           : loaded 2 times (x 71B)
Class com.google.common.collect.MapMakerInternalMap$WeakValueReference                : loaded 2 times (x 70B)
Class com.google.gson.stream.JsonToken                                                : loaded 2 times (x 79B)
Class com.google.common.base.CharMatcher$NegatedFastMatcher                           : loaded 2 times (x 113B)
Class com.google.common.cache.LocalCache                                              : loaded 2 times (x 187B)
Class com.google.common.cache.CacheBuilder$2                                          : loaded 2 times (x 79B)
Class kotlin.collections.EmptySet                                                     : loaded 2 times (x 122B)
Class kotlin.collections.CollectionsKt___CollectionsKt                                : loaded 2 times (x 71B)
Class com.google.common.collect.ArrayListMultimap                                     : loaded 2 times (x 172B)
Class com.google.common.cache.CacheBuilder$3                                          : loaded 2 times (x 72B)
Class [Lcom.google.common.collect.AbstractMapEntry;                                   : loaded 2 times (x 69B)
Class com.google.common.collect.ImmutableEntry                                        : loaded 2 times (x 82B)
Class org.gradle.api.GradleException                                                  : loaded 2 times (x 82B)
Class kotlin.reflect.KDeclarationContainer                                            : loaded 2 times (x 70B)
Class kotlin.text.StringsKt___StringsJvmKt                                            : loaded 2 times (x 71B)
Class com.google.common.base.Suppliers$MemoizingSupplier                              : loaded 2 times (x 79B)
Class com.google.common.collect.CollectPreconditions                                  : loaded 2 times (x 71B)
Class kotlin.collections.MapsKt___MapsKt                                              : loaded 2 times (x 71B)
Class kotlin.io.FilesKt                                                               : loaded 2 times (x 71B)
Class kotlin.collections.ArraysKt___ArraysKt                                          : loaded 2 times (x 71B)
Class [Lcom.google.common.collect.MapMakerInternalMap$Strength;                       : loaded 2 times (x 69B)
Class [Lcom.google.common.io.FileWriteMode;                                           : loaded 2 times (x 69B)
Class com.google.common.collect.SortedMapDifference                                   : loaded 2 times (x 70B)
Class kotlin.collections.MapsKt__MapWithDefaultKt                                     : loaded 2 times (x 71B)
Class com.google.common.collect.MapMakerInternalMap$StrongKeyDummyValueSegment        : loaded 2 times (x 142B)
Class com.google.common.io.Files                                                      : loaded 2 times (x 71B)
Class com.google.common.cache.LocalCache$EntryFactory                                 : loaded 2 times (x 83B)
Class kotlin.collections.CollectionsKt__MutableCollectionsJVMKt                       : loaded 2 times (x 71B)
Class kotlin.enums.EnumEntriesKt                                                      : loaded 2 times (x 71B)
Class kotlin.text.StringsKt___StringsKt                                               : loaded 2 times (x 71B)
Class [Lcom.google.common.collect.MapMaker$Dummy;                                     : loaded 2 times (x 69B)
Class com.google.common.base.CharMatcher$Whitespace                                   : loaded 2 times (x 112B)
Class com.google.common.cache.LocalCache$AbstractReferenceEntry                       : loaded 2 times (x 107B)
Class org.gradle.internal.IoActions                                                   : loaded 2 times (x 71B)
Class com.google.common.collect.ImmutableMapKeySet                                    : loaded 2 times (x 152B)
Class org.objectweb.asm.SymbolTable                                                   : loaded 2 times (x 72B)
Class com.google.common.cache.CacheLoader$InvalidCacheLoadException                   : loaded 2 times (x 82B)
Class com.google.common.collect.ImmutableSet$RegularSetBuilderImpl                    : loaded 2 times (x 77B)
Class org.gradle.internal.classloader.SystemClassLoaderSpec                           : loaded 2 times (x 71B)
Class kotlin.reflect.KAnnotatedElement                                                : loaded 2 times (x 70B)
Class kotlin.jvm.internal.Intrinsics                                                  : loaded 2 times (x 71B)
Class com.google.common.cache.LocalCache$StrongEntry                                  : loaded 2 times (x 108B)
Class com.google.common.util.concurrent.AbstractFuture$TrustedFuture                  : loaded 2 times (x 114B)
Class com.google.common.cache.LoadingCache                                            : loaded 2 times (x 70B)
Class kotlin.collections.MapsKt                                                       : loaded 2 times (x 71B)
Class kotlin.collections.CollectionsKt__IterablesKt                                   : loaded 2 times (x 71B)
Class com.google.common.base.Suppliers$NonSerializableMemoizingSupplier               : loaded 2 times (x 79B)
Class com.google.common.io.ByteStreams$LimitedInputStream                             : loaded 2 times (x 92B)
Class org.objectweb.asm.MethodWriter                                                  : loaded 2 times (x 106B)
Class [Lcom.google.common.cache.Weigher;                                              : loaded 2 times (x 69B)
Class com.google.common.collect.RegularImmutableMap$BucketOverflowException           : loaded 2 times (x 82B)
Class kotlin.KotlinNullPointerException                                               : loaded 2 times (x 83B)
Class com.google.common.collect.AbstractMapBasedMultimap$RandomAccessWrappedList      : loaded 2 times (x 205B)
Class kotlin.ranges.RangesKt___RangesKt                                               : loaded 2 times (x 71B)
Class com.google.common.collect.RegularImmutableBiMap                                 : loaded 2 times (x 149B)
Class com.google.common.base.CharMatcher$Negated                                      : loaded 2 times (x 113B)
Class com.google.common.base.CharMatcher$Is                                           : loaded 2 times (x 111B)
Class com.google.common.cache.LocalCache$ValueReference                               : loaded 2 times (x 70B)
Class org.jetbrains.kotlin.com.intellij.openapi.diagnostic.Attachment                 : loaded 2 times (x 72B)
Class kotlin.collections.ArraysKt                                                     : loaded 2 times (x 71B)
Class com.google.common.base.PatternCompiler                                          : loaded 2 times (x 70B)
Class com.google.common.util.concurrent.AbstractFuture$Failure                        : loaded 2 times (x 72B)
Class com.google.common.base.Equivalence$Equals                                       : loaded 2 times (x 82B)
Class com.google.common.collect.Hashing                                               : loaded 2 times (x 71B)
Class com.google.common.base.Preconditions                                            : loaded 2 times (x 71B)
Class kotlin.collections.SetsKt__SetsKt                                               : loaded 2 times (x 71B)
Class kotlin.LazyKt                                                                   : loaded 2 times (x 71B)
Class com.google.common.io.CharSink                                                   : loaded 2 times (x 79B)
Class com.google.common.base.Joiner$1                                                 : loaded 2 times (x 80B)
Class org.objectweb.asm.Label                                                         : loaded 2 times (x 73B)
Class org.objectweb.asm.CurrentFrame                                                  : loaded 2 times (x 73B)
Class org.objectweb.asm.ClassTooLargeException                                        : loaded 2 times (x 83B)
Class com.google.common.base.CharMatcher                                              : loaded 2 times (x 111B)
Class com.google.gson.stream.JsonReader                                               : loaded 2 times (x 97B)
Class com.google.common.collect.PeekingIterator                                       : loaded 2 times (x 70B)
Class kotlin.collections.ArraysKt__ArraysJVMKt                                        : loaded 2 times (x 71B)
Class com.google.common.collect.Table                                                 : loaded 2 times (x 70B)
Class com.google.common.collect.MapMakerInternalMap$InternalEntryHelper               : loaded 2 times (x 70B)
Class com.google.common.collect.Maps$IteratorBasedAbstractMap                         : loaded 2 times (x 125B)
Class com.google.common.base.Joiner$2                                                 : loaded 2 times (x 79B)
Class org.objectweb.asm.Frame                                                         : loaded 2 times (x 73B)
Class org.objectweb.asm.MethodVisitor                                                 : loaded 2 times (x 105B)
Class com.google.common.base.CharMatcher$1                                            : loaded 2 times (x 113B)
Class com.google.common.base.CharMatcher$NamedFastMatcher                             : loaded 2 times (x 112B)
Class com.google.common.cache.LocalCache$EntryFactory$1                               : loaded 2 times (x 83B)
Class [Lcom.google.common.cache.RemovalListener;                                      : loaded 2 times (x 69B)
Class kotlin.jvm.internal.CallableReference$NoReceiver                                : loaded 2 times (x 71B)
Class kotlin.text.StringsKt__StringBuilderKt                                          : loaded 2 times (x 71B)
Class com.google.common.cache.LocalCache$EntryFactory$2                               : loaded 2 times (x 83B)
Class org.gradle.api.internal.classpath.GlobalCacheRootsProvider                      : loaded 2 times (x 70B)
Class kotlin.Lazy                                                                     : loaded 2 times (x 70B)
Class kotlin.NoWhenBranchMatchedException                                             : loaded 2 times (x 82B)
Class org.objectweb.asm.ModuleWriter                                                  : loaded 2 times (x 82B)
Class com.google.common.cache.LocalCache$EntryFactory$3                               : loaded 2 times (x 83B)
Class com.google.common.base.Ticker$1                                                 : loaded 2 times (x 72B)
Class com.google.common.collect.Maps$BiMapConverter                                   : loaded 2 times (x 90B)
Class com.google.common.collect.ImmutableMapEntrySet$RegularEntrySet                  : loaded 2 times (x 152B)
Class [Lkotlin.jvm.functions.Function1;                                               : loaded 2 times (x 69B)
Class com.google.common.collect.SetMultimap                                           : loaded 2 times (x 70B)
Class com.google.common.collect.ImmutableSet$Builder                                  : loaded 2 times (x 85B)
Class com.google.common.base.CharMatcher$InRange                                      : loaded 2 times (x 111B)
Class com.google.common.cache.LocalCache$EntryFactory$4                               : loaded 2 times (x 83B)
Class kotlin.sequences.ConstrainedOnceSequence                                        : loaded 2 times (x 75B)
Class com.google.common.io.ByteStreams$1                                              : loaded 2 times (x 85B)
Class com.google.common.cache.LocalCache$EntryFactory$5                               : loaded 2 times (x 83B)
Class kotlin.jvm.internal.markers.KMappedMarker                                       : loaded 2 times (x 70B)
Class kotlin.NotImplementedError                                                      : loaded 2 times (x 82B)
Class com.google.common.collect.HashMultimap                                          : loaded 2 times (x 174B)
Class com.google.common.cache.LocalCache$EntryFactory$6                               : loaded 2 times (x 83B)
Class org.gradle.internal.installation.CurrentGradleInstallationLocator               : loaded 2 times (x 71B)
Class com.google.common.collect.Maps$KeySet                                           : loaded 2 times (x 137B)
Class com.google.common.collect.ImmutableSet$EmptySetBuilderImpl                      : loaded 2 times (x 76B)
Class com.google.common.cache.LocalCache$EntryFactory$7                               : loaded 2 times (x 83B)
Class com.google.common.collect.ImmutableList                                         : loaded 2 times (x 206B)
Class org.gradle.internal.service.DefaultServiceLocator                               : loaded 2 times (x 83B)
Class com.google.common.collect.Maps$EntrySet                                         : loaded 2 times (x 136B)
Class com.google.common.cache.LocalCache$EntryFactory$8                               : loaded 2 times (x 83B)
Class com.google.common.collect.ImmutableSet$SetBuilderImpl                           : loaded 2 times (x 76B)
Class org.gradle.internal.installation.CurrentGradleInstallation                      : loaded 2 times (x 73B)
Class com.google.common.cache.CacheLoader$1                                           : loaded 2 times (x 75B)
Class com.google.common.collect.ImmutableList$SubList                                 : loaded 2 times (x 209B)
Class org.gradle.util.internal.GUtil                                                  : loaded 2 times (x 71B)
Class kotlin.io.NoSuchFileException                                                   : loaded 2 times (x 82B)
Class kotlin.collections.CollectionsKt                                                : loaded 2 times (x 71B)
Class com.google.common.io.ByteSource                                                 : loaded 2 times (x 84B)
Class com.google.common.cache.AbstractCache$StatsCounter                              : loaded 2 times (x 70B)
Class com.google.common.collect.MapMakerInternalMap$1                                 : loaded 2 times (x 83B)
Class com.google.common.collect.Iterators$MergingIterator                             : loaded 2 times (x 81B)
Class com.google.common.collect.RegularImmutableSet                                   : loaded 2 times (x 149B)
Class org.gradle.internal.installation.GradleInstallation                             : loaded 2 times (x 75B)
Class kotlin.collections.CollectionsKt__IteratorsJVMKt$iterator$1                     : loaded 2 times (x 79B)
Class com.google.common.base.Splitter$Strategy                                        : loaded 2 times (x 70B)
Class com.google.common.collect.Iterables                                             : loaded 2 times (x 71B)
Class kotlin.jvm.KotlinReflectionNotSupportedError                                    : loaded 2 times (x 82B)
Class org.jetbrains.kotlin.com.intellij.openapi.diagnostic.DefaultLogger              : loaded 2 times (x 100B)

---------------  S Y S T E M  ---------------

OS:
 Windows 10 , 64 bit Build 19041 (10.0.19041.5915)
OS uptime: 0 days 14:05 hours
Hyper-V role detected

CPU: total 4 (initial active 4) (2 cores per cpu, 2 threads per core) family 6 model 126 stepping 5 microcode 0xca, cx8, cmov, fxsr, ht, mmx, 3dnowpref, sse, sse2, sse3, ssse3, sse4.1, sse4.2, popcnt, lzcnt, tsc, tscinvbit, avx, avx2, aes, erms, clmul, bmi1, bmi2, adx, avx512f, avx512dq, avx512cd, avx512bw, avx512vl, sha, fma, vzeroupper, avx512_vpopcntdq, avx512_vpclmulqdq, avx512_vaes, avx512_vnni, clflush, clflushopt, avx512_vbmi2, avx512_vbmi, hv, rdtscp, rdpid, fsrm, gfni, avx512_bitalg, f16c, avx512_ifma
Processor Information for the first 4 processors :
  Max Mhz: 1190, Current Mhz: 1190, Mhz Limit: 1190

Memory: 4k page, system-wide physical 3862M (126M free)
TotalPageFile size 15638M (AvailPageFile size 13M)
current process WorkingSet (physical memory assigned to process): 208M, peak: 506M
current process commit charge ("private bytes"): 861M, peak: 897M

vm_info: OpenJDK 64-Bit Server VM (21.0.9+-14787801-b1163.94) for windows-amd64 JRE (21.0.9+-14787801-b1163.94), built on 2026-01-27T21:15:44Z by "builder" with MS VC++ 16.10 / 16.11 (VS2019)

END.
